example_id,type,chunk_id,rank_pos,score,is_gold
5add1d575542992c1e3a2540,bridge,5,0,6.724514961242676,1
5add1d575542992c1e3a2540,bridge,3,1,4.319858551025391,0
5add1d575542992c1e3a2540,bridge,2,2,1.7683314085006714,0
5add1d575542992c1e3a2540,bridge,8,3,0.912889301776886,0
5add1d575542992c1e3a2540,bridge,6,4,0.7174547910690308,0
5add1d575542992c1e3a2540,bridge,4,5,0.36172860860824585,0
5add1d575542992c1e3a2540,bridge,1,6,-3.1596741676330566,0
5add1d575542992c1e3a2540,bridge,7,7,-4.081271171569824,0
5add1d575542992c1e3a2540,bridge,0,8,-5.565749168395996,0
5add1d575542992c1e3a2540,bridge,9,9,-10.681764602661133,1
5ac55ea55542993e66e82377,bridge,2,0,1.9389704465866089,0
5ac55ea55542993e66e82377,bridge,7,1,1.3323800563812256,1
5ac55ea55542993e66e82377,bridge,8,2,-3.8391332626342773,0
5ac55ea55542993e66e82377,bridge,6,3,-4.067885875701904,0
5ac55ea55542993e66e82377,bridge,0,4,-7.089475154876709,0
5ac55ea55542993e66e82377,bridge,9,5,-7.574954986572266,1
5ac55ea55542993e66e82377,bridge,5,6,-8.263410568237305,0
5ac55ea55542993e66e82377,bridge,4,7,-8.419685363769531,0
5ac55ea55542993e66e82377,bridge,1,8,-8.449339866638184,0
5ac55ea55542993e66e82377,bridge,3,9,-10.501654624938965,0
5ac3a76e554299741d48a2be,bridge,6,0,7.994699954986572,1
5ac3a76e554299741d48a2be,bridge,7,1,7.02528190612793,1
5ac3a76e554299741d48a2be,bridge,9,2,1.8456228971481323,0
5ac3a76e554299741d48a2be,bridge,0,3,1.3388333320617676,0
5ac3a76e554299741d48a2be,bridge,4,4,1.1038944721221924,0
5ac3a76e554299741d48a2be,bridge,3,5,0.585761308670044,0
5ac3a76e554299741d48a2be,bridge,5,6,0.2442805916070938,0
5ac3a76e554299741d48a2be,bridge,8,7,-2.796511173248291,0
5ac3a76e554299741d48a2be,bridge,2,8,-4.781839847564697,0
5ac3a76e554299741d48a2be,bridge,1,9,-7.598224639892578,0
5a7133565542994082a3e65c,bridge,5,0,4.2593231201171875,1
5a7133565542994082a3e65c,bridge,1,1,1.8886760473251343,1
5a7133565542994082a3e65c,bridge,7,2,-2.4313206672668457,0
5a7133565542994082a3e65c,bridge,8,3,-5.868840217590332,0
5a7133565542994082a3e65c,bridge,0,4,-9.983026504516602,0
5a7133565542994082a3e65c,bridge,2,5,-10.094212532043457,0
5a7133565542994082a3e65c,bridge,9,6,-10.19375228881836,0
5a7133565542994082a3e65c,bridge,3,7,-10.27275276184082,0
5a7133565542994082a3e65c,bridge,4,8,-10.281198501586914,0
5a7133565542994082a3e65c,bridge,6,9,-10.51057243347168,0
5ac1a4745542991316484b82,bridge,4,0,5.648529529571533,1
5ac1a4745542991316484b82,bridge,0,1,3.6596734523773193,0
5ac1a4745542991316484b82,bridge,1,2,0.37668657302856445,0
5ac1a4745542991316484b82,bridge,5,3,-0.27914974093437195,0
5ac1a4745542991316484b82,bridge,3,4,-0.6022440791130066,1
5ac1a4745542991316484b82,bridge,8,5,-0.882494330406189,0
5ac1a4745542991316484b82,bridge,7,6,-2.0218381881713867,0
5ac1a4745542991316484b82,bridge,2,7,-2.1233150959014893,0
5ac1a4745542991316484b82,bridge,9,8,-3.254779100418091,0
5ac1a4745542991316484b82,bridge,6,9,-5.622649192810059,0
5adc597d55429947ff17392f,bridge,9,0,7.204751968383789,1
5adc597d55429947ff17392f,bridge,6,1,2.3447482585906982,0
5adc597d55429947ff17392f,bridge,8,2,2.123152494430542,0
5adc597d55429947ff17392f,bridge,3,3,0.7581049799919128,0
5adc597d55429947ff17392f,bridge,5,4,0.5569044947624207,0
5adc597d55429947ff17392f,bridge,0,5,0.4392046630382538,0
5adc597d55429947ff17392f,bridge,1,6,0.19686387479305267,0
5adc597d55429947ff17392f,bridge,4,7,-2.515312671661377,1
5adc597d55429947ff17392f,bridge,7,8,-3.2553863525390625,0
5adc597d55429947ff17392f,bridge,2,9,-6.036349296569824,0
5ac55e835542993e66e82375,bridge,1,0,8.185423851013184,1
5ac55e835542993e66e82375,bridge,3,1,4.191556930541992,1
5ac55e835542993e66e82375,bridge,7,2,3.8510944843292236,0
5ac55e835542993e66e82375,bridge,0,3,3.8393640518188477,0
5ac55e835542993e66e82375,bridge,5,4,3.5148332118988037,0
5ac55e835542993e66e82375,bridge,8,5,2.5724985599517822,0
5ac55e835542993e66e82375,bridge,2,6,2.0153050422668457,0
5ac55e835542993e66e82375,bridge,9,7,0.19907322525978088,0
5ac55e835542993e66e82375,bridge,6,8,0.09400520473718643,0
5ac55e835542993e66e82375,bridge,4,9,-2.9612841606140137,0
5a8d9e0f554299441c6ba015,bridge,8,0,5.747931480407715,1
5a8d9e0f554299441c6ba015,bridge,4,1,3.3803045749664307,1
5a8d9e0f554299441c6ba015,bridge,2,2,2.7042007446289062,0
5a8d9e0f554299441c6ba015,bridge,5,3,2.699157238006592,0
5a8d9e0f554299441c6ba015,bridge,3,4,2.5952694416046143,0
5a8d9e0f554299441c6ba015,bridge,9,5,2.0790443420410156,0
5a8d9e0f554299441c6ba015,bridge,6,6,1.5713763236999512,0
5a8d9e0f554299441c6ba015,bridge,0,7,1.5653419494628906,0
5a8d9e0f554299441c6ba015,bridge,7,8,1.4577304124832153,0
5a8d9e0f554299441c6ba015,bridge,1,9,-0.050061874091625214,0
5ae70ed7554299572ea546a1,bridge,0,0,6.404790878295898,1
5ae70ed7554299572ea546a1,bridge,8,1,0.6752825975418091,0
5ae70ed7554299572ea546a1,bridge,5,2,-0.28573551774024963,0
5ae70ed7554299572ea546a1,bridge,1,3,-0.9645398855209351,1
5ae70ed7554299572ea546a1,bridge,3,4,-0.9794911742210388,0
5ae70ed7554299572ea546a1,bridge,9,5,-1.205518364906311,0
5ae70ed7554299572ea546a1,bridge,7,6,-2.4922471046447754,0
5ae70ed7554299572ea546a1,bridge,4,7,-4.950653076171875,0
5ae70ed7554299572ea546a1,bridge,2,8,-5.986618995666504,0
5ae70ed7554299572ea546a1,bridge,6,9,-6.239819526672363,0
5a74a8fa55429929fddd8497,bridge,5,0,3.776411771774292,1
5a74a8fa55429929fddd8497,bridge,8,1,1.2308204174041748,0
5a74a8fa55429929fddd8497,bridge,9,2,0.5005578994750977,0
5a74a8fa55429929fddd8497,bridge,7,3,-0.5900917649269104,0
5a74a8fa55429929fddd8497,bridge,4,4,-1.6878457069396973,0
5a74a8fa55429929fddd8497,bridge,3,5,-3.899139404296875,1
5a74a8fa55429929fddd8497,bridge,0,6,-4.034708023071289,0
5a74a8fa55429929fddd8497,bridge,2,7,-4.7759175300598145,0
5a74a8fa55429929fddd8497,bridge,6,8,-5.137321949005127,0
5a74a8fa55429929fddd8497,bridge,1,9,-5.503269672393799,0
5a7cb94f554299683c1c6353,bridge,7,0,0.9564376473426819,1
5a7cb94f554299683c1c6353,bridge,9,1,-2.9247186183929443,0
5a7cb94f554299683c1c6353,bridge,4,2,-5.012179374694824,0
5a7cb94f554299683c1c6353,bridge,1,3,-5.568999290466309,1
5a7cb94f554299683c1c6353,bridge,2,4,-5.78702449798584,0
5a7cb94f554299683c1c6353,bridge,8,5,-6.137441158294678,0
5a7cb94f554299683c1c6353,bridge,5,6,-6.474313735961914,0
5a7cb94f554299683c1c6353,bridge,0,7,-7.444284439086914,0
5a7cb94f554299683c1c6353,bridge,3,8,-7.562330722808838,0
5a7cb94f554299683c1c6353,bridge,6,9,-7.790867328643799,0
5ab874ba5542990e739ec904,bridge,1,0,4.745902061462402,1
5ab874ba5542990e739ec904,bridge,6,1,2.5325050354003906,1
5ab874ba5542990e739ec904,bridge,2,2,-1.395431637763977,0
5ab874ba5542990e739ec904,bridge,0,3,-2.085378408432007,0
5ab874ba5542990e739ec904,bridge,5,4,-2.217339515686035,0
5ab874ba5542990e739ec904,bridge,4,5,-3.1706368923187256,0
5ab874ba5542990e739ec904,bridge,9,6,-3.6737351417541504,0
5ab874ba5542990e739ec904,bridge,3,7,-3.868553400039673,0
5ab874ba5542990e739ec904,bridge,7,8,-4.7547407150268555,0
5ab874ba5542990e739ec904,bridge,8,9,-5.59422492980957,0
5ae3a8985542992f92d82329,bridge,9,0,9.199248313903809,1
5ae3a8985542992f92d82329,bridge,7,1,3.2518677711486816,0
5ae3a8985542992f92d82329,bridge,6,2,-0.26974910497665405,0
5ae3a8985542992f92d82329,bridge,4,3,-0.6323946118354797,0
5ae3a8985542992f92d82329,bridge,1,4,-1.0904741287231445,0
5ae3a8985542992f92d82329,bridge,8,5,-1.5691125392913818,0
5ae3a8985542992f92d82329,bridge,3,6,-3.905609607696533,0
5ae3a8985542992f92d82329,bridge,2,7,-5.744305610656738,0
5ae3a8985542992f92d82329,bridge,5,8,-6.886612415313721,0
5ae3a8985542992f92d82329,bridge,0,9,-9.517346382141113,1
5ac39f7b554299218029dbe7,bridge,2,0,7.39753532409668,1
5ac39f7b554299218029dbe7,bridge,1,1,-1.6398905515670776,0
5ac39f7b554299218029dbe7,bridge,7,2,-1.9485628604888916,1
5ac39f7b554299218029dbe7,bridge,8,3,-2.2858035564422607,0
5ac39f7b554299218029dbe7,bridge,4,4,-4.435632228851318,0
5ac39f7b554299218029dbe7,bridge,3,5,-7.891973495483398,0
5ac39f7b554299218029dbe7,bridge,6,6,-8.041625022888184,0
5ac39f7b554299218029dbe7,bridge,5,7,-8.191433906555176,0
5ac39f7b554299218029dbe7,bridge,9,8,-8.265222549438477,0
5ac39f7b554299218029dbe7,bridge,0,9,-8.448355674743652,0
5ae27b535542996483e649b6,bridge,1,0,7.486287593841553,1
5ae27b535542996483e649b6,bridge,3,1,6.252306938171387,1
5ae27b535542996483e649b6,bridge,9,2,-2.6806230545043945,0
5ae27b535542996483e649b6,bridge,8,3,-3.1446282863616943,0
5ae27b535542996483e649b6,bridge,4,4,-3.1920456886291504,0
5ae27b535542996483e649b6,bridge,5,5,-4.259413719177246,0
5ae27b535542996483e649b6,bridge,0,6,-5.112504959106445,0
5ae27b535542996483e649b6,bridge,6,7,-5.77454948425293,0
5ae27b535542996483e649b6,bridge,7,8,-7.3255157470703125,0
5ae27b535542996483e649b6,bridge,2,9,-8.03728199005127,0
5a7331de5542994cef4bc4a8,bridge,5,0,4.254662990570068,1
5a7331de5542994cef4bc4a8,bridge,4,1,1.7087881565093994,1
5a7331de5542994cef4bc4a8,bridge,1,2,-2.2293198108673096,0
5a7331de5542994cef4bc4a8,bridge,3,3,-2.450624942779541,0
5a7331de5542994cef4bc4a8,bridge,7,4,-2.6944074630737305,0
5a7331de5542994cef4bc4a8,bridge,2,5,-4.1184821128845215,0
5a7331de5542994cef4bc4a8,bridge,6,6,-4.942636013031006,0
5a7331de5542994cef4bc4a8,bridge,8,7,-4.998327255249023,0
5a7331de5542994cef4bc4a8,bridge,0,8,-6.105695724487305,0
5a7331de5542994cef4bc4a8,bridge,9,9,-7.554417610168457,0
5ac15de55542991316484afb,comparison,7,0,4.842438220977783,1
5ac15de55542991316484afb,comparison,5,1,2.483649253845215,1
5ac15de55542991316484afb,comparison,2,2,-0.8390092849731445,0
5ac15de55542991316484afb,comparison,4,3,-1.7856438159942627,0
5ac15de55542991316484afb,comparison,6,4,-2.8554718494415283,0
5ac15de55542991316484afb,comparison,8,5,-3.683129072189331,0
5ac15de55542991316484afb,comparison,3,6,-3.9887752532958984,0
5ac15de55542991316484afb,comparison,0,7,-5.367574691772461,0
5ac15de55542991316484afb,comparison,9,8,-5.398732662200928,0
5ac15de55542991316484afb,comparison,1,9,-5.951438903808594,0
5a7c6c9d554299683c1c6302,bridge,4,0,5.3643059730529785,1
5a7c6c9d554299683c1c6302,bridge,8,1,4.818307399749756,0
5a7c6c9d554299683c1c6302,bridge,7,2,3.37758469581604,0
5a7c6c9d554299683c1c6302,bridge,3,3,3.3142707347869873,0
5a7c6c9d554299683c1c6302,bridge,1,4,3.154930353164673,0
5a7c6c9d554299683c1c6302,bridge,6,5,2.754901170730591,0
5a7c6c9d554299683c1c6302,bridge,5,6,2.006864309310913,0
5a7c6c9d554299683c1c6302,bridge,2,7,-0.781648576259613,0
5a7c6c9d554299683c1c6302,bridge,9,8,-4.338871955871582,0
5a7c6c9d554299683c1c6302,bridge,0,9,-10.697131156921387,1
5ae6363b55429929b0807af0,bridge,9,0,9.242209434509277,1
5ae6363b55429929b0807af0,bridge,6,1,8.437420845031738,0
5ae6363b55429929b0807af0,bridge,1,2,8.363764762878418,0
5ae6363b55429929b0807af0,bridge,5,3,8.357206344604492,0
5ae6363b55429929b0807af0,bridge,4,4,8.13772201538086,0
5ae6363b55429929b0807af0,bridge,8,5,7.835822105407715,0
5ae6363b55429929b0807af0,bridge,0,6,6.8522539138793945,0
5ae6363b55429929b0807af0,bridge,2,7,6.83017635345459,0
5ae6363b55429929b0807af0,bridge,7,8,6.586551666259766,0
5ae6363b55429929b0807af0,bridge,3,9,-2.087867021560669,1
5a8cea40554299441c6b9f76,comparison,5,0,6.067051887512207,1
5a8cea40554299441c6b9f76,comparison,3,1,5.108485698699951,1
5a8cea40554299441c6b9f76,comparison,8,2,2.2959439754486084,0
5a8cea40554299441c6b9f76,comparison,2,3,2.288926839828491,0
5a8cea40554299441c6b9f76,comparison,1,4,0.8833786845207214,0
5a8cea40554299441c6b9f76,comparison,0,5,-0.49166128039360046,0
5a8cea40554299441c6b9f76,comparison,7,6,-1.1214791536331177,0
5a8cea40554299441c6b9f76,comparison,4,7,-1.3772903680801392,0
5a8cea40554299441c6b9f76,comparison,9,8,-1.6858927011489868,0
5a8cea40554299441c6b9f76,comparison,6,9,-2.614874839782715,0
5ab5ecd75542992aa134a3e6,bridge,2,0,6.5815229415893555,1
5ab5ecd75542992aa134a3e6,bridge,4,1,3.955655813217163,1
5ab5ecd75542992aa134a3e6,bridge,0,2,3.273029088973999,0
5ab5ecd75542992aa134a3e6,bridge,8,3,1.4701008796691895,0
5ab5ecd75542992aa134a3e6,bridge,3,4,1.007033109664917,0
5ab5ecd75542992aa134a3e6,bridge,5,5,0.857016384601593,0
5ab5ecd75542992aa134a3e6,bridge,7,6,0.6363469958305359,0
5ab5ecd75542992aa134a3e6,bridge,6,7,-1.4090375900268555,0
5ab5ecd75542992aa134a3e6,bridge,1,8,-1.8353283405303955,0
5ab5ecd75542992aa134a3e6,bridge,9,9,-6.001007080078125,0
5a84c5545542991dd0999dee,bridge,2,0,4.725405216217041,1
5a84c5545542991dd0999dee,bridge,6,1,-6.250604629516602,0
5a84c5545542991dd0999dee,bridge,4,2,-6.8889241218566895,0
5a84c5545542991dd0999dee,bridge,0,3,-6.975580215454102,0
5a84c5545542991dd0999dee,bridge,7,4,-7.963074684143066,0
5a84c5545542991dd0999dee,bridge,3,5,-8.041641235351562,0
5a84c5545542991dd0999dee,bridge,5,6,-8.07341480255127,0
5a84c5545542991dd0999dee,bridge,8,7,-8.704010009765625,1
5a84c5545542991dd0999dee,bridge,1,8,-8.760885238647461,0
5a84c5545542991dd0999dee,bridge,9,9,-9.648503303527832,0
5adeacf955429975fa854f66,bridge,3,0,6.289682865142822,1
5adeacf955429975fa854f66,bridge,1,1,-4.134600639343262,0
5adeacf955429975fa854f66,bridge,8,2,-6.276580333709717,0
5adeacf955429975fa854f66,bridge,0,3,-7.11299991607666,1
5adeacf955429975fa854f66,bridge,7,4,-7.1552534103393555,0
5adeacf955429975fa854f66,bridge,2,5,-7.470677852630615,0
5adeacf955429975fa854f66,bridge,6,6,-7.532187461853027,0
5adeacf955429975fa854f66,bridge,9,7,-8.650747299194336,0
5adeacf955429975fa854f66,bridge,4,8,-10.324227333068848,0
5adeacf955429975fa854f66,bridge,5,9,-10.359604835510254,0
5a8ce15d554299653c1aa12f,comparison,8,0,3.581650733947754,1
5a8ce15d554299653c1aa12f,comparison,4,1,0.26495039463043213,0
5a8ce15d554299653c1aa12f,comparison,0,2,-1.3998574018478394,1
5a8ce15d554299653c1aa12f,comparison,9,3,-2.66251540184021,0
5a8ce15d554299653c1aa12f,comparison,7,4,-2.9213616847991943,0
5a8ce15d554299653c1aa12f,comparison,3,5,-4.26952600479126,0
5a8ce15d554299653c1aa12f,comparison,5,6,-4.556539058685303,0
5a8ce15d554299653c1aa12f,comparison,2,7,-4.798216342926025,0
5a8ce15d554299653c1aa12f,comparison,6,8,-5.292423248291016,0
5a8ce15d554299653c1aa12f,comparison,1,9,-5.702359199523926,0
5ade4da055429939a52fe878,bridge,6,0,9.002161026000977,1
5ade4da055429939a52fe878,bridge,7,1,5.975576400756836,0
5ade4da055429939a52fe878,bridge,1,2,4.9030375480651855,0
5ade4da055429939a52fe878,bridge,5,3,2.3903968334198,0
5ade4da055429939a52fe878,bridge,2,4,2.2204689979553223,1
5ade4da055429939a52fe878,bridge,0,5,2.116429090499878,0
5ade4da055429939a52fe878,bridge,8,6,1.7473881244659424,0
5ade4da055429939a52fe878,bridge,4,7,1.2604923248291016,0
5ade4da055429939a52fe878,bridge,9,8,-0.5054337382316589,0
5ade4da055429939a52fe878,bridge,3,9,-2.9425902366638184,0
5ab2a186554299295394677b,bridge,4,0,5.099056243896484,1
5ab2a186554299295394677b,bridge,5,1,3.0320022106170654,1
5ab2a186554299295394677b,bridge,6,2,-0.6511114239692688,0
5ab2a186554299295394677b,bridge,9,3,-0.8118929266929626,0
5ab2a186554299295394677b,bridge,2,4,-1.4579434394836426,0
5ab2a186554299295394677b,bridge,3,5,-2.635240077972412,0
5ab2a186554299295394677b,bridge,7,6,-4.196420669555664,0
5ab2a186554299295394677b,bridge,1,7,-5.464177131652832,0
5ab2a186554299295394677b,bridge,0,8,-6.3547892570495605,0
5ab2a186554299295394677b,bridge,8,9,-6.621822357177734,0
5ade66e1554299728e26c713,bridge,3,0,5.325372695922852,1
5ade66e1554299728e26c713,bridge,1,1,3.9391891956329346,1
5ade66e1554299728e26c713,bridge,5,2,0.5160157680511475,0
5ade66e1554299728e26c713,bridge,2,3,-2.120112419128418,0
5ade66e1554299728e26c713,bridge,7,4,-2.224994421005249,0
5ade66e1554299728e26c713,bridge,6,5,-5.7284088134765625,0
5ade66e1554299728e26c713,bridge,0,6,-6.301650524139404,0
5ade66e1554299728e26c713,bridge,9,7,-7.901028156280518,0
5ade66e1554299728e26c713,bridge,8,8,-9.473067283630371,0
5ade66e1554299728e26c713,bridge,4,9,-9.782500267028809,0
5a7c634c55429907fabeef79,comparison,4,0,3.833373546600342,1
5a7c634c55429907fabeef79,comparison,5,1,3.096412181854248,1
5a7c634c55429907fabeef79,comparison,8,2,-1.4738492965698242,0
5a7c634c55429907fabeef79,comparison,1,3,-1.539960503578186,0
5a7c634c55429907fabeef79,comparison,3,4,-2.2581429481506348,0
5a7c634c55429907fabeef79,comparison,7,5,-2.3728792667388916,0
5a7c634c55429907fabeef79,comparison,2,6,-3.046485185623169,0
5a7c634c55429907fabeef79,comparison,0,7,-3.7369582653045654,0
5a7c634c55429907fabeef79,comparison,6,8,-4.535675048828125,0
5a7c634c55429907fabeef79,comparison,9,9,-5.826136589050293,0
5ae13f3c5542997b2ef7d168,bridge,0,0,2.5275681018829346,1
5ae13f3c5542997b2ef7d168,bridge,4,1,-1.817819595336914,0
5ae13f3c5542997b2ef7d168,bridge,2,2,-2.254295825958252,0
5ae13f3c5542997b2ef7d168,bridge,9,3,-2.7778735160827637,1
5ae13f3c5542997b2ef7d168,bridge,8,4,-4.070083141326904,0
5ae13f3c5542997b2ef7d168,bridge,6,5,-5.540058612823486,0
5ae13f3c5542997b2ef7d168,bridge,3,6,-6.051856994628906,0
5ae13f3c5542997b2ef7d168,bridge,1,7,-7.593682765960693,0
5ae13f3c5542997b2ef7d168,bridge,7,8,-10.28644847869873,0
5ae13f3c5542997b2ef7d168,bridge,5,9,-11.06641674041748,0
5ae17cd055429901ffe4aea3,comparison,5,0,4.168797016143799,1
5ae17cd055429901ffe4aea3,comparison,7,1,2.29900860786438,0
5ae17cd055429901ffe4aea3,comparison,6,2,0.8565660119056702,1
5ae17cd055429901ffe4aea3,comparison,4,3,0.4917632043361664,0
5ae17cd055429901ffe4aea3,comparison,1,4,-3.001448392868042,0
5ae17cd055429901ffe4aea3,comparison,3,5,-4.422162055969238,0
5ae17cd055429901ffe4aea3,comparison,2,6,-4.695974349975586,0
5ae17cd055429901ffe4aea3,comparison,8,7,-5.248876571655273,0
5ae17cd055429901ffe4aea3,comparison,9,8,-5.354702472686768,0
5ae17cd055429901ffe4aea3,comparison,0,9,-6.277853012084961,0
5ae7940c55429952e35ea984,bridge,4,0,9.11197566986084,1
5ae7940c55429952e35ea984,bridge,9,1,8.122576713562012,0
5ae7940c55429952e35ea984,bridge,3,2,6.868139743804932,0
5ae7940c55429952e35ea984,bridge,2,3,6.408908843994141,0
5ae7940c55429952e35ea984,bridge,0,4,5.0314459800720215,0
5ae7940c55429952e35ea984,bridge,6,5,4.532601833343506,1
5ae7940c55429952e35ea984,bridge,1,6,3.6478304862976074,0
5ae7940c55429952e35ea984,bridge,8,7,0.5314023494720459,0
5ae7940c55429952e35ea984,bridge,7,8,-0.07122794538736343,0
5ae7940c55429952e35ea984,bridge,5,9,-4.344229221343994,0
5a7296815542991f9a20c515,comparison,6,0,8.029410362243652,0
5a7296815542991f9a20c515,comparison,1,1,7.371372699737549,1
5a7296815542991f9a20c515,comparison,8,2,1.828794240951538,0
5a7296815542991f9a20c515,comparison,0,3,-0.9030212759971619,0
5a7296815542991f9a20c515,comparison,4,4,-2.2340071201324463,1
5a7296815542991f9a20c515,comparison,5,5,-3.4563639163970947,0
5a7296815542991f9a20c515,comparison,9,6,-3.5545642375946045,0
5a7296815542991f9a20c515,comparison,3,7,-6.9677228927612305,0
5a7296815542991f9a20c515,comparison,2,8,-7.68652868270874,0
5a7296815542991f9a20c515,comparison,7,9,-8.576475143432617,0
5ab2e8ad554299340b525562,bridge,0,0,8.86351203918457,1
5ab2e8ad554299340b525562,bridge,7,1,4.978438854217529,0
5ab2e8ad554299340b525562,bridge,4,2,4.543514728546143,0
5ab2e8ad554299340b525562,bridge,8,3,4.005484104156494,1
5ab2e8ad554299340b525562,bridge,1,4,3.777142286300659,0
5ab2e8ad554299340b525562,bridge,6,5,3.303419351577759,0
5ab2e8ad554299340b525562,bridge,5,6,2.4786202907562256,0
5ab2e8ad554299340b525562,bridge,3,7,-2.9567489624023438,0
5ab2e8ad554299340b525562,bridge,2,8,-3.535817861557007,0
5ab2e8ad554299340b525562,bridge,9,9,-6.525609493255615,0
5a89b1de5542992e4fca8378,bridge,9,0,2.986781358718872,1
5a89b1de5542992e4fca8378,bridge,6,1,-2.7667672634124756,1
5a89b1de5542992e4fca8378,bridge,7,2,-6.466671466827393,0
5a89b1de5542992e4fca8378,bridge,0,3,-6.771070957183838,0
5a89b1de5542992e4fca8378,bridge,1,4,-6.786073207855225,0
5a89b1de5542992e4fca8378,bridge,5,5,-6.892212867736816,0
5a89b1de5542992e4fca8378,bridge,4,6,-7.017684459686279,0
5a89b1de5542992e4fca8378,bridge,3,7,-7.208493709564209,0
5a89b1de5542992e4fca8378,bridge,8,8,-7.270669460296631,0
5a89b1de5542992e4fca8378,bridge,2,9,-7.91827392578125,0
5ab78edc5542995dae37e95c,bridge,5,0,6.411604881286621,1
5ab78edc5542995dae37e95c,bridge,8,1,2.2876954078674316,0
5ab78edc5542995dae37e95c,bridge,7,2,0.569567859172821,0
5ab78edc5542995dae37e95c,bridge,0,3,0.3212423026561737,0
5ab78edc5542995dae37e95c,bridge,3,4,-1.7117654085159302,0
5ab78edc5542995dae37e95c,bridge,1,5,-3.3067708015441895,0
5ab78edc5542995dae37e95c,bridge,6,6,-3.804058074951172,0
5ab78edc5542995dae37e95c,bridge,9,7,-4.650961875915527,0
5ab78edc5542995dae37e95c,bridge,4,8,-7.320008277893066,0
5ab78edc5542995dae37e95c,bridge,2,9,-8.525347709655762,1
5ae73acb5542991e8301cc07,bridge,8,0,3.433809280395508,1
5ae73acb5542991e8301cc07,bridge,7,1,-1.9788694381713867,1
5ae73acb5542991e8301cc07,bridge,3,2,-6.094325065612793,0
5ae73acb5542991e8301cc07,bridge,4,3,-7.078181743621826,0
5ae73acb5542991e8301cc07,bridge,1,4,-9.515216827392578,0
5ae73acb5542991e8301cc07,bridge,5,5,-9.804725646972656,0
5ae73acb5542991e8301cc07,bridge,2,6,-9.87114143371582,0
5ae73acb5542991e8301cc07,bridge,9,7,-10.364145278930664,0
5ae73acb5542991e8301cc07,bridge,6,8,-10.740558624267578,0
5ae73acb5542991e8301cc07,bridge,0,9,-11.025565147399902,0
5a8257fa55429940e5e1a866,bridge,4,0,4.60418176651001,1
5a8257fa55429940e5e1a866,bridge,2,1,3.684997797012329,1
5a8257fa55429940e5e1a866,bridge,1,2,3.6503031253814697,0
5a8257fa55429940e5e1a866,bridge,0,3,2.4101505279541016,0
5a8257fa55429940e5e1a866,bridge,3,4,2.1568398475646973,0
5a8257fa55429940e5e1a866,bridge,8,5,1.9841256141662598,0
5a8257fa55429940e5e1a866,bridge,7,6,0.5418990850448608,0
5a8257fa55429940e5e1a866,bridge,5,7,-6.231688976287842,0
5a8257fa55429940e5e1a866,bridge,6,8,-7.167779445648193,0
5a8257fa55429940e5e1a866,bridge,9,9,-7.948861598968506,0
5a8d8e4f5542994ba4e3dca7,bridge,5,0,6.190649509429932,1
5a8d8e4f5542994ba4e3dca7,bridge,3,1,3.4139411449432373,1
5a8d8e4f5542994ba4e3dca7,bridge,7,2,-4.508575439453125,0
5a8d8e4f5542994ba4e3dca7,bridge,4,3,-5.120680809020996,0
5a8d8e4f5542994ba4e3dca7,bridge,2,4,-5.514509201049805,0
5a8d8e4f5542994ba4e3dca7,bridge,9,5,-5.605050563812256,0
5a8d8e4f5542994ba4e3dca7,bridge,8,6,-5.712169170379639,0
5a8d8e4f5542994ba4e3dca7,bridge,0,7,-5.840278148651123,0
5a8d8e4f5542994ba4e3dca7,bridge,1,8,-6.058733940124512,0
5a8d8e4f5542994ba4e3dca7,bridge,6,9,-6.059382915496826,0
5a8a07725542992d82986e5b,bridge,8,0,5.093077659606934,1
5a8a07725542992d82986e5b,bridge,4,1,2.2204461097717285,0
5a8a07725542992d82986e5b,bridge,9,2,1.296355962753296,0
5a8a07725542992d82986e5b,bridge,5,3,-1.2524924278259277,1
5a8a07725542992d82986e5b,bridge,0,4,-3.1439855098724365,0
5a8a07725542992d82986e5b,bridge,7,5,-3.445369243621826,0
5a8a07725542992d82986e5b,bridge,6,6,-6.367639541625977,0
5a8a07725542992d82986e5b,bridge,1,7,-6.71055269241333,0
5a8a07725542992d82986e5b,bridge,2,8,-6.882490634918213,0
5a8a07725542992d82986e5b,bridge,3,9,-6.985235691070557,0
5a79fac85542996c55b2dcc1,bridge,0,0,8.494023323059082,1
5a79fac85542996c55b2dcc1,bridge,4,1,-3.043826103210449,0
5a79fac85542996c55b2dcc1,bridge,2,2,-3.4517414569854736,0
5a79fac85542996c55b2dcc1,bridge,7,3,-4.400143623352051,0
5a79fac85542996c55b2dcc1,bridge,8,4,-4.981145858764648,0
5a79fac85542996c55b2dcc1,bridge,9,5,-5.159089088439941,0
5a79fac85542996c55b2dcc1,bridge,1,6,-5.898612022399902,0
5a79fac85542996c55b2dcc1,bridge,5,7,-6.898834705352783,0
5a79fac85542996c55b2dcc1,bridge,3,8,-7.1753010749816895,0
5a79fac85542996c55b2dcc1,bridge,6,9,-10.277749061584473,1
5a81537355429926c1cdad20,bridge,3,0,7.089786052703857,1
5a81537355429926c1cdad20,bridge,2,1,5.205839157104492,0
5a81537355429926c1cdad20,bridge,8,2,1.7923232316970825,1
5a81537355429926c1cdad20,bridge,7,3,0.6487224698066711,0
5a81537355429926c1cdad20,bridge,5,4,0.26730653643608093,0
5a81537355429926c1cdad20,bridge,0,5,-0.32953131198883057,0
5a81537355429926c1cdad20,bridge,9,6,-0.7047265768051147,0
5a81537355429926c1cdad20,bridge,1,7,-1.3458839654922485,0
5a81537355429926c1cdad20,bridge,6,8,-1.7588934898376465,0
5a81537355429926c1cdad20,bridge,4,9,-3.5207626819610596,0
5a721d5a55429971e9dc9283,bridge,6,0,5.136528968811035,1
5a721d5a55429971e9dc9283,bridge,8,1,0.8615564703941345,1
5a721d5a55429971e9dc9283,bridge,1,2,-0.46003350615501404,0
5a721d5a55429971e9dc9283,bridge,2,3,-1.4608261585235596,0
5a721d5a55429971e9dc9283,bridge,3,4,-2.8927175998687744,0
5a721d5a55429971e9dc9283,bridge,9,5,-3.203864574432373,0
5a721d5a55429971e9dc9283,bridge,5,6,-6.718898296356201,0
5a721d5a55429971e9dc9283,bridge,4,7,-6.76577615737915,0
5a721d5a55429971e9dc9283,bridge,0,8,-7.262744426727295,0
5a721d5a55429971e9dc9283,bridge,7,9,-9.15187931060791,0
5a7aa2a255429941d65f270e,comparison,1,0,3.778573989868164,1
5a7aa2a255429941d65f270e,comparison,8,1,2.9783742427825928,1
5a7aa2a255429941d65f270e,comparison,0,2,-3.236154794692993,0
5a7aa2a255429941d65f270e,comparison,5,3,-3.5979483127593994,0
5a7aa2a255429941d65f270e,comparison,4,4,-3.622549057006836,0
5a7aa2a255429941d65f270e,comparison,3,5,-4.350036144256592,0
5a7aa2a255429941d65f270e,comparison,2,6,-4.818353652954102,0
5a7aa2a255429941d65f270e,comparison,7,7,-7.420334339141846,0
5a7aa2a255429941d65f270e,comparison,9,8,-7.791207313537598,0
5a7aa2a255429941d65f270e,comparison,6,9,-7.901098251342773,0
5abe6f8455429965af743f03,bridge,7,0,3.026681423187256,1
5abe6f8455429965af743f03,bridge,2,1,-0.7370753884315491,1
5abe6f8455429965af743f03,bridge,9,2,-4.072381019592285,0
5abe6f8455429965af743f03,bridge,0,3,-4.348198413848877,0
5abe6f8455429965af743f03,bridge,1,4,-6.83964204788208,0
5abe6f8455429965af743f03,bridge,3,5,-8.600578308105469,0
5abe6f8455429965af743f03,bridge,6,6,-8.74163818359375,0
5abe6f8455429965af743f03,bridge,8,7,-9.76094913482666,0
5abe6f8455429965af743f03,bridge,5,8,-9.806480407714844,0
5abe6f8455429965af743f03,bridge,4,9,-10.141815185546875,0
5ae7257a554299572ea54731,bridge,0,0,5.89487886428833,1
5ae7257a554299572ea54731,bridge,8,1,5.775517463684082,1
5ae7257a554299572ea54731,bridge,7,2,-2.6066439151763916,0
5ae7257a554299572ea54731,bridge,9,3,-3.3844783306121826,0
5ae7257a554299572ea54731,bridge,5,4,-3.6600921154022217,0
5ae7257a554299572ea54731,bridge,2,5,-4.8788161277771,0
5ae7257a554299572ea54731,bridge,1,6,-4.887922286987305,0
5ae7257a554299572ea54731,bridge,4,7,-6.01130485534668,0
5ae7257a554299572ea54731,bridge,3,8,-7.38178014755249,0
5ae7257a554299572ea54731,bridge,6,9,-10.104537010192871,0
5ac0e0e25542997d64295a6f,bridge,0,0,7.337075710296631,1
5ac0e0e25542997d64295a6f,bridge,5,1,-0.396812379360199,0
5ac0e0e25542997d64295a6f,bridge,4,2,-5.848430156707764,0
5ac0e0e25542997d64295a6f,bridge,2,3,-5.94935417175293,0
5ac0e0e25542997d64295a6f,bridge,3,4,-6.595369815826416,0
5ac0e0e25542997d64295a6f,bridge,1,5,-8.118254661560059,0
5ac0e0e25542997d64295a6f,bridge,8,6,-8.324471473693848,0
5ac0e0e25542997d64295a6f,bridge,9,7,-8.607856750488281,0
5ac0e0e25542997d64295a6f,bridge,6,8,-8.871496200561523,1
5ac0e0e25542997d64295a6f,bridge,7,9,-9.312015533447266,0
5a72688c5542997f827839b2,comparison,8,0,4.711671352386475,1
5a72688c5542997f827839b2,comparison,7,1,2.586366891860962,1
5a72688c5542997f827839b2,comparison,3,2,-0.03420757129788399,0
5a72688c5542997f827839b2,comparison,0,3,-0.1907646209001541,0
5a72688c5542997f827839b2,comparison,2,4,-0.4494163691997528,0
5a72688c5542997f827839b2,comparison,5,5,-0.7457029223442078,0
5a72688c5542997f827839b2,comparison,4,6,-0.7975975275039673,0
5a72688c5542997f827839b2,comparison,6,7,-1.5949852466583252,0
5a72688c5542997f827839b2,comparison,9,8,-1.6519262790679932,0
5a72688c5542997f827839b2,comparison,1,9,-1.7489842176437378,0
5adea0c5554299728e26c776,comparison,1,0,3.224588394165039,1
5adea0c5554299728e26c776,comparison,6,1,-0.02815362438559532,1
5adea0c5554299728e26c776,comparison,9,2,-5.749278545379639,0
5adea0c5554299728e26c776,comparison,3,3,-6.124322414398193,0
5adea0c5554299728e26c776,comparison,7,4,-6.183440208435059,0
5adea0c5554299728e26c776,comparison,2,5,-6.741456031799316,0
5adea0c5554299728e26c776,comparison,5,6,-6.760967254638672,0
5adea0c5554299728e26c776,comparison,8,7,-7.090092182159424,0
5adea0c5554299728e26c776,comparison,0,8,-8.72200870513916,0
5adea0c5554299728e26c776,comparison,4,9,-8.8970947265625,0
5ab8372255429919ba4e226b,bridge,0,0,5.845886707305908,1
5ab8372255429919ba4e226b,bridge,4,1,1.7928600311279297,1
5ab8372255429919ba4e226b,bridge,3,2,1.2274802923202515,0
5ab8372255429919ba4e226b,bridge,6,3,0.8520698547363281,0
5ab8372255429919ba4e226b,bridge,9,4,-0.12320399284362793,0
5ab8372255429919ba4e226b,bridge,8,5,-0.6142884492874146,0
5ab8372255429919ba4e226b,bridge,7,6,-1.195613980293274,0
5ab8372255429919ba4e226b,bridge,1,7,-2.121304750442505,0
5ab8372255429919ba4e226b,bridge,2,8,-2.4918479919433594,0
5ab8372255429919ba4e226b,bridge,5,9,-5.288114547729492,0
5ac0e064554299012d1db64e,bridge,0,0,-3.116234302520752,1
5ac0e064554299012d1db64e,bridge,1,1,-4.22816276550293,0
5ac0e064554299012d1db64e,bridge,8,2,-5.573477745056152,0
5ac0e064554299012d1db64e,bridge,6,3,-5.581057071685791,1
5ac0e064554299012d1db64e,bridge,5,4,-6.934191703796387,0
5ac0e064554299012d1db64e,bridge,9,5,-7.32752799987793,0
5ac0e064554299012d1db64e,bridge,7,6,-7.332016944885254,0
5ac0e064554299012d1db64e,bridge,3,7,-9.721983909606934,0
5ac0e064554299012d1db64e,bridge,4,8,-10.702912330627441,0
5ac0e064554299012d1db64e,bridge,2,9,-10.761850357055664,0
5a8574945542997b5ce3fffb,comparison,5,0,7.063958644866943,1
5a8574945542997b5ce3fffb,comparison,7,1,5.648040771484375,1
5a8574945542997b5ce3fffb,comparison,3,2,0.7015366554260254,0
5a8574945542997b5ce3fffb,comparison,2,3,0.03180895000696182,0
5a8574945542997b5ce3fffb,comparison,0,4,-0.524270236492157,0
5a8574945542997b5ce3fffb,comparison,6,5,-0.714521586894989,0
5a8574945542997b5ce3fffb,comparison,1,6,-1.3465224504470825,0
5a8574945542997b5ce3fffb,comparison,9,7,-1.6482373476028442,0
5a8574945542997b5ce3fffb,comparison,4,8,-4.372150897979736,0
5a8574945542997b5ce3fffb,comparison,8,9,-5.924357891082764,0
5a8704f8554299211dda2ba4,bridge,1,0,2.647780418395996,1
5a8704f8554299211dda2ba4,bridge,0,1,-1.1686558723449707,0
5a8704f8554299211dda2ba4,bridge,8,2,-1.5311471223831177,1
5a8704f8554299211dda2ba4,bridge,9,3,-2.187441110610962,0
5a8704f8554299211dda2ba4,bridge,6,4,-4.397085666656494,0
5a8704f8554299211dda2ba4,bridge,4,5,-5.376669406890869,0
5a8704f8554299211dda2ba4,bridge,5,6,-5.543973445892334,0
5a8704f8554299211dda2ba4,bridge,7,7,-7.662258625030518,0
5a8704f8554299211dda2ba4,bridge,3,8,-8.043672561645508,0
5a8704f8554299211dda2ba4,bridge,2,9,-8.937422752380371,0
5a81d1f0554299676cceb0ee,bridge,4,0,4.083593845367432,1
5a81d1f0554299676cceb0ee,bridge,8,1,2.3179001808166504,0
5a81d1f0554299676cceb0ee,bridge,0,2,2.1942782402038574,0
5a81d1f0554299676cceb0ee,bridge,2,3,1.5228612422943115,0
5a81d1f0554299676cceb0ee,bridge,1,4,0.9231087565422058,1
5a81d1f0554299676cceb0ee,bridge,7,5,-3.001047372817993,0
5a81d1f0554299676cceb0ee,bridge,5,6,-3.277221441268921,0
5a81d1f0554299676cceb0ee,bridge,9,7,-4.297338962554932,0
5a81d1f0554299676cceb0ee,bridge,6,8,-5.0850749015808105,0
5a81d1f0554299676cceb0ee,bridge,3,9,-7.103521347045898,0
5a7bf84b5542996dd594b875,bridge,1,0,5.660896301269531,1
5a7bf84b5542996dd594b875,bridge,8,1,4.317798614501953,1
5a7bf84b5542996dd594b875,bridge,3,2,1.281402349472046,0
5a7bf84b5542996dd594b875,bridge,7,3,0.1901804506778717,0
5a7bf84b5542996dd594b875,bridge,9,4,0.12162627279758453,0
5a7bf84b5542996dd594b875,bridge,6,5,-0.18560805916786194,0
5a7bf84b5542996dd594b875,bridge,2,6,-0.6528910398483276,0
5a7bf84b5542996dd594b875,bridge,5,7,-1.139449119567871,0
5a7bf84b5542996dd594b875,bridge,0,8,-6.877009868621826,0
5a7bf84b5542996dd594b875,bridge,4,9,-7.346970558166504,0
5ab69e4f554299710c8d1eee,bridge,6,0,6.508322715759277,1
5ab69e4f554299710c8d1eee,bridge,4,1,3.430363416671753,1
5ab69e4f554299710c8d1eee,bridge,9,2,-0.48280632495880127,0
5ab69e4f554299710c8d1eee,bridge,3,3,-1.3347325325012207,0
5ab69e4f554299710c8d1eee,bridge,7,4,-7.145139217376709,0
5ab69e4f554299710c8d1eee,bridge,1,5,-8.71587085723877,0
5ab69e4f554299710c8d1eee,bridge,8,6,-8.755749702453613,0
5ab69e4f554299710c8d1eee,bridge,5,7,-8.913926124572754,0
5ab69e4f554299710c8d1eee,bridge,2,8,-9.094886779785156,0
5ab69e4f554299710c8d1eee,bridge,0,9,-9.202250480651855,0
5ae64ad25542995703ce8b4f,bridge,3,0,3.1291003227233887,0
5ae64ad25542995703ce8b4f,bridge,1,1,2.2800827026367188,0
5ae64ad25542995703ce8b4f,bridge,7,2,-0.22691811621189117,0
5ae64ad25542995703ce8b4f,bridge,9,3,-0.4153846204280853,0
5ae64ad25542995703ce8b4f,bridge,5,4,-0.42319923639297485,0
5ae64ad25542995703ce8b4f,bridge,0,5,-0.9526036977767944,0
5ae64ad25542995703ce8b4f,bridge,8,6,-1.308485507965088,1
5ae64ad25542995703ce8b4f,bridge,2,7,-3.9337642192840576,0
5ae64ad25542995703ce8b4f,bridge,6,8,-4.865810394287109,0
5ae64ad25542995703ce8b4f,bridge,4,9,-9.414753913879395,1
5a7571135542992d0ec05f98,bridge,7,0,8.239944458007812,1
5a7571135542992d0ec05f98,bridge,8,1,-3.1058907508850098,0
5a7571135542992d0ec05f98,bridge,1,2,-4.8454179763793945,0
5a7571135542992d0ec05f98,bridge,2,3,-4.928119659423828,0
5a7571135542992d0ec05f98,bridge,9,4,-5.855796813964844,1
5a7571135542992d0ec05f98,bridge,6,5,-5.896630764007568,0
5a7571135542992d0ec05f98,bridge,3,6,-6.012262344360352,0
5a7571135542992d0ec05f98,bridge,4,7,-6.576205253601074,0
5a7571135542992d0ec05f98,bridge,0,8,-8.049111366271973,0
5a7571135542992d0ec05f98,bridge,5,9,-8.18985652923584,0
5a8f2fed55429918e830d1c7,bridge,1,0,4.033804416656494,1
5a8f2fed55429918e830d1c7,bridge,0,1,2.3549814224243164,1
5a8f2fed55429918e830d1c7,bridge,9,2,-0.6363662481307983,0
5a8f2fed55429918e830d1c7,bridge,4,3,-0.8984478116035461,0
5a8f2fed55429918e830d1c7,bridge,8,4,-1.6342463493347168,0
5a8f2fed55429918e830d1c7,bridge,7,5,-1.714699387550354,0
5a8f2fed55429918e830d1c7,bridge,5,6,-2.92419171333313,0
5a8f2fed55429918e830d1c7,bridge,2,7,-3.2014124393463135,0
5a8f2fed55429918e830d1c7,bridge,6,8,-3.304276704788208,0
5a8f2fed55429918e830d1c7,bridge,3,9,-3.8963165283203125,0
5ab596d95542992aa134a371,comparison,0,0,5.329000949859619,1
5ab596d95542992aa134a371,comparison,2,1,4.767594814300537,1
5ab596d95542992aa134a371,comparison,8,2,0.6906965970993042,0
5ab596d95542992aa134a371,comparison,4,3,-1.9785327911376953,0
5ab596d95542992aa134a371,comparison,6,4,-3.628326416015625,0
5ab596d95542992aa134a371,comparison,9,5,-8.428128242492676,0
5ab596d95542992aa134a371,comparison,7,6,-9.070588111877441,0
5ab596d95542992aa134a371,comparison,5,7,-9.188874244689941,0
5ab596d95542992aa134a371,comparison,3,8,-9.952102661132812,0
5ab596d95542992aa134a371,comparison,1,9,-10.088828086853027,0
5a71214d5542994082a3e5b9,bridge,6,0,7.7107954025268555,1
5a71214d5542994082a3e5b9,bridge,7,1,3.778698205947876,0
5a71214d5542994082a3e5b9,bridge,0,2,3.3855741024017334,0
5a71214d5542994082a3e5b9,bridge,2,3,2.827300548553467,0
5a71214d5542994082a3e5b9,bridge,5,4,1.7837978601455688,1
5a71214d5542994082a3e5b9,bridge,3,5,-2.413740396499634,0
5a71214d5542994082a3e5b9,bridge,1,6,-3.928257703781128,0
5a71214d5542994082a3e5b9,bridge,8,7,-4.047429084777832,0
5a71214d5542994082a3e5b9,bridge,9,8,-7.7223310470581055,0
5a71214d5542994082a3e5b9,bridge,4,9,-8.166681289672852,0
5ac298f9554299657fa28fc9,comparison,2,0,2.322293519973755,1
5ac298f9554299657fa28fc9,comparison,9,1,1.0949010848999023,1
5ac298f9554299657fa28fc9,comparison,4,2,-2.0110878944396973,0
5ac298f9554299657fa28fc9,comparison,5,3,-2.7735886573791504,0
5ac298f9554299657fa28fc9,comparison,8,4,-3.4140453338623047,0
5ac298f9554299657fa28fc9,comparison,6,5,-3.652355670928955,0
5ac298f9554299657fa28fc9,comparison,1,6,-4.445502281188965,0
5ac298f9554299657fa28fc9,comparison,7,7,-4.854479789733887,0
5ac298f9554299657fa28fc9,comparison,3,8,-4.967153549194336,0
5ac298f9554299657fa28fc9,comparison,0,9,-4.980967044830322,0
5ae35e8c5542990afbd1e120,bridge,4,0,9.63949203491211,1
5ae35e8c5542990afbd1e120,bridge,3,1,-3.1610612869262695,0
5ae35e8c5542990afbd1e120,bridge,8,2,-3.8002712726593018,0
5ae35e8c5542990afbd1e120,bridge,9,3,-4.601558208465576,0
5ae35e8c5542990afbd1e120,bridge,0,4,-5.335433483123779,0
5ae35e8c5542990afbd1e120,bridge,1,5,-6.610849380493164,0
5ae35e8c5542990afbd1e120,bridge,5,6,-7.324598789215088,0
5ae35e8c5542990afbd1e120,bridge,2,7,-8.914422035217285,0
5ae35e8c5542990afbd1e120,bridge,6,8,-9.793671607971191,1
5ae35e8c5542990afbd1e120,bridge,7,9,-10.274699211120605,0
5ae616ce5542992663a4f259,bridge,2,0,8.244038581848145,1
5ae616ce5542992663a4f259,bridge,0,1,3.6403257846832275,0
5ae616ce5542992663a4f259,bridge,1,2,2.926346778869629,0
5ae616ce5542992663a4f259,bridge,5,3,1.5429929494857788,0
5ae616ce5542992663a4f259,bridge,6,4,0.28873908519744873,0
5ae616ce5542992663a4f259,bridge,7,5,-0.8187905550003052,0
5ae616ce5542992663a4f259,bridge,4,6,-0.8459731340408325,0
5ae616ce5542992663a4f259,bridge,8,7,-1.1112898588180542,0
5ae616ce5542992663a4f259,bridge,3,8,-3.963529348373413,1
5ae616ce5542992663a4f259,bridge,9,9,-4.498413562774658,0
5abbc3a955429931dba144f9,bridge,1,0,7.777328014373779,1
5abbc3a955429931dba144f9,bridge,9,1,1.486975073814392,0
5abbc3a955429931dba144f9,bridge,2,2,0.738787055015564,0
5abbc3a955429931dba144f9,bridge,6,3,-1.011438250541687,0
5abbc3a955429931dba144f9,bridge,8,4,-1.1398171186447144,0
5abbc3a955429931dba144f9,bridge,0,5,-2.4832777976989746,0
5abbc3a955429931dba144f9,bridge,4,6,-4.4263505935668945,0
5abbc3a955429931dba144f9,bridge,7,7,-4.626269817352295,0
5abbc3a955429931dba144f9,bridge,3,8,-5.787988662719727,0
5abbc3a955429931dba144f9,bridge,5,9,-10.581792831420898,1
5adfe6c455429906c02daa85,bridge,8,0,0.857002854347229,1
5adfe6c455429906c02daa85,bridge,2,1,-1.1654499769210815,1
5adfe6c455429906c02daa85,bridge,1,2,-2.905611753463745,0
5adfe6c455429906c02daa85,bridge,5,3,-3.7052266597747803,0
5adfe6c455429906c02daa85,bridge,7,4,-3.7355847358703613,0
5adfe6c455429906c02daa85,bridge,6,5,-4.387795448303223,0
5adfe6c455429906c02daa85,bridge,4,6,-5.2418212890625,0
5adfe6c455429906c02daa85,bridge,9,7,-6.03861141204834,0
5adfe6c455429906c02daa85,bridge,3,8,-6.709658622741699,0
5adfe6c455429906c02daa85,bridge,0,9,-7.115118026733398,0
5a7f924c55429969796c1aba,bridge,1,0,6.2488226890563965,1
5a7f924c55429969796c1aba,bridge,3,1,3.4398601055145264,0
5a7f924c55429969796c1aba,bridge,7,2,3.4387075901031494,0
5a7f924c55429969796c1aba,bridge,6,3,1.2115271091461182,0
5a7f924c55429969796c1aba,bridge,2,4,1.1834052801132202,0
5a7f924c55429969796c1aba,bridge,4,5,0.9678648114204407,0
5a7f924c55429969796c1aba,bridge,8,6,0.2953299283981323,0
5a7f924c55429969796c1aba,bridge,5,7,0.1380888670682907,1
5a7f924c55429969796c1aba,bridge,0,8,-0.10587207973003387,0
5a7f924c55429969796c1aba,bridge,9,9,-1.908693790435791,0
5ab938fb554299131ca422ce,bridge,1,0,7.099320411682129,1
5ab938fb554299131ca422ce,bridge,0,1,2.7919158935546875,1
5ae1e80b5542997f29b3c197,bridge,3,0,5.7565388679504395,1
5ae1e80b5542997f29b3c197,bridge,6,1,5.167367458343506,0
5ae1e80b5542997f29b3c197,bridge,4,2,4.601553440093994,0
5ae1e80b5542997f29b3c197,bridge,7,3,4.425772666931152,0
5ae1e80b5542997f29b3c197,bridge,0,4,3.942403793334961,0
5ae1e80b5542997f29b3c197,bridge,9,5,3.7799808979034424,0
5ae1e80b5542997f29b3c197,bridge,5,6,3.1879050731658936,0
5ae1e80b5542997f29b3c197,bridge,8,7,3.174224376678467,0
5ae1e80b5542997f29b3c197,bridge,2,8,-0.4810733199119568,0
5ae1e80b5542997f29b3c197,bridge,1,9,-2.3159878253936768,1
5a89e3995542992e4fca844d,bridge,3,0,8.736529350280762,1
5a89e3995542992e4fca844d,bridge,4,1,2.3448760509490967,0
5a89e3995542992e4fca844d,bridge,7,2,1.6294355392456055,0
5a89e3995542992e4fca844d,bridge,1,3,-3.0069801807403564,0
5a89e3995542992e4fca844d,bridge,5,4,-3.436765670776367,0
5a89e3995542992e4fca844d,bridge,6,5,-4.445389270782471,1
5a89e3995542992e4fca844d,bridge,9,6,-4.711633682250977,0
5a89e3995542992e4fca844d,bridge,8,7,-5.269198894500732,0
5a89e3995542992e4fca844d,bridge,0,8,-7.583307266235352,0
5a89e3995542992e4fca844d,bridge,2,9,-7.831004619598389,0
5ab8919655429934fafe6e13,bridge,8,0,5.969563007354736,1
5ab8919655429934fafe6e13,bridge,1,1,-0.5214517712593079,1
5ab8919655429934fafe6e13,bridge,2,2,-0.9785048961639404,0
5ab8919655429934fafe6e13,bridge,6,3,-1.6285126209259033,0
5ab8919655429934fafe6e13,bridge,3,4,-1.9299871921539307,0
5ab8919655429934fafe6e13,bridge,0,5,-2.88543438911438,0
5ab8919655429934fafe6e13,bridge,9,6,-5.72094202041626,0
5ab8919655429934fafe6e13,bridge,5,7,-6.163989067077637,0
5ab8919655429934fafe6e13,bridge,7,8,-7.863142013549805,0
5ab8919655429934fafe6e13,bridge,4,9,-7.87040901184082,0
5add18345542994ed6169c7e,bridge,9,0,7.0279436111450195,1
5add18345542994ed6169c7e,bridge,0,1,2.046860456466675,1
5add18345542994ed6169c7e,bridge,4,2,-1.1769921779632568,0
5add18345542994ed6169c7e,bridge,5,3,-1.2458534240722656,0
5add18345542994ed6169c7e,bridge,7,4,-1.371341586112976,0
5add18345542994ed6169c7e,bridge,2,5,-3.8180973529815674,0
5add18345542994ed6169c7e,bridge,1,6,-3.8899543285369873,0
5add18345542994ed6169c7e,bridge,6,7,-4.63965368270874,0
5add18345542994ed6169c7e,bridge,8,8,-4.917227268218994,0
5add18345542994ed6169c7e,bridge,3,9,-6.370667934417725,0
5a825b0e55429954d2e2eb0c,bridge,8,0,4.477275848388672,0
5a825b0e55429954d2e2eb0c,bridge,9,1,4.451921463012695,0
5a825b0e55429954d2e2eb0c,bridge,1,2,4.115845203399658,0
5a825b0e55429954d2e2eb0c,bridge,6,3,3.2858963012695312,1
5a825b0e55429954d2e2eb0c,bridge,4,4,2.9232099056243896,0
5a825b0e55429954d2e2eb0c,bridge,0,5,2.737959861755371,0
5a825b0e55429954d2e2eb0c,bridge,5,6,2.057145833969116,0
5a825b0e55429954d2e2eb0c,bridge,2,7,1.4959629774093628,0
5a825b0e55429954d2e2eb0c,bridge,7,8,0.6505444645881653,0
5a825b0e55429954d2e2eb0c,bridge,3,9,0.5255787968635559,1
5ab54056554299488d4d9923,comparison,5,0,1.2766547203063965,1
5ab54056554299488d4d9923,comparison,8,1,-3.5451772212982178,0
5ab54056554299488d4d9923,comparison,4,2,-3.6349704265594482,0
5ab54056554299488d4d9923,comparison,2,3,-4.074607849121094,0
5ab54056554299488d4d9923,comparison,7,4,-4.133409023284912,0
5ab54056554299488d4d9923,comparison,9,5,-4.316300868988037,0
5ab54056554299488d4d9923,comparison,1,6,-4.591551780700684,0
5ab54056554299488d4d9923,comparison,3,7,-4.7744221687316895,1
5ab54056554299488d4d9923,comparison,0,8,-5.288776397705078,0
5ab54056554299488d4d9923,comparison,6,9,-5.952692985534668,0
5a8a416955429930ff3c0d2b,bridge,2,0,3.488558053970337,1
5a8a416955429930ff3c0d2b,bridge,0,1,2.304929733276367,1
5a8a416955429930ff3c0d2b,bridge,9,2,1.4778318405151367,0
5a8a416955429930ff3c0d2b,bridge,4,3,1.3511520624160767,0
5a8a416955429930ff3c0d2b,bridge,3,4,0.9714978337287903,0
5a8a416955429930ff3c0d2b,bridge,7,5,0.35674116015434265,0
5a8a416955429930ff3c0d2b,bridge,6,6,0.3508166968822479,0
5a8a416955429930ff3c0d2b,bridge,5,7,0.21942800283432007,0
5a8a416955429930ff3c0d2b,bridge,1,8,-2.0808279514312744,0
5a8a416955429930ff3c0d2b,bridge,8,9,-2.4368717670440674,0
5a729fe55542991f9a20c53b,bridge,8,0,1.8750946521759033,1
5a729fe55542991f9a20c53b,bridge,9,1,0.27810966968536377,1
5a729fe55542991f9a20c53b,bridge,3,2,-1.8116031885147095,0
5a729fe55542991f9a20c53b,bridge,2,3,-3.0472919940948486,0
5a729fe55542991f9a20c53b,bridge,0,4,-4.64381742477417,0
5a729fe55542991f9a20c53b,bridge,6,5,-5.3151936531066895,0
5a729fe55542991f9a20c53b,bridge,7,6,-6.697922229766846,0
5a729fe55542991f9a20c53b,bridge,1,7,-8.25094985961914,0
5a729fe55542991f9a20c53b,bridge,5,8,-10.146560668945312,0
5a729fe55542991f9a20c53b,bridge,4,9,-10.329839706420898,0
5abee41a5542993fe9a41d79,bridge,5,0,5.943429946899414,0
5abee41a5542993fe9a41d79,bridge,1,1,4.8921918869018555,1
5abee41a5542993fe9a41d79,bridge,2,2,4.055154323577881,1
5abee41a5542993fe9a41d79,bridge,3,3,2.7465438842773438,0
5abee41a5542993fe9a41d79,bridge,6,4,2.370788812637329,0
5abee41a5542993fe9a41d79,bridge,4,5,2.077308416366577,0
5abee41a5542993fe9a41d79,bridge,7,6,2.0657665729522705,0
5abee41a5542993fe9a41d79,bridge,0,7,0.7923755049705505,0
5abee41a5542993fe9a41d79,bridge,9,8,-0.6444994211196899,0
5abee41a5542993fe9a41d79,bridge,8,9,-1.7106879949569702,0
5a8327fd5542990548d0b1a3,bridge,4,0,5.905796051025391,1
5a8327fd5542990548d0b1a3,bridge,1,1,1.492519736289978,0
5a8327fd5542990548d0b1a3,bridge,5,2,0.8717660903930664,0
5a8327fd5542990548d0b1a3,bridge,8,3,0.5726563930511475,1
5a8327fd5542990548d0b1a3,bridge,7,4,-0.7210359573364258,0
5a8327fd5542990548d0b1a3,bridge,9,5,-1.4740588665008545,0
5a8327fd5542990548d0b1a3,bridge,6,6,-1.7914146184921265,0
5a8327fd5542990548d0b1a3,bridge,2,7,-2.5335803031921387,0
5a8327fd5542990548d0b1a3,bridge,3,8,-3.4594905376434326,0
5a8327fd5542990548d0b1a3,bridge,0,9,-4.548808574676514,0
5a7264ed5542990c210a411a,bridge,0,0,6.388233184814453,1
5a7264ed5542990c210a411a,bridge,6,1,1.145567536354065,1
5a7264ed5542990c210a411a,bridge,9,2,-1.8411978483200073,0
5a7264ed5542990c210a411a,bridge,8,3,-2.9088006019592285,0
5a7264ed5542990c210a411a,bridge,1,4,-2.997417449951172,0
5a7264ed5542990c210a411a,bridge,2,5,-3.789371967315674,0
5a7264ed5542990c210a411a,bridge,5,6,-3.8312909603118896,0
5a7264ed5542990c210a411a,bridge,4,7,-4.68727970123291,0
5a7264ed5542990c210a411a,bridge,3,8,-4.844822883605957,0
5a7264ed5542990c210a411a,bridge,7,9,-5.190670967102051,0
5a74cfc75542996c70cfadfe,bridge,5,0,5.564335346221924,1
5a74cfc75542996c70cfadfe,bridge,7,1,4.379294395446777,1
5a74cfc75542996c70cfadfe,bridge,2,2,2.0755813121795654,0
5a74cfc75542996c70cfadfe,bridge,3,3,1.9765790700912476,0
5a74cfc75542996c70cfadfe,bridge,8,4,1.690851092338562,0
5a74cfc75542996c70cfadfe,bridge,4,5,1.5335848331451416,0
5a74cfc75542996c70cfadfe,bridge,0,6,1.2725120782852173,0
5a74cfc75542996c70cfadfe,bridge,1,7,1.0563637018203735,0
5a74cfc75542996c70cfadfe,bridge,6,8,0.42558717727661133,0
5a74cfc75542996c70cfadfe,bridge,9,9,-2.814481735229492,0
5abe3c7555429965af743ea5,bridge,2,0,1.5751359462738037,0
5abe3c7555429965af743ea5,bridge,5,1,1.4445469379425049,1
5abe3c7555429965af743ea5,bridge,4,2,1.3792221546173096,0
5abe3c7555429965af743ea5,bridge,0,3,0.3084586262702942,0
5abe3c7555429965af743ea5,bridge,8,4,-0.8846476674079895,0
5abe3c7555429965af743ea5,bridge,7,5,-0.9946452379226685,0
5abe3c7555429965af743ea5,bridge,9,6,-4.767271041870117,0
5abe3c7555429965af743ea5,bridge,3,7,-5.942087173461914,1
5abe3c7555429965af743ea5,bridge,1,8,-7.7394561767578125,0
5abe3c7555429965af743ea5,bridge,6,9,-9.554078102111816,0
5a88a5645542997e5c09a679,comparison,2,0,4.2391557693481445,1
5a88a5645542997e5c09a679,comparison,5,1,1.9199334383010864,1
5a88a5645542997e5c09a679,comparison,3,2,-2.107149600982666,0
5a88a5645542997e5c09a679,comparison,7,3,-8.65799617767334,0
5a88a5645542997e5c09a679,comparison,9,4,-9.440811157226562,0
5a88a5645542997e5c09a679,comparison,8,5,-9.486061096191406,0
5a88a5645542997e5c09a679,comparison,6,6,-9.557588577270508,0
5a88a5645542997e5c09a679,comparison,0,7,-10.158415794372559,0
5a88a5645542997e5c09a679,comparison,4,8,-10.435290336608887,0
5a88a5645542997e5c09a679,comparison,1,9,-10.760717391967773,0
5a8756aa5542994846c1cd69,bridge,3,0,7.497382164001465,1
5a8756aa5542994846c1cd69,bridge,6,1,3.881740093231201,0
5a8756aa5542994846c1cd69,bridge,7,2,-1.2515846490859985,1
5a8756aa5542994846c1cd69,bridge,0,3,-7.318330764770508,0
5a8756aa5542994846c1cd69,bridge,8,4,-7.441711902618408,0
5a8756aa5542994846c1cd69,bridge,9,5,-8.068058967590332,0
5a8756aa5542994846c1cd69,bridge,5,6,-8.316758155822754,0
5a8756aa5542994846c1cd69,bridge,4,7,-9.642963409423828,0
5a8756aa5542994846c1cd69,bridge,1,8,-9.93170166015625,0
5a8756aa5542994846c1cd69,bridge,2,9,-10.536548614501953,0
5a83ab355542990548d0b218,comparison,4,0,6.040238857269287,1
5a83ab355542990548d0b218,comparison,0,1,5.203066349029541,1
5a83ab355542990548d0b218,comparison,3,2,3.6927123069763184,0
5a83ab355542990548d0b218,comparison,9,3,3.2861380577087402,0
5a83ab355542990548d0b218,comparison,2,4,0.3425474166870117,0
5a83ab355542990548d0b218,comparison,1,5,-0.41174063086509705,0
5a83ab355542990548d0b218,comparison,6,6,-1.0377050638198853,0
5a83ab355542990548d0b218,comparison,8,7,-1.0918445587158203,0
5a83ab355542990548d0b218,comparison,7,8,-1.2400017976760864,0
5a83ab355542990548d0b218,comparison,5,9,-2.096508502960205,0
5abe407155429976d4830ab4,comparison,0,0,4.712820053100586,1
5abe407155429976d4830ab4,comparison,8,1,3.2736856937408447,1
5abe407155429976d4830ab4,comparison,4,2,1.8368752002716064,0
5abe407155429976d4830ab4,comparison,5,3,1.5268919467926025,0
5abe407155429976d4830ab4,comparison,9,4,1.1566457748413086,0
5abe407155429976d4830ab4,comparison,3,5,0.47920969128608704,0
5abe407155429976d4830ab4,comparison,2,6,-1.8166189193725586,0
5abe407155429976d4830ab4,comparison,1,7,-2.0905158519744873,0
5abe407155429976d4830ab4,comparison,6,8,-2.788395643234253,0
5abe407155429976d4830ab4,comparison,7,9,-3.3503897190093994,0
5a769b115542993569682c51,bridge,6,0,6.281301975250244,0
5a769b115542993569682c51,bridge,0,1,6.093114852905273,1
5a769b115542993569682c51,bridge,3,2,2.5800881385803223,0
5a769b115542993569682c51,bridge,4,3,-0.13143731653690338,0
5a769b115542993569682c51,bridge,8,4,-0.4191301167011261,0
5a769b115542993569682c51,bridge,9,5,-0.929561197757721,0
5a769b115542993569682c51,bridge,5,6,-1.8231475353240967,0
5a769b115542993569682c51,bridge,7,7,-2.558255434036255,0
5a769b115542993569682c51,bridge,1,8,-2.8589508533477783,0
5a769b115542993569682c51,bridge,2,9,-4.626224994659424,1
5abb8a9b5542996cc5e4a016,comparison,1,0,3.876066207885742,1
5abb8a9b5542996cc5e4a016,comparison,6,1,3.8597028255462646,1
5abb8a9b5542996cc5e4a016,comparison,4,2,-0.5297488570213318,0
5abb8a9b5542996cc5e4a016,comparison,5,3,-1.155561089515686,0
5abb8a9b5542996cc5e4a016,comparison,9,4,-1.1764862537384033,0
5abb8a9b5542996cc5e4a016,comparison,8,5,-1.3172551393508911,0
5abb8a9b5542996cc5e4a016,comparison,7,6,-1.340207815170288,0
5abb8a9b5542996cc5e4a016,comparison,0,7,-1.5872606039047241,0
5abb8a9b5542996cc5e4a016,comparison,2,8,-1.6802581548690796,0
5abb8a9b5542996cc5e4a016,comparison,3,9,-2.0406415462493896,0
5adf4b335542993a75d264a5,bridge,6,0,3.464466094970703,1
5adf4b335542993a75d264a5,bridge,0,1,0.5195374488830566,1
5adf4b335542993a75d264a5,bridge,7,2,0.06067958474159241,0
5adf4b335542993a75d264a5,bridge,9,3,0.02110958844423294,0
5adf4b335542993a75d264a5,bridge,4,4,-2.439378261566162,0
5adf4b335542993a75d264a5,bridge,5,5,-3.1384592056274414,0
5adf4b335542993a75d264a5,bridge,1,6,-4.081882476806641,0
5adf4b335542993a75d264a5,bridge,3,7,-4.538086414337158,0
5adf4b335542993a75d264a5,bridge,2,8,-4.7321085929870605,0
5adf4b335542993a75d264a5,bridge,8,9,-5.151348114013672,0
5a8a19c45542992e4fca8501,comparison,2,0,-0.2402602881193161,1
5a8a19c45542992e4fca8501,comparison,8,1,-0.9349862337112427,0
5a8a19c45542992e4fca8501,comparison,6,2,-1.8260788917541504,0
5a8a19c45542992e4fca8501,comparison,5,3,-2.3801345825195312,1
5a8a19c45542992e4fca8501,comparison,4,4,-2.403923273086548,0
5a8a19c45542992e4fca8501,comparison,1,5,-3.039051055908203,0
5a8a19c45542992e4fca8501,comparison,9,6,-3.213343858718872,0
5a8a19c45542992e4fca8501,comparison,0,7,-3.297511577606201,0
5a8a19c45542992e4fca8501,comparison,7,8,-3.554288387298584,0
5a8a19c45542992e4fca8501,comparison,3,9,-4.554597854614258,0
5ac2f34455429921a00ab0b6,bridge,9,0,6.315579414367676,1
5ac2f34455429921a00ab0b6,bridge,2,1,4.707881450653076,1
5ac2f34455429921a00ab0b6,bridge,8,2,-1.1100411415100098,0
5ac2f34455429921a00ab0b6,bridge,1,3,-1.4221608638763428,0
5ac2f34455429921a00ab0b6,bridge,5,4,-5.0446600914001465,0
5ac2f34455429921a00ab0b6,bridge,3,5,-7.29440450668335,0
5ac2f34455429921a00ab0b6,bridge,6,6,-7.813261985778809,0
5ac2f34455429921a00ab0b6,bridge,0,7,-8.363926887512207,0
5ac2f34455429921a00ab0b6,bridge,4,8,-8.644305229187012,0
5ac2f34455429921a00ab0b6,bridge,7,9,-8.954778671264648,0
5a7e040f5542990b8f503b13,comparison,0,0,3.4682583808898926,1
5a7e040f5542990b8f503b13,comparison,5,1,1.9833810329437256,1
5a7e040f5542990b8f503b13,comparison,1,2,-3.248967170715332,0
5a7e040f5542990b8f503b13,comparison,8,3,-3.4964091777801514,0
5a7e040f5542990b8f503b13,comparison,6,4,-3.5575146675109863,0
5a7e040f5542990b8f503b13,comparison,4,5,-3.933065891265869,0
5a7e040f5542990b8f503b13,comparison,9,6,-4.347466945648193,0
5a7e040f5542990b8f503b13,comparison,7,7,-4.685271263122559,0
5a7e040f5542990b8f503b13,comparison,2,8,-6.670224666595459,0
5a7e040f5542990b8f503b13,comparison,3,9,-7.262161731719971,0
5a8f186055429918e830d186,bridge,1,0,6.252369403839111,1
5a8f186055429918e830d186,bridge,8,1,1.52217698097229,1
5a8f186055429918e830d186,bridge,2,2,-6.0099077224731445,0
5a8f186055429918e830d186,bridge,3,3,-7.459648609161377,0
5a8f186055429918e830d186,bridge,5,4,-8.254378318786621,0
5a8f186055429918e830d186,bridge,9,5,-8.322697639465332,0
5a8f186055429918e830d186,bridge,0,6,-9.734374046325684,0
5a8f186055429918e830d186,bridge,4,7,-9.832939147949219,0
5a8f186055429918e830d186,bridge,6,8,-9.97113037109375,0
5a8f186055429918e830d186,bridge,7,9,-10.497833251953125,0
5ac4fbe255429924173fb53b,bridge,5,0,4.446111679077148,1
5ac4fbe255429924173fb53b,bridge,8,1,4.107779502868652,0
5ac4fbe255429924173fb53b,bridge,0,2,3.732159376144409,0
5ac4fbe255429924173fb53b,bridge,7,3,3.6947102546691895,0
5ac4fbe255429924173fb53b,bridge,3,4,1.1488373279571533,0
5ac4fbe255429924173fb53b,bridge,6,5,0.8818736672401428,0
5ac4fbe255429924173fb53b,bridge,2,6,0.6715884804725647,0
5ac4fbe255429924173fb53b,bridge,9,7,0.5377283692359924,0
5ac4fbe255429924173fb53b,bridge,1,8,0.3647672235965729,1
5ac4fbe255429924173fb53b,bridge,4,9,0.34278035163879395,0
5a8591715542994c784ddb27,bridge,6,0,2.2664828300476074,1
5a8591715542994c784ddb27,bridge,8,1,1.980106234550476,1
5a8591715542994c784ddb27,bridge,3,2,1.6345494985580444,0
5a8591715542994c784ddb27,bridge,2,3,0.6284248232841492,0
5a8591715542994c784ddb27,bridge,7,4,-0.955600917339325,0
5a8591715542994c784ddb27,bridge,0,5,-5.7928595542907715,0
5a8591715542994c784ddb27,bridge,4,6,-6.006727695465088,0
5a8591715542994c784ddb27,bridge,9,7,-9.219429969787598,0
5a8591715542994c784ddb27,bridge,1,8,-9.393878936767578,0
5a8591715542994c784ddb27,bridge,5,9,-10.299083709716797,0
5a8ee3a755429917b4a5be02,bridge,2,0,7.600618362426758,1
5a8ee3a755429917b4a5be02,bridge,1,1,4.365262985229492,0
5a8ee3a755429917b4a5be02,bridge,3,2,4.066768169403076,0
5a8ee3a755429917b4a5be02,bridge,7,3,3.8278164863586426,0
5a8ee3a755429917b4a5be02,bridge,5,4,3.6623072624206543,0
5a8ee3a755429917b4a5be02,bridge,0,5,3.4111709594726562,0
5a8ee3a755429917b4a5be02,bridge,6,6,3.2180898189544678,0
5a8ee3a755429917b4a5be02,bridge,4,7,3.1649086475372314,0
5a8ee3a755429917b4a5be02,bridge,8,8,1.698822259902954,0
5a8ee3a755429917b4a5be02,bridge,9,9,1.1363157033920288,1
5ab985eb554299131ca42360,comparison,5,0,4.056085109710693,1
5ab985eb554299131ca42360,comparison,8,1,3.5402984619140625,1
5ab985eb554299131ca42360,comparison,1,2,-1.4810233116149902,0
5ab985eb554299131ca42360,comparison,2,3,-1.7041949033737183,0
5ab985eb554299131ca42360,comparison,9,4,-3.7264816761016846,0
5ab985eb554299131ca42360,comparison,3,5,-3.9386699199676514,0
5ab985eb554299131ca42360,comparison,6,6,-5.146487236022949,0
5ab985eb554299131ca42360,comparison,4,7,-5.199001312255859,0
5ab985eb554299131ca42360,comparison,7,8,-5.770396709442139,0
5ab985eb554299131ca42360,comparison,0,9,-6.124763488769531,0
5ab431d855429942dd415ed2,bridge,3,0,4.156831741333008,1
5ab431d855429942dd415ed2,bridge,1,1,-4.535140514373779,0
5ab431d855429942dd415ed2,bridge,8,2,-4.602925777435303,0
5ab431d855429942dd415ed2,bridge,6,3,-4.658351421356201,0
5ab431d855429942dd415ed2,bridge,0,4,-4.866476058959961,0
5ab431d855429942dd415ed2,bridge,5,5,-5.741658687591553,0
5ab431d855429942dd415ed2,bridge,4,6,-7.062175273895264,0
5ab431d855429942dd415ed2,bridge,2,7,-8.798958778381348,0
5ab431d855429942dd415ed2,bridge,9,8,-8.82297420501709,0
5ab431d855429942dd415ed2,bridge,7,9,-10.973224639892578,1
5a771ead55429966f1a36c7c,bridge,8,0,7.4362287521362305,1
5a771ead55429966f1a36c7c,bridge,3,1,4.275275230407715,1
5a771ead55429966f1a36c7c,bridge,9,2,3.6105148792266846,0
5a771ead55429966f1a36c7c,bridge,7,3,3.219022274017334,0
5a771ead55429966f1a36c7c,bridge,5,4,3.17626953125,0
5a771ead55429966f1a36c7c,bridge,6,5,2.0558598041534424,0
5a771ead55429966f1a36c7c,bridge,2,6,1.681386113166809,0
5a771ead55429966f1a36c7c,bridge,4,7,-0.04324875771999359,0
5a771ead55429966f1a36c7c,bridge,1,8,-1.4034180641174316,0
5a771ead55429966f1a36c7c,bridge,0,9,-2.318584680557251,0
5ac46a8b5542991943173980,bridge,3,0,4.282685279846191,1
5ac46a8b5542991943173980,bridge,9,1,2.3382816314697266,1
5ac46a8b5542991943173980,bridge,7,2,0.520780086517334,0
5ac46a8b5542991943173980,bridge,0,3,-0.47595909237861633,0
5ac46a8b5542991943173980,bridge,8,4,-0.7783870697021484,0
5ac46a8b5542991943173980,bridge,4,5,-1.859776258468628,0
5ac46a8b5542991943173980,bridge,2,6,-1.9894773960113525,0
5ac46a8b5542991943173980,bridge,5,7,-3.508514881134033,0
5ac46a8b5542991943173980,bridge,6,8,-6.03578519821167,0
5ac46a8b5542991943173980,bridge,1,9,-9.79390811920166,0
5abda2b755429933744ab80f,bridge,6,0,8.852302551269531,1
5abda2b755429933744ab80f,bridge,8,1,0.5059735774993896,0
5abda2b755429933744ab80f,bridge,3,2,-0.2112869918346405,0
5abda2b755429933744ab80f,bridge,0,3,-1.1876676082611084,0
5abda2b755429933744ab80f,bridge,2,4,-1.7706222534179688,0
5abda2b755429933744ab80f,bridge,5,5,-3.3290934562683105,0
5abda2b755429933744ab80f,bridge,7,6,-4.402365207672119,1
5abda2b755429933744ab80f,bridge,1,7,-4.4045515060424805,0
5abda2b755429933744ab80f,bridge,4,8,-7.262125015258789,0
5abda2b755429933744ab80f,bridge,9,9,-7.883971691131592,0
5adc02445542994650320c4e,bridge,9,0,2.516446113586426,1
5adc02445542994650320c4e,bridge,2,1,0.7335681915283203,0
5adc02445542994650320c4e,bridge,3,2,0.1306179165840149,1
5adc02445542994650320c4e,bridge,7,3,0.11565766483545303,0
5adc02445542994650320c4e,bridge,4,4,-2.385261297225952,0
5adc02445542994650320c4e,bridge,0,5,-3.437866687774658,0
5adc02445542994650320c4e,bridge,5,6,-3.666055202484131,0
5adc02445542994650320c4e,bridge,6,7,-4.943069934844971,0
5adc02445542994650320c4e,bridge,8,8,-6.105106353759766,0
5adc02445542994650320c4e,bridge,1,9,-7.545229911804199,0
5a8b128455429971feec463b,bridge,3,0,8.143402099609375,1
5a8b128455429971feec463b,bridge,5,1,4.621339797973633,0
5a8b128455429971feec463b,bridge,1,2,2.4487383365631104,0
5a8b128455429971feec463b,bridge,0,3,0.8354319334030151,0
5a8b128455429971feec463b,bridge,6,4,-2.738842248916626,0
5a8b128455429971feec463b,bridge,4,5,-3.0090413093566895,0
5a8b128455429971feec463b,bridge,8,6,-3.411818504333496,0
5a8b128455429971feec463b,bridge,2,7,-5.13461446762085,0
5a8b128455429971feec463b,bridge,9,8,-6.021449089050293,0
5a8b128455429971feec463b,bridge,7,9,-11.022974967956543,1
5a803ed45542996402f6a496,bridge,8,0,8.815740585327148,1
5a803ed45542996402f6a496,bridge,5,1,6.31810998916626,0
5a803ed45542996402f6a496,bridge,4,2,6.284564018249512,0
5a803ed45542996402f6a496,bridge,0,3,6.21003532409668,1
5a803ed45542996402f6a496,bridge,3,4,4.941471576690674,0
5a803ed45542996402f6a496,bridge,2,5,4.934769630432129,0
5a803ed45542996402f6a496,bridge,7,6,4.675515651702881,0
5a803ed45542996402f6a496,bridge,6,7,4.386552810668945,0
5a803ed45542996402f6a496,bridge,1,8,1.9768478870391846,0
5a803ed45542996402f6a496,bridge,9,9,1.5683097839355469,0
5a74c85055429916b0164218,bridge,3,0,2.9387784004211426,0
5a74c85055429916b0164218,bridge,4,1,2.084502696990967,0
5a74c85055429916b0164218,bridge,7,2,1.7621904611587524,0
5a74c85055429916b0164218,bridge,2,3,1.6295793056488037,1
5a74c85055429916b0164218,bridge,6,4,1.5684469938278198,0
5a74c85055429916b0164218,bridge,9,5,1.385736107826233,0
5a74c85055429916b0164218,bridge,5,6,0.37274572253227234,0
5a74c85055429916b0164218,bridge,0,7,-0.5274498462677002,0
5a74c85055429916b0164218,bridge,8,8,-3.290304660797119,0
5a74c85055429916b0164218,bridge,1,9,-4.682675361633301,1
5ac288a95542990b17b153e5,bridge,8,0,7.509590148925781,0
5ac288a95542990b17b153e5,bridge,1,1,7.106611251831055,1
5ac288a95542990b17b153e5,bridge,3,2,3.5818262100219727,0
5ac288a95542990b17b153e5,bridge,6,3,1.8430076837539673,1
5ac288a95542990b17b153e5,bridge,4,4,1.0745316743850708,0
5ac288a95542990b17b153e5,bridge,9,5,0.8824130296707153,0
5ac288a95542990b17b153e5,bridge,2,6,0.8144676089286804,0
5ac288a95542990b17b153e5,bridge,5,7,-3.521231174468994,0
5ac288a95542990b17b153e5,bridge,7,8,-4.133544921875,0
5ac288a95542990b17b153e5,bridge,0,9,-5.136265277862549,0
5ab2123155429970612095b9,bridge,6,0,6.935186862945557,1
5ab2123155429970612095b9,bridge,3,1,5.120840072631836,0
5ab2123155429970612095b9,bridge,8,2,4.736717700958252,0
5ab2123155429970612095b9,bridge,2,3,4.605578899383545,0
5ab2123155429970612095b9,bridge,0,4,3.6071488857269287,0
5ab2123155429970612095b9,bridge,7,5,3.011610746383667,0
5ab2123155429970612095b9,bridge,1,6,2.7352235317230225,0
5ab2123155429970612095b9,bridge,9,7,1.4119155406951904,1
5ab2123155429970612095b9,bridge,4,8,0.20276479423046112,0
5ab2123155429970612095b9,bridge,5,9,-0.7662233114242554,0
5a82edae55429966c78a6a9f,bridge,2,0,9.586468696594238,0
5a82edae55429966c78a6a9f,bridge,4,1,7.626426696777344,1
5a82edae55429966c78a6a9f,bridge,5,2,7.335451602935791,0
5a82edae55429966c78a6a9f,bridge,3,3,6.917898178100586,1
5a82edae55429966c78a6a9f,bridge,1,4,4.888403415679932,0
5a82edae55429966c78a6a9f,bridge,9,5,1.069264531135559,0
5a82edae55429966c78a6a9f,bridge,8,6,-1.3818715810775757,0
5a82edae55429966c78a6a9f,bridge,7,7,-2.6762912273406982,0
5a82edae55429966c78a6a9f,bridge,0,8,-2.7473158836364746,0
5a82edae55429966c78a6a9f,bridge,6,9,-4.780514240264893,0
5ae22b8d554299234fd0440f,bridge,2,0,5.504488945007324,1
5ae22b8d554299234fd0440f,bridge,8,1,2.4128193855285645,1
5ae22b8d554299234fd0440f,bridge,5,2,-1.8446213006973267,0
5ae22b8d554299234fd0440f,bridge,6,3,-2.1967415809631348,0
5ae22b8d554299234fd0440f,bridge,4,4,-2.9825339317321777,0
5ae22b8d554299234fd0440f,bridge,1,5,-2.9867920875549316,0
5ae22b8d554299234fd0440f,bridge,3,6,-4.1503586769104,0
5ae22b8d554299234fd0440f,bridge,7,7,-5.228741645812988,0
5ae22b8d554299234fd0440f,bridge,0,8,-5.614297389984131,0
5ae22b8d554299234fd0440f,bridge,9,9,-9.310439109802246,0
5adbda2755429944faac2385,bridge,2,0,9.221172332763672,1
5adbda2755429944faac2385,bridge,4,1,7.558992862701416,1
5adbda2755429944faac2385,bridge,1,2,4.933379173278809,0
5adbda2755429944faac2385,bridge,8,3,2.351921558380127,0
5adbda2755429944faac2385,bridge,3,4,1.9477602243423462,0
5adbda2755429944faac2385,bridge,0,5,-0.15107086300849915,0
5adbda2755429944faac2385,bridge,5,6,-0.4836731553077698,0
5adbda2755429944faac2385,bridge,6,7,-3.892817258834839,0
5adbda2755429944faac2385,bridge,7,8,-6.026435375213623,0
5adbda2755429944faac2385,bridge,9,9,-10.045417785644531,0
5ae1d1a55542997f29b3c138,bridge,2,0,3.7426061630249023,1
5ae1d1a55542997f29b3c138,bridge,4,1,2.6745972633361816,1
5ae1d1a55542997f29b3c138,bridge,5,2,-5.728529930114746,0
5ae1d1a55542997f29b3c138,bridge,0,3,-6.51156759262085,0
5ae1d1a55542997f29b3c138,bridge,1,4,-6.907349586486816,0
5ae1d1a55542997f29b3c138,bridge,9,5,-7.815646171569824,0
5ae1d1a55542997f29b3c138,bridge,3,6,-8.141195297241211,0
5ae1d1a55542997f29b3c138,bridge,8,7,-8.29369068145752,0
5ae1d1a55542997f29b3c138,bridge,7,8,-9.130572319030762,0
5ae1d1a55542997f29b3c138,bridge,6,9,-9.335193634033203,0
5ac3a2f35542993915413856,bridge,5,0,1.2436306476593018,0
5ac3a2f35542993915413856,bridge,6,1,1.2284084558486938,1
5ac3a2f35542993915413856,bridge,3,2,-0.3154108226299286,1
5ac3a2f35542993915413856,bridge,4,3,-0.9446174502372742,0
5ac3a2f35542993915413856,bridge,7,4,-3.471203088760376,0
5ac3a2f35542993915413856,bridge,8,5,-4.419448375701904,0
5ac3a2f35542993915413856,bridge,2,6,-4.4934401512146,0
5ac3a2f35542993915413856,bridge,1,7,-5.111199855804443,0
5ac3a2f35542993915413856,bridge,0,8,-6.5031819343566895,0
5ac3a2f35542993915413856,bridge,9,9,-7.778687953948975,0
5a7647b85542992d0ec0608a,bridge,0,0,7.21258020401001,1
5a7647b85542992d0ec0608a,bridge,3,1,4.446053981781006,1
5a7647b85542992d0ec0608a,bridge,8,2,-0.8417701125144958,0
5a7647b85542992d0ec0608a,bridge,4,3,-1.1065133810043335,0
5a7647b85542992d0ec0608a,bridge,1,4,-2.080550193786621,0
5a7647b85542992d0ec0608a,bridge,9,5,-2.531179189682007,0
5a7647b85542992d0ec0608a,bridge,6,6,-2.6126821041107178,0
5a7647b85542992d0ec0608a,bridge,2,7,-4.326021194458008,0
5a7647b85542992d0ec0608a,bridge,7,8,-4.341610431671143,0
5a7647b85542992d0ec0608a,bridge,5,9,-4.946055889129639,0
5ac49a1c5542996feb3fe905,bridge,4,0,4.200364589691162,1
5ac49a1c5542996feb3fe905,bridge,9,1,2.2053773403167725,0
5ac49a1c5542996feb3fe905,bridge,8,2,-0.47175881266593933,0
5ac49a1c5542996feb3fe905,bridge,2,3,-1.157623052597046,1
5ac49a1c5542996feb3fe905,bridge,1,4,-1.766811490058899,0
5ac49a1c5542996feb3fe905,bridge,5,5,-2.1496500968933105,0
5ac49a1c5542996feb3fe905,bridge,6,6,-3.7312276363372803,0
5ac49a1c5542996feb3fe905,bridge,7,7,-4.981282711029053,0
5ac49a1c5542996feb3fe905,bridge,3,8,-7.168094635009766,0
5ac49a1c5542996feb3fe905,bridge,0,9,-7.310277462005615,0
5ae60484554299546bf8301a,bridge,0,0,5.734480381011963,1
5ae60484554299546bf8301a,bridge,4,1,1.3460021018981934,0
5ae60484554299546bf8301a,bridge,8,2,0.9489147663116455,1
5ae60484554299546bf8301a,bridge,7,3,0.9080578684806824,0
5ae60484554299546bf8301a,bridge,2,4,-0.9650988578796387,0
5ae60484554299546bf8301a,bridge,1,5,-1.493571400642395,0
5ae60484554299546bf8301a,bridge,6,6,-1.7338827848434448,0
5ae60484554299546bf8301a,bridge,5,7,-2.0741331577301025,0
5ae60484554299546bf8301a,bridge,9,8,-2.3177192211151123,0
5ae60484554299546bf8301a,bridge,3,9,-10.091241836547852,0
5a84cf175542992a431d1aa2,comparison,9,0,6.341989994049072,1
5a84cf175542992a431d1aa2,comparison,6,1,2.5364980697631836,0
5a84cf175542992a431d1aa2,comparison,0,2,1.0662779808044434,0
5a84cf175542992a431d1aa2,comparison,2,3,1.037787914276123,1
5a84cf175542992a431d1aa2,comparison,5,4,0.057378072291612625,0
5a84cf175542992a431d1aa2,comparison,8,5,-0.843341588973999,0
5a84cf175542992a431d1aa2,comparison,4,6,-1.2773560285568237,0
5a84cf175542992a431d1aa2,comparison,3,7,-1.449694037437439,0
5a84cf175542992a431d1aa2,comparison,1,8,-1.9097435474395752,0
5a84cf175542992a431d1aa2,comparison,7,9,-4.310100555419922,0
5a81b2505542995ce29dcc32,bridge,3,0,8.284347534179688,1
5a81b2505542995ce29dcc32,bridge,1,1,2.112441301345825,1
5a81b2505542995ce29dcc32,bridge,0,2,-3.2048275470733643,0
5a81b2505542995ce29dcc32,bridge,8,3,-3.6908531188964844,0
5a81b2505542995ce29dcc32,bridge,4,4,-5.005821704864502,0
5a81b2505542995ce29dcc32,bridge,9,5,-5.252908229827881,0
5a81b2505542995ce29dcc32,bridge,2,6,-5.799997329711914,0
5a81b2505542995ce29dcc32,bridge,5,7,-6.672111511230469,0
5a81b2505542995ce29dcc32,bridge,7,8,-6.967884540557861,0
5a81b2505542995ce29dcc32,bridge,6,9,-8.071978569030762,0
5ab568af554299494045efaf,bridge,2,0,6.739460468292236,1
5ab568af554299494045efaf,bridge,1,1,3.8182544708251953,1
5ab568af554299494045efaf,bridge,8,2,2.707273244857788,0
5ab568af554299494045efaf,bridge,9,3,0.5712863206863403,0
5ab568af554299494045efaf,bridge,5,4,0.006939673330634832,0
5ab568af554299494045efaf,bridge,0,5,-1.5658888816833496,0
5ab568af554299494045efaf,bridge,3,6,-2.7802236080169678,0
5ab568af554299494045efaf,bridge,4,7,-2.930833339691162,0
5ab568af554299494045efaf,bridge,6,8,-3.113340139389038,0
5ab568af554299494045efaf,bridge,7,9,-3.6073153018951416,0
5a8f7a135542992414482adc,bridge,6,0,3.8448190689086914,1
5a8f7a135542992414482adc,bridge,1,1,0.3231319487094879,0
5a8f7a135542992414482adc,bridge,2,2,-4.878050327301025,1
5a8f7a135542992414482adc,bridge,7,3,-7.491000175476074,0
5a8f7a135542992414482adc,bridge,5,4,-9.13441276550293,0
5a8f7a135542992414482adc,bridge,0,5,-10.143936157226562,0
5a8f7a135542992414482adc,bridge,8,6,-10.248991012573242,0
5a8f7a135542992414482adc,bridge,3,7,-10.677650451660156,0
5a8f7a135542992414482adc,bridge,9,8,-11.028462409973145,0
5a8f7a135542992414482adc,bridge,4,9,-11.079984664916992,0
5ab2be71554299166977408c,bridge,0,0,7.131265640258789,1
5ab2be71554299166977408c,bridge,5,1,5.537780284881592,1
5ab2be71554299166977408c,bridge,2,2,2.7896692752838135,0
5ab2be71554299166977408c,bridge,7,3,-1.2507715225219727,0
5ab2be71554299166977408c,bridge,1,4,-2.544171094894409,0
5ab2be71554299166977408c,bridge,9,5,-3.0552873611450195,0
5ab2be71554299166977408c,bridge,8,6,-3.9599947929382324,0
5ab2be71554299166977408c,bridge,4,7,-4.177208423614502,0
5ab2be71554299166977408c,bridge,6,8,-4.467697620391846,0
5ab2be71554299166977408c,bridge,3,9,-4.524353981018066,0
5ae537e45542990ba0bbb235,bridge,6,0,6.574183464050293,1
5ae537e45542990ba0bbb235,bridge,3,1,4.564309120178223,0
5ae537e45542990ba0bbb235,bridge,2,2,4.258119106292725,0
5ae537e45542990ba0bbb235,bridge,0,3,4.127358913421631,0
5ae537e45542990ba0bbb235,bridge,5,4,3.768094301223755,1
5ae537e45542990ba0bbb235,bridge,1,5,3.3699324131011963,0
5ae537e45542990ba0bbb235,bridge,4,6,2.7921481132507324,0
5ae537e45542990ba0bbb235,bridge,9,7,1.074005126953125,0
5ae537e45542990ba0bbb235,bridge,8,8,0.4640484154224396,0
5ae537e45542990ba0bbb235,bridge,7,9,-2.8146064281463623,0
5ac2546a554299636651997b,comparison,6,0,4.969545841217041,0
5ac2546a554299636651997b,comparison,1,1,4.964119911193848,0
5ac2546a554299636651997b,comparison,3,2,4.950484275817871,1
5ac2546a554299636651997b,comparison,9,3,4.876797676086426,0
5ac2546a554299636651997b,comparison,2,4,4.739030838012695,0
5ac2546a554299636651997b,comparison,8,5,4.573409557342529,1
5ac2546a554299636651997b,comparison,5,6,4.07031774520874,0
5ac2546a554299636651997b,comparison,0,7,3.806032657623291,0
5ac2546a554299636651997b,comparison,4,8,2.1518003940582275,0
5ac2546a554299636651997b,comparison,7,9,-1.0650445222854614,0
5ae356045542990afbd1e10d,bridge,0,0,5.243107795715332,0
5ae356045542990afbd1e10d,bridge,2,1,4.383610725402832,0
5ae356045542990afbd1e10d,bridge,1,2,2.3240761756896973,1
5ae356045542990afbd1e10d,bridge,5,3,1.8272398710250854,0
5ae356045542990afbd1e10d,bridge,8,4,-0.7817071080207825,0
5ae356045542990afbd1e10d,bridge,6,5,-0.8445726633071899,0
5ae356045542990afbd1e10d,bridge,4,6,-1.786987543106079,0
5ae356045542990afbd1e10d,bridge,9,7,-1.9200390577316284,0
5ae356045542990afbd1e10d,bridge,3,8,-2.747166156768799,0
5ae356045542990afbd1e10d,bridge,7,9,-8.526639938354492,1
5ae1e6d95542997283cd22c3,bridge,8,0,11.090981483459473,1
5ae1e6d95542997283cd22c3,bridge,0,1,7.915388107299805,0
5ae1e6d95542997283cd22c3,bridge,5,2,3.8110103607177734,0
5ae1e6d95542997283cd22c3,bridge,9,3,3.62284779548645,0
5ae1e6d95542997283cd22c3,bridge,6,4,3.54898738861084,0
5ae1e6d95542997283cd22c3,bridge,3,5,3.18806529045105,0
5ae1e6d95542997283cd22c3,bridge,1,6,2.9032068252563477,0
5ae1e6d95542997283cd22c3,bridge,2,7,1.0050809383392334,0
5ae1e6d95542997283cd22c3,bridge,7,8,-0.8816521167755127,0
5ae1e6d95542997283cd22c3,bridge,4,9,-6.774533271789551,1
5a8b8f5b55429949d91db5e1,bridge,5,0,-0.3180104196071625,1
5a8b8f5b55429949d91db5e1,bridge,0,1,-2.363137722015381,1
5a8b8f5b55429949d91db5e1,bridge,8,2,-3.6837549209594727,0
5a8b8f5b55429949d91db5e1,bridge,3,3,-6.079839706420898,0
5a8b8f5b55429949d91db5e1,bridge,9,4,-6.160384654998779,0
5a8b8f5b55429949d91db5e1,bridge,1,5,-6.177618503570557,0
5a8b8f5b55429949d91db5e1,bridge,6,6,-6.337039947509766,0
5a8b8f5b55429949d91db5e1,bridge,4,7,-6.859333038330078,0
5a8b8f5b55429949d91db5e1,bridge,2,8,-6.877276420593262,0
5a8b8f5b55429949d91db5e1,bridge,7,9,-10.942195892333984,0
5ab3460055429976abd1bc80,bridge,8,0,5.469362258911133,1
5ab3460055429976abd1bc80,bridge,3,1,1.673961877822876,1
5ab3460055429976abd1bc80,bridge,9,2,1.3517553806304932,0
5ab3460055429976abd1bc80,bridge,4,3,-1.1515324115753174,0
5ab3460055429976abd1bc80,bridge,2,4,-1.6277574300765991,0
5ab3460055429976abd1bc80,bridge,6,5,-1.672193169593811,0
5ab3460055429976abd1bc80,bridge,5,6,-1.7856378555297852,0
5ab3460055429976abd1bc80,bridge,7,7,-1.9084157943725586,0
5ab3460055429976abd1bc80,bridge,0,8,-2.2635345458984375,0
5ab3460055429976abd1bc80,bridge,1,9,-2.385205030441284,0
5a7d2afb554299452d57bb41,bridge,2,0,7.390395164489746,1
5a7d2afb554299452d57bb41,bridge,5,1,7.256722927093506,1
5a7d2afb554299452d57bb41,bridge,4,2,3.811537265777588,0
5a7d2afb554299452d57bb41,bridge,7,3,3.347311019897461,0
5a7d2afb554299452d57bb41,bridge,6,4,3.2490177154541016,0
5a7d2afb554299452d57bb41,bridge,3,5,3.1563446521759033,0
5a7d2afb554299452d57bb41,bridge,1,6,3.0990028381347656,0
5a7d2afb554299452d57bb41,bridge,8,7,2.1013128757476807,0
5a7d2afb554299452d57bb41,bridge,9,8,1.1138898134231567,0
5a7d2afb554299452d57bb41,bridge,0,9,-0.10753381997346878,0
5adea95055429939a52fe931,bridge,9,0,1.2302623987197876,1
5adea95055429939a52fe931,bridge,7,1,-0.589275062084198,0
5adea95055429939a52fe931,bridge,5,2,-1.5745612382888794,1
5adea95055429939a52fe931,bridge,4,3,-7.176158428192139,0
5adea95055429939a52fe931,bridge,0,4,-7.406614303588867,0
5adea95055429939a52fe931,bridge,3,5,-7.819614410400391,0
5adea95055429939a52fe931,bridge,8,6,-7.994968414306641,0
5adea95055429939a52fe931,bridge,2,7,-8.288802146911621,0
5adea95055429939a52fe931,bridge,6,8,-9.499412536621094,0
5adea95055429939a52fe931,bridge,1,9,-9.976499557495117,0
5ab7d33d5542992aa3b8c859,bridge,2,0,6.551637172698975,0
5ab7d33d5542992aa3b8c859,bridge,0,1,6.14976167678833,1
5ab7d33d5542992aa3b8c859,bridge,9,2,5.789158821105957,1
5ab7d33d5542992aa3b8c859,bridge,1,3,5.412525177001953,0
5ab7d33d5542992aa3b8c859,bridge,7,4,4.434256553649902,0
5ab7d33d5542992aa3b8c859,bridge,8,5,3.8826725482940674,0
5ab7d33d5542992aa3b8c859,bridge,3,6,1.0914679765701294,0
5ab7d33d5542992aa3b8c859,bridge,4,7,0.4769838750362396,0
5ab7d33d5542992aa3b8c859,bridge,5,8,-1.0022976398468018,0
5ab7d33d5542992aa3b8c859,bridge,6,9,-1.6274714469909668,0
5a893f305542993b751ca91e,bridge,7,0,4.055412292480469,1
5a893f305542993b751ca91e,bridge,4,1,-1.6616368293762207,1
5a893f305542993b751ca91e,bridge,6,2,-2.750649929046631,0
5a893f305542993b751ca91e,bridge,3,3,-2.8770437240600586,0
5a893f305542993b751ca91e,bridge,1,4,-3.0297224521636963,0
5a893f305542993b751ca91e,bridge,5,5,-3.338921546936035,0
5a893f305542993b751ca91e,bridge,2,6,-3.394740343093872,0
5a893f305542993b751ca91e,bridge,0,7,-4.175185680389404,0
5a893f305542993b751ca91e,bridge,8,8,-4.966825485229492,0
5a893f305542993b751ca91e,bridge,9,9,-5.2595295906066895,0
5adea83b55429975fa854f53,bridge,2,0,9.223823547363281,1
5adea83b55429975fa854f53,bridge,9,1,-0.12710754573345184,0
5adea83b55429975fa854f53,bridge,0,2,-1.6179392337799072,0
5adea83b55429975fa854f53,bridge,5,3,-2.7560248374938965,0
5adea83b55429975fa854f53,bridge,1,4,-4.798670768737793,0
5adea83b55429975fa854f53,bridge,4,5,-4.829290390014648,0
5adea83b55429975fa854f53,bridge,6,6,-5.045884132385254,0
5adea83b55429975fa854f53,bridge,3,7,-5.194386959075928,1
5adea83b55429975fa854f53,bridge,8,8,-5.540665626525879,0
5adea83b55429975fa854f53,bridge,7,9,-9.109536170959473,0
5ae1d32a554299492dc91b9c,bridge,0,0,8.043049812316895,0
5ae1d32a554299492dc91b9c,bridge,6,1,7.849281311035156,0
5ae1d32a554299492dc91b9c,bridge,1,2,7.341731071472168,1
5ae1d32a554299492dc91b9c,bridge,3,3,6.94177770614624,0
5ae1d32a554299492dc91b9c,bridge,2,4,6.866461277008057,0
5ae1d32a554299492dc91b9c,bridge,8,5,6.754733562469482,0
5ae1d32a554299492dc91b9c,bridge,5,6,6.701260089874268,1
5ae1d32a554299492dc91b9c,bridge,7,7,6.291748046875,0
5ae1d32a554299492dc91b9c,bridge,4,8,5.17462158203125,0
5ae1d32a554299492dc91b9c,bridge,9,9,3.887510299682617,0
5a82accd55429966c78a6a78,comparison,9,0,6.199410915374756,1
5a82accd55429966c78a6a78,comparison,1,1,4.186140060424805,1
5a82accd55429966c78a6a78,comparison,3,2,-1.395571231842041,0
5a82accd55429966c78a6a78,comparison,7,3,-1.734603762626648,0
5a82accd55429966c78a6a78,comparison,4,4,-1.9810919761657715,0
5a82accd55429966c78a6a78,comparison,0,5,-2.04561448097229,0
5a82accd55429966c78a6a78,comparison,8,6,-2.0548207759857178,0
5a82accd55429966c78a6a78,comparison,2,7,-2.3961246013641357,0
5a82accd55429966c78a6a78,comparison,5,8,-2.5174100399017334,0
5a82accd55429966c78a6a78,comparison,6,9,-2.8079299926757812,0
5a90ba1b55429933b8a205c6,comparison,6,0,6.460361957550049,1
5a90ba1b55429933b8a205c6,comparison,7,1,6.1850409507751465,1
5a90ba1b55429933b8a205c6,comparison,4,2,4.401898384094238,0
5a90ba1b55429933b8a205c6,comparison,8,3,2.7829158306121826,0
5a90ba1b55429933b8a205c6,comparison,0,4,0.6057989597320557,0
5a90ba1b55429933b8a205c6,comparison,1,5,-0.06311000138521194,0
5a90ba1b55429933b8a205c6,comparison,9,6,-0.25743427872657776,0
5a90ba1b55429933b8a205c6,comparison,2,7,-1.0698617696762085,0
5a90ba1b55429933b8a205c6,comparison,3,8,-1.2296133041381836,0
5a90ba1b55429933b8a205c6,comparison,5,9,-5.077408790588379,0
5adcb6875542994ed6169bcb,comparison,6,0,3.569121837615967,1
5adcb6875542994ed6169bcb,comparison,4,1,2.328580856323242,0
5adcb6875542994ed6169bcb,comparison,8,2,1.9263912439346313,0
5adcb6875542994ed6169bcb,comparison,5,3,1.1403988599777222,0
5adcb6875542994ed6169bcb,comparison,7,4,0.901654839515686,1
5adcb6875542994ed6169bcb,comparison,1,5,0.3813059628009796,0
5adcb6875542994ed6169bcb,comparison,3,6,-0.4343697130680084,0
5adcb6875542994ed6169bcb,comparison,9,7,-0.4449455738067627,0
5adcb6875542994ed6169bcb,comparison,0,8,-0.8345996141433716,0
5adcb6875542994ed6169bcb,comparison,2,9,-3.911052703857422,0
5a7f95685542995d8a8ddeaa,bridge,0,0,5.125077247619629,0
5a7f95685542995d8a8ddeaa,bridge,3,1,3.5845229625701904,0
5a7f95685542995d8a8ddeaa,bridge,1,2,2.7075624465942383,0
5a7f95685542995d8a8ddeaa,bridge,7,3,1.7412457466125488,1
5a7f95685542995d8a8ddeaa,bridge,5,4,-3.0306639671325684,0
5a7f95685542995d8a8ddeaa,bridge,2,5,-3.4306740760803223,1
5a7f95685542995d8a8ddeaa,bridge,9,6,-4.407075881958008,0
5a7f95685542995d8a8ddeaa,bridge,6,7,-4.9317731857299805,0
5a7f95685542995d8a8ddeaa,bridge,8,8,-6.114903450012207,0
5a7f95685542995d8a8ddeaa,bridge,4,9,-6.629199028015137,0
5a78b386554299148911f949,bridge,8,0,3.869645357131958,1
5a78b386554299148911f949,bridge,0,1,1.8738998174667358,0
5a78b386554299148911f949,bridge,6,2,1.195246696472168,0
5a78b386554299148911f949,bridge,2,3,-5.3446197509765625,0
5a78b386554299148911f949,bridge,9,4,-6.233455181121826,0
5a78b386554299148911f949,bridge,3,5,-6.336122512817383,0
5a78b386554299148911f949,bridge,4,6,-6.500696182250977,0
5a78b386554299148911f949,bridge,5,7,-6.678530216217041,0
5a78b386554299148911f949,bridge,1,8,-6.915761470794678,0
5a78b386554299148911f949,bridge,7,9,-7.293778896331787,1
5a8c781c554299653c1aa083,bridge,2,0,4.103363513946533,0
5a8c781c554299653c1aa083,bridge,4,1,2.3880844116210938,1
5a8c781c554299653c1aa083,bridge,9,2,0.7390033602714539,1
5a8c781c554299653c1aa083,bridge,1,3,-0.3923708498477936,0
5a8c781c554299653c1aa083,bridge,3,4,-1.7922275066375732,0
5a8c781c554299653c1aa083,bridge,8,5,-1.9913400411605835,0
5a8c781c554299653c1aa083,bridge,7,6,-3.8804690837860107,0
5a8c781c554299653c1aa083,bridge,5,7,-4.769009113311768,0
5a8c781c554299653c1aa083,bridge,0,8,-5.900252819061279,0
5a8c781c554299653c1aa083,bridge,6,9,-6.5249762535095215,0
5a80ae105542992bc0c4a7a2,comparison,5,0,0.44894495606422424,1
5a80ae105542992bc0c4a7a2,comparison,7,1,0.3748873174190521,1
5a80ae105542992bc0c4a7a2,comparison,8,2,-3.110722064971924,0
5a80ae105542992bc0c4a7a2,comparison,0,3,-3.8139429092407227,0
5a80ae105542992bc0c4a7a2,comparison,4,4,-3.946833848953247,0
5a80ae105542992bc0c4a7a2,comparison,6,5,-4.750657558441162,0
5a80ae105542992bc0c4a7a2,comparison,3,6,-5.0849385261535645,0
5a80ae105542992bc0c4a7a2,comparison,9,7,-6.353458404541016,0
5a80ae105542992bc0c4a7a2,comparison,2,8,-7.8037004470825195,0
5a80ae105542992bc0c4a7a2,comparison,1,9,-7.938460350036621,0
5a84992e5542992a431d1a6d,bridge,9,0,7.440887451171875,1
5a84992e5542992a431d1a6d,bridge,1,1,-0.6921772360801697,0
5a84992e5542992a431d1a6d,bridge,8,2,-1.7012617588043213,0
5a84992e5542992a431d1a6d,bridge,2,3,-2.1059393882751465,0
5a84992e5542992a431d1a6d,bridge,6,4,-2.1068427562713623,0
5a84992e5542992a431d1a6d,bridge,5,5,-2.138216495513916,0
5a84992e5542992a431d1a6d,bridge,4,6,-2.2367758750915527,0
5a84992e5542992a431d1a6d,bridge,3,7,-2.2549591064453125,0
5a84992e5542992a431d1a6d,bridge,7,8,-2.3312201499938965,0
5a84992e5542992a431d1a6d,bridge,0,9,-5.829851150512695,1
5a8f2cc855429918e830d1be,bridge,3,0,4.748477935791016,1
5a8f2cc855429918e830d1be,bridge,0,1,3.038954496383667,0
5a8f2cc855429918e830d1be,bridge,1,2,2.84476900100708,0
5a8f2cc855429918e830d1be,bridge,2,3,2.566939115524292,0
5a8f2cc855429918e830d1be,bridge,5,4,-3.4789774417877197,0
5a8f2cc855429918e830d1be,bridge,4,5,-4.283662796020508,0
5a8f2cc855429918e830d1be,bridge,6,6,-4.587568283081055,0
5a8f2cc855429918e830d1be,bridge,9,7,-7.466146945953369,0
5a8f2cc855429918e830d1be,bridge,7,8,-8.31009292602539,0
5a8f2cc855429918e830d1be,bridge,8,9,-9.269331932067871,1
5a8841ee5542994846c1ce6b,comparison,7,0,0.9772008061408997,1
5a8841ee5542994846c1ce6b,comparison,5,1,-2.322593927383423,1
5a8841ee5542994846c1ce6b,comparison,3,2,-2.556767702102661,0
5a8841ee5542994846c1ce6b,comparison,2,3,-3.025621175765991,0
5a8841ee5542994846c1ce6b,comparison,1,4,-3.679171562194824,0
5a8841ee5542994846c1ce6b,comparison,9,5,-3.9775166511535645,0
5a8841ee5542994846c1ce6b,comparison,6,6,-4.067521095275879,0
5a8841ee5542994846c1ce6b,comparison,0,7,-4.441513538360596,0
5a8841ee5542994846c1ce6b,comparison,4,8,-4.825654983520508,0
5a8841ee5542994846c1ce6b,comparison,8,9,-5.681763648986816,0
5adf85e05542993344016cba,bridge,9,0,4.452423095703125,1
5adf85e05542993344016cba,bridge,7,1,4.200812339782715,0
5adf85e05542993344016cba,bridge,2,2,3.871769905090332,0
5adf85e05542993344016cba,bridge,5,3,2.651549816131592,0
5adf85e05542993344016cba,bridge,6,4,2.4510719776153564,1
5adf85e05542993344016cba,bridge,1,5,2.180837631225586,0
5adf85e05542993344016cba,bridge,4,6,1.992772102355957,0
5adf85e05542993344016cba,bridge,3,7,1.9311667680740356,0
5adf85e05542993344016cba,bridge,0,8,-0.5794247388839722,0
5adf85e05542993344016cba,bridge,8,9,-0.9129071831703186,0
5a77415b55429966f1a36cd2,bridge,8,0,4.89210844039917,1
5a77415b55429966f1a36cd2,bridge,0,1,4.111340522766113,1
5a77415b55429966f1a36cd2,bridge,7,2,-0.6243051290512085,0
5a77415b55429966f1a36cd2,bridge,5,3,-0.6876910924911499,0
5a77415b55429966f1a36cd2,bridge,6,4,-2.7585341930389404,0
5a77415b55429966f1a36cd2,bridge,2,5,-4.0641303062438965,0
5a77415b55429966f1a36cd2,bridge,3,6,-4.777102947235107,0
5a77415b55429966f1a36cd2,bridge,9,7,-5.166512966156006,0
5a77415b55429966f1a36cd2,bridge,4,8,-7.191869735717773,0
5a77415b55429966f1a36cd2,bridge,1,9,-9.4832181930542,0
5a72fc865542991f9a20c5e9,bridge,5,0,7.119270324707031,1
5a72fc865542991f9a20c5e9,bridge,6,1,5.632716178894043,0
5a72fc865542991f9a20c5e9,bridge,4,2,5.521475315093994,1
5a72fc865542991f9a20c5e9,bridge,2,3,2.826371431350708,0
5a72fc865542991f9a20c5e9,bridge,8,4,2.756382942199707,0
5a72fc865542991f9a20c5e9,bridge,9,5,2.6097261905670166,0
5a72fc865542991f9a20c5e9,bridge,1,6,2.5562617778778076,0
5a72fc865542991f9a20c5e9,bridge,0,7,2.446883201599121,0
5a72fc865542991f9a20c5e9,bridge,7,8,1.3238047361373901,0
5a72fc865542991f9a20c5e9,bridge,3,9,-0.1281191110610962,0
5ac4e13f554299076e296e2d,bridge,9,0,8.400485038757324,1
5ac4e13f554299076e296e2d,bridge,2,1,-0.8336080312728882,0
5ac4e13f554299076e296e2d,bridge,0,2,-0.9059943556785583,0
5ac4e13f554299076e296e2d,bridge,4,3,-2.1421127319335938,1
5ac4e13f554299076e296e2d,bridge,5,4,-2.346095085144043,0
5ac4e13f554299076e296e2d,bridge,3,5,-3.6731650829315186,0
5ac4e13f554299076e296e2d,bridge,7,6,-3.750093460083008,0
5ac4e13f554299076e296e2d,bridge,8,7,-4.590840816497803,0
5ac4e13f554299076e296e2d,bridge,1,8,-5.772473335266113,0
5ac4e13f554299076e296e2d,bridge,6,9,-6.651337623596191,0
5a7796e05542992a6e59df0f,bridge,1,0,7.518934726715088,1
5a7796e05542992a6e59df0f,bridge,8,1,7.0967302322387695,1
5a7796e05542992a6e59df0f,bridge,2,2,3.380082845687866,0
5a7796e05542992a6e59df0f,bridge,4,3,3.3396880626678467,0
5a7796e05542992a6e59df0f,bridge,5,4,2.567079782485962,0
5a7796e05542992a6e59df0f,bridge,3,5,0.3408069610595703,0
5a7796e05542992a6e59df0f,bridge,0,6,-4.531599998474121,0
5a7796e05542992a6e59df0f,bridge,6,7,-7.060515403747559,0
5a7796e05542992a6e59df0f,bridge,7,8,-10.091937065124512,0
5a7796e05542992a6e59df0f,bridge,9,9,-10.883599281311035,0
5ae3eabc5542995dadf2424f,bridge,5,0,8.881682395935059,1
5ae3eabc5542995dadf2424f,bridge,1,1,0.9986613988876343,0
5ae3eabc5542995dadf2424f,bridge,3,2,-1.0444766283035278,0
5ae3eabc5542995dadf2424f,bridge,7,3,-3.991596221923828,1
5ae3eabc5542995dadf2424f,bridge,8,4,-4.770441055297852,0
5ae3eabc5542995dadf2424f,bridge,4,5,-5.239906311035156,0
5ae3eabc5542995dadf2424f,bridge,9,6,-5.323739051818848,0
5ae3eabc5542995dadf2424f,bridge,0,7,-6.798779010772705,0
5ae3eabc5542995dadf2424f,bridge,2,8,-6.833490371704102,0
5ae3eabc5542995dadf2424f,bridge,6,9,-7.873330593109131,0
5ae3c71f5542991a06ce9a22,bridge,5,0,7.690394878387451,1
5ae3c71f5542991a06ce9a22,bridge,1,1,5.662421226501465,1
5ae3c71f5542991a06ce9a22,bridge,7,2,3.178236246109009,0
5ae3c71f5542991a06ce9a22,bridge,6,3,3.064826250076294,0
5ae3c71f5542991a06ce9a22,bridge,8,4,2.597322702407837,0
5ae3c71f5542991a06ce9a22,bridge,4,5,1.9992784261703491,0
5ae3c71f5542991a06ce9a22,bridge,2,6,0.7203878164291382,0
5ae3c71f5542991a06ce9a22,bridge,3,7,0.5422974824905396,0
5ae3c71f5542991a06ce9a22,bridge,0,8,0.456351637840271,0
5ae3c71f5542991a06ce9a22,bridge,9,9,-0.39587897062301636,0
5ae25d2b554299495565da46,comparison,7,0,7.036684036254883,1
5ae25d2b554299495565da46,comparison,3,1,6.056147575378418,1
5ae25d2b554299495565da46,comparison,9,2,5.3900556564331055,0
5ae25d2b554299495565da46,comparison,0,3,2.021906614303589,0
5ae25d2b554299495565da46,comparison,2,4,1.7356243133544922,0
5ae25d2b554299495565da46,comparison,8,5,1.318010687828064,0
5ae25d2b554299495565da46,comparison,6,6,0.5534812808036804,0
5ae25d2b554299495565da46,comparison,5,7,0.5420326590538025,0
5ae25d2b554299495565da46,comparison,4,8,0.2325524240732193,0
5ae25d2b554299495565da46,comparison,1,9,-4.444953918457031,0
5ab8179f5542990e739ec817,bridge,5,0,7.178671360015869,1
5ab8179f5542990e739ec817,bridge,0,1,4.704104423522949,1
5ab8179f5542990e739ec817,bridge,4,2,3.8015174865722656,0
5ab8179f5542990e739ec817,bridge,1,3,3.167421817779541,0
5ab8179f5542990e739ec817,bridge,8,4,2.91267466545105,0
5ab8179f5542990e739ec817,bridge,3,5,1.5438297986984253,0
5ab8179f5542990e739ec817,bridge,2,6,0.8627370595932007,0
5ab8179f5542990e739ec817,bridge,6,7,-0.1379615068435669,0
5ab8179f5542990e739ec817,bridge,7,8,-1.7181884050369263,0
5ab8179f5542990e739ec817,bridge,9,9,-6.13484001159668,0
5adc411f5542994650320cbc,comparison,6,0,6.278534889221191,1
5adc411f5542994650320cbc,comparison,2,1,4.846924304962158,1
5adc411f5542994650320cbc,comparison,1,2,4.405163764953613,0
5adc411f5542994650320cbc,comparison,8,3,2.1213393211364746,0
5adc411f5542994650320cbc,comparison,3,4,1.7131885290145874,0
5adc411f5542994650320cbc,comparison,9,5,-0.8878183960914612,0
5adc411f5542994650320cbc,comparison,7,6,-2.8979361057281494,0
5adc411f5542994650320cbc,comparison,0,7,-3.7258453369140625,0
5adc411f5542994650320cbc,comparison,4,8,-4.207035064697266,0
5adc411f5542994650320cbc,comparison,5,9,-8.349472045898438,0
5aba6f3e55429955dce3ee21,bridge,7,0,6.974001407623291,1
5aba6f3e55429955dce3ee21,bridge,9,1,2.9823906421661377,0
5aba6f3e55429955dce3ee21,bridge,6,2,2.3237884044647217,0
5aba6f3e55429955dce3ee21,bridge,4,3,0.49069666862487793,1
5aba6f3e55429955dce3ee21,bridge,5,4,-1.4645944833755493,0
5aba6f3e55429955dce3ee21,bridge,8,5,-1.8689697980880737,0
5aba6f3e55429955dce3ee21,bridge,1,6,-4.538189888000488,0
5aba6f3e55429955dce3ee21,bridge,2,7,-5.163132667541504,0
5aba6f3e55429955dce3ee21,bridge,0,8,-6.859537601470947,0
5aba6f3e55429955dce3ee21,bridge,3,9,-8.144104957580566,0
5add2dae5542992c1e3a2558,comparison,6,0,5.714540481567383,1
5add2dae5542992c1e3a2558,comparison,0,1,5.482783317565918,1
5add2dae5542992c1e3a2558,comparison,2,2,3.246572494506836,0
5add2dae5542992c1e3a2558,comparison,3,3,2.5154013633728027,0
5add2dae5542992c1e3a2558,comparison,4,4,2.092045307159424,0
5add2dae5542992c1e3a2558,comparison,7,5,2.036144971847534,0
5add2dae5542992c1e3a2558,comparison,9,6,1.1360430717468262,0
5add2dae5542992c1e3a2558,comparison,1,7,0.7984653115272522,0
5add2dae5542992c1e3a2558,comparison,8,8,0.4385167360305786,0
5add2dae5542992c1e3a2558,comparison,5,9,-1.6176973581314087,0
5ae14b0655429920d52343a6,bridge,1,0,5.917442321777344,1
5ae14b0655429920d52343a6,bridge,6,1,1.1058851480484009,0
5ae14b0655429920d52343a6,bridge,5,2,0.9697396755218506,0
5ae14b0655429920d52343a6,bridge,9,3,0.11823148280382156,0
5ae14b0655429920d52343a6,bridge,7,4,-0.8836811184883118,0
5ae14b0655429920d52343a6,bridge,0,5,-1.1420561075210571,1
5ae14b0655429920d52343a6,bridge,8,6,-1.986801266670227,0
5ae14b0655429920d52343a6,bridge,2,7,-2.2114648818969727,0
5ae14b0655429920d52343a6,bridge,3,8,-3.238863945007324,0
5ae14b0655429920d52343a6,bridge,4,9,-3.7825088500976562,0
5a730a6b5542992359bc3210,comparison,1,0,3.87467360496521,1
5a730a6b5542992359bc3210,comparison,2,1,2.259962320327759,1
5a730a6b5542992359bc3210,comparison,0,2,0.14170770347118378,0
5a730a6b5542992359bc3210,comparison,3,3,-1.59065842628479,0
5a730a6b5542992359bc3210,comparison,7,4,-2.785118579864502,0
5a730a6b5542992359bc3210,comparison,8,5,-4.19564962387085,0
5a730a6b5542992359bc3210,comparison,4,6,-4.336018085479736,0
5a730a6b5542992359bc3210,comparison,6,7,-5.314687728881836,0
5a730a6b5542992359bc3210,comparison,5,8,-5.593048095703125,0
5a730a6b5542992359bc3210,comparison,9,9,-6.7365217208862305,0
5a75fa14554299109176e5dc,bridge,2,0,5.085835933685303,1
5a75fa14554299109176e5dc,bridge,8,1,5.063756942749023,0
5a75fa14554299109176e5dc,bridge,3,2,4.888217926025391,0
5a75fa14554299109176e5dc,bridge,7,3,4.2521443367004395,0
5a75fa14554299109176e5dc,bridge,9,4,4.216192722320557,0
5a75fa14554299109176e5dc,bridge,0,5,4.161712646484375,0
5a75fa14554299109176e5dc,bridge,5,6,3.8430802822113037,0
5a75fa14554299109176e5dc,bridge,1,7,3.301539659500122,0
5a75fa14554299109176e5dc,bridge,6,8,2.7872133255004883,1
5a75fa14554299109176e5dc,bridge,4,9,-1.214403748512268,0
5ac35a7e554299741d48a257,bridge,9,0,3.193187952041626,1
5ac35a7e554299741d48a257,bridge,0,1,-1.4418736696243286,0
5ac35a7e554299741d48a257,bridge,7,2,-7.036037445068359,0
5ac35a7e554299741d48a257,bridge,8,3,-7.146055698394775,0
5ac35a7e554299741d48a257,bridge,1,4,-7.21721887588501,0
5ac35a7e554299741d48a257,bridge,5,5,-7.545305252075195,1
5ac35a7e554299741d48a257,bridge,3,6,-8.425200462341309,0
5ac35a7e554299741d48a257,bridge,4,7,-8.928485870361328,0
5ac35a7e554299741d48a257,bridge,2,8,-9.2222900390625,0
5ac35a7e554299741d48a257,bridge,6,9,-9.844812393188477,0
5a8651185542994775f60752,comparison,7,0,6.115106582641602,1
5a8651185542994775f60752,comparison,6,1,3.6095199584960938,0
5a8651185542994775f60752,comparison,5,2,3.3834643363952637,1
5a8651185542994775f60752,comparison,0,3,3.1149091720581055,0
5a8651185542994775f60752,comparison,8,4,2.91809344291687,0
5a8651185542994775f60752,comparison,2,5,2.127695322036743,0
5a8651185542994775f60752,comparison,3,6,1.6609861850738525,0
5a8651185542994775f60752,comparison,4,7,1.384268879890442,0
5a8651185542994775f60752,comparison,9,8,-1.7090692520141602,0
5a8651185542994775f60752,comparison,1,9,-2.642305612564087,0
5a79fe3b5542994f819ef119,bridge,5,0,6.323798656463623,1
5a79fe3b5542994f819ef119,bridge,2,1,1.368772268295288,1
5a79fe3b5542994f819ef119,bridge,0,2,-6.1400651931762695,0
5a79fe3b5542994f819ef119,bridge,9,3,-7.495728969573975,0
5a79fe3b5542994f819ef119,bridge,6,4,-7.823780536651611,0
5a79fe3b5542994f819ef119,bridge,8,5,-8.326704978942871,0
5a79fe3b5542994f819ef119,bridge,7,6,-8.763660430908203,0
5a79fe3b5542994f819ef119,bridge,4,7,-10.117984771728516,0
5a79fe3b5542994f819ef119,bridge,1,8,-10.191287994384766,0
5a79fe3b5542994f819ef119,bridge,3,9,-10.262081146240234,0
5a8268215542995ce29dccfb,bridge,2,0,3.9679489135742188,1
5a8268215542995ce29dccfb,bridge,6,1,0.8042413592338562,0
5a8268215542995ce29dccfb,bridge,7,2,0.6983907222747803,1
5a8268215542995ce29dccfb,bridge,8,3,-0.13910327851772308,0
5a8268215542995ce29dccfb,bridge,5,4,-2.846648693084717,0
5a8268215542995ce29dccfb,bridge,4,5,-3.549473762512207,0
5a8268215542995ce29dccfb,bridge,0,6,-5.297797203063965,0
5a8268215542995ce29dccfb,bridge,9,7,-5.975789546966553,0
5a8268215542995ce29dccfb,bridge,1,8,-8.55099105834961,0
5a8268215542995ce29dccfb,bridge,3,9,-11.129754066467285,0
5a7605f85542994ccc91868d,comparison,3,0,6.349534511566162,1
5a7605f85542994ccc91868d,comparison,5,1,6.294522285461426,1
5a7605f85542994ccc91868d,comparison,8,2,3.8372511863708496,0
5a7605f85542994ccc91868d,comparison,4,3,3.8060731887817383,0
5a7605f85542994ccc91868d,comparison,6,4,3.356083869934082,0
5a7605f85542994ccc91868d,comparison,9,5,3.102083206176758,0
5a7605f85542994ccc91868d,comparison,0,6,3.0884454250335693,0
5a7605f85542994ccc91868d,comparison,7,7,2.545548915863037,0
5a7605f85542994ccc91868d,comparison,1,8,2.478973388671875,0
5a7605f85542994ccc91868d,comparison,2,9,1.5547252893447876,0
5adf74075542992d7e9f937c,bridge,4,0,6.719518661499023,1
5adf74075542992d7e9f937c,bridge,6,1,-2.1899960041046143,1
5adf74075542992d7e9f937c,bridge,0,2,-3.8791251182556152,0
5adf74075542992d7e9f937c,bridge,9,3,-4.192469120025635,0
5adf74075542992d7e9f937c,bridge,7,4,-4.397612571716309,0
5adf74075542992d7e9f937c,bridge,3,5,-5.321010112762451,0
5adf74075542992d7e9f937c,bridge,5,6,-5.323643207550049,0
5adf74075542992d7e9f937c,bridge,8,7,-5.627330303192139,0
5adf74075542992d7e9f937c,bridge,1,8,-6.503239154815674,0
5adf74075542992d7e9f937c,bridge,2,9,-7.1212615966796875,0
5abe2b0155429976d4830a83,bridge,3,0,9.32442855834961,1
5abe2b0155429976d4830a83,bridge,5,1,2.8243727684020996,1
5abe2b0155429976d4830a83,bridge,9,2,1.9671530723571777,0
5abe2b0155429976d4830a83,bridge,6,3,-1.963883638381958,0
5abe2b0155429976d4830a83,bridge,4,4,-2.1957972049713135,0
5abe2b0155429976d4830a83,bridge,8,5,-4.8530778884887695,0
5abe2b0155429976d4830a83,bridge,0,6,-6.407482624053955,0
5abe2b0155429976d4830a83,bridge,2,7,-7.051222801208496,0
5abe2b0155429976d4830a83,bridge,7,8,-7.462668418884277,0
5abe2b0155429976d4830a83,bridge,1,9,-8.01478099822998,0
5a849c1b5542997175ce1ef9,bridge,4,0,4.025227069854736,0
5a849c1b5542997175ce1ef9,bridge,0,1,3.0898637771606445,1
5a849c1b5542997175ce1ef9,bridge,5,2,1.7362759113311768,0
5a849c1b5542997175ce1ef9,bridge,9,3,-0.6036730408668518,0
5a849c1b5542997175ce1ef9,bridge,1,4,-1.3344902992248535,0
5a849c1b5542997175ce1ef9,bridge,7,5,-1.3592309951782227,0
5a849c1b5542997175ce1ef9,bridge,6,6,-2.336909532546997,0
5a849c1b5542997175ce1ef9,bridge,3,7,-7.809144973754883,0
5a849c1b5542997175ce1ef9,bridge,8,8,-8.284811019897461,1
5a849c1b5542997175ce1ef9,bridge,2,9,-10.922667503356934,0
5a81108855429926c1cdace2,bridge,9,0,3.848381519317627,1
5a81108855429926c1cdace2,bridge,0,1,-2.0681567192077637,0
5a81108855429926c1cdace2,bridge,5,2,-2.636777400970459,0
5a81108855429926c1cdace2,bridge,2,3,-3.4222922325134277,0
5a81108855429926c1cdace2,bridge,6,4,-5.965298175811768,0
5a81108855429926c1cdace2,bridge,3,5,-6.636951446533203,0
5a81108855429926c1cdace2,bridge,8,6,-6.849941730499268,0
5a81108855429926c1cdace2,bridge,1,7,-7.416511058807373,0
5a81108855429926c1cdace2,bridge,4,8,-8.95288372039795,1
5a81108855429926c1cdace2,bridge,7,9,-9.82578182220459,0
5a8e06785542995085b37383,bridge,4,0,8.145989418029785,1
5a8e06785542995085b37383,bridge,0,1,6.365528106689453,1
5a8e06785542995085b37383,bridge,5,2,1.3187710046768188,0
5a8e06785542995085b37383,bridge,2,3,0.8230926394462585,0
5a8e06785542995085b37383,bridge,3,4,-0.2021988034248352,0
5a8e06785542995085b37383,bridge,7,5,-1.6223071813583374,0
5a8e06785542995085b37383,bridge,6,6,-1.8180789947509766,0
5a8e06785542995085b37383,bridge,8,7,-3.831920862197876,0
5a8e06785542995085b37383,bridge,1,8,-5.2964396476745605,0
5a8e06785542995085b37383,bridge,9,9,-6.18933629989624,0
5adbfa38554299438c868d00,bridge,6,0,5.117411136627197,1
5adbfa38554299438c868d00,bridge,8,1,1.8371037244796753,1
5adbfa38554299438c868d00,bridge,4,2,1.6703993082046509,0
5adbfa38554299438c868d00,bridge,5,3,0.5557882785797119,0
5adbfa38554299438c868d00,bridge,7,4,-0.7243219017982483,0
5adbfa38554299438c868d00,bridge,9,5,-0.8417556881904602,0
5adbfa38554299438c868d00,bridge,2,6,-1.5825648307800293,0
5adbfa38554299438c868d00,bridge,3,7,-2.431666851043701,0
5adbfa38554299438c868d00,bridge,1,8,-2.6274654865264893,0
5adbfa38554299438c868d00,bridge,0,9,-3.064528703689575,0
5a73b1855542992d56e7e388,bridge,0,0,6.112071990966797,0
5a73b1855542992d56e7e388,bridge,3,1,4.9979448318481445,1
5a73b1855542992d56e7e388,bridge,8,2,4.09352970123291,1
5a73b1855542992d56e7e388,bridge,5,3,2.6418306827545166,0
5a73b1855542992d56e7e388,bridge,4,4,-1.110976219177246,0
5a73b1855542992d56e7e388,bridge,6,5,-1.7788857221603394,0
5a73b1855542992d56e7e388,bridge,7,6,-2.560319423675537,0
5a73b1855542992d56e7e388,bridge,2,7,-3.12029767036438,0
5a73b1855542992d56e7e388,bridge,9,8,-3.6998038291931152,0
5a73b1855542992d56e7e388,bridge,1,9,-5.809048175811768,0
5ab94fa25542996be2020474,bridge,3,0,4.1963982582092285,1
5ab94fa25542996be2020474,bridge,2,1,1.8492025136947632,0
5ab94fa25542996be2020474,bridge,7,2,-1.175223469734192,1
5ab94fa25542996be2020474,bridge,9,3,-2.0218684673309326,0
5ab94fa25542996be2020474,bridge,0,4,-2.3892929553985596,0
5ab94fa25542996be2020474,bridge,1,5,-2.6945908069610596,0
5ab94fa25542996be2020474,bridge,5,6,-3.1108171939849854,0
5ab94fa25542996be2020474,bridge,4,7,-3.6230132579803467,0
5ab94fa25542996be2020474,bridge,6,8,-3.853144884109497,0
5ab94fa25542996be2020474,bridge,8,9,-5.926120758056641,0
5a7e7d4655429934daa2fc2e,bridge,9,0,4.651607990264893,1
5a7e7d4655429934daa2fc2e,bridge,7,1,2.71171498298645,1
5a7e7d4655429934daa2fc2e,bridge,8,2,-2.545600652694702,0
5a7e7d4655429934daa2fc2e,bridge,3,3,-3.088874578475952,0
5a7e7d4655429934daa2fc2e,bridge,2,4,-3.3275582790374756,0
5a7e7d4655429934daa2fc2e,bridge,6,5,-4.833828926086426,0
5a7e7d4655429934daa2fc2e,bridge,1,6,-6.719925403594971,0
5a7e7d4655429934daa2fc2e,bridge,4,7,-7.570474147796631,0
5a7e7d4655429934daa2fc2e,bridge,0,8,-9.466447830200195,0
5a7e7d4655429934daa2fc2e,bridge,5,9,-10.027409553527832,0
5a75d9c05542992db94736f6,bridge,5,0,5.363645553588867,1
5a75d9c05542992db94736f6,bridge,0,1,4.906172752380371,0
5a75d9c05542992db94736f6,bridge,4,2,2.5802245140075684,0
5a75d9c05542992db94736f6,bridge,6,3,2.20278000831604,0
5a75d9c05542992db94736f6,bridge,2,4,0.6877442598342896,1
5a75d9c05542992db94736f6,bridge,8,5,-0.7253932356834412,0
5a75d9c05542992db94736f6,bridge,1,6,-1.6947433948516846,0
5a75d9c05542992db94736f6,bridge,3,7,-1.9060744047164917,0
5a75d9c05542992db94736f6,bridge,7,8,-2.046175241470337,0
5a75d9c05542992db94736f6,bridge,9,9,-4.519183158874512,0
5adf33965542993344016c20,bridge,1,0,9.077826499938965,1
5adf33965542993344016c20,bridge,0,1,8.133312225341797,1
5adf33965542993344016c20,bridge,2,2,4.5160112380981445,0
5adf33965542993344016c20,bridge,9,3,3.1095399856567383,0
5adf33965542993344016c20,bridge,3,4,2.736464023590088,0
5adf33965542993344016c20,bridge,7,5,1.5730253458023071,0
5adf33965542993344016c20,bridge,5,6,0.2009943425655365,0
5adf33965542993344016c20,bridge,4,7,-1.005637288093567,0
5adf33965542993344016c20,bridge,8,8,-1.0300239324569702,0
5adf33965542993344016c20,bridge,6,9,-1.1222751140594482,0
5a8f979255429918e830d288,bridge,6,0,5.360224723815918,0
5a8f979255429918e830d288,bridge,4,1,1.746816873550415,1
5a8f979255429918e830d288,bridge,9,2,1.6097193956375122,0
5a8f979255429918e830d288,bridge,5,3,1.1510951519012451,0
5a8f979255429918e830d288,bridge,0,4,-0.7384812831878662,0
5a8f979255429918e830d288,bridge,8,5,-0.7414877414703369,0
5a8f979255429918e830d288,bridge,1,6,-0.8710699081420898,0
5a8f979255429918e830d288,bridge,2,7,-2.261338949203491,0
5a8f979255429918e830d288,bridge,7,8,-3.09126615524292,1
5a8f979255429918e830d288,bridge,3,9,-4.112237930297852,0
5a8a17685542993b751ca9f3,bridge,8,0,3.918806314468384,1
5a8a17685542993b751ca9f3,bridge,1,1,1.2381619215011597,1
5a8a17685542993b751ca9f3,bridge,3,2,-1.4299026727676392,0
5a8a17685542993b751ca9f3,bridge,7,3,-2.2758259773254395,0
5a8a17685542993b751ca9f3,bridge,0,4,-2.987175941467285,0
5a8a17685542993b751ca9f3,bridge,4,5,-3.291217088699341,0
5a8a17685542993b751ca9f3,bridge,6,6,-3.9494900703430176,0
5a8a17685542993b751ca9f3,bridge,9,7,-4.839431285858154,0
5a8a17685542993b751ca9f3,bridge,5,8,-5.030401706695557,0
5a8a17685542993b751ca9f3,bridge,2,9,-8.233077049255371,0
5abd56355542993062266c58,bridge,8,0,4.275447368621826,1
5abd56355542993062266c58,bridge,2,1,0.5880677103996277,1
5abd56355542993062266c58,bridge,1,2,-0.38245683908462524,0
5abd56355542993062266c58,bridge,6,3,-0.5278275609016418,0
5abd56355542993062266c58,bridge,9,4,-1.5858216285705566,0
5abd56355542993062266c58,bridge,0,5,-1.8322479724884033,0
5abd56355542993062266c58,bridge,7,6,-7.5066423416137695,0
5abd56355542993062266c58,bridge,3,7,-9.042539596557617,0
5abd56355542993062266c58,bridge,4,8,-9.297587394714355,0
5abd56355542993062266c58,bridge,5,9,-9.447023391723633,0
5ab91f98554299753720f70d,bridge,6,0,7.328756332397461,0
5ab91f98554299753720f70d,bridge,9,1,6.768340587615967,1
5ab91f98554299753720f70d,bridge,8,2,5.70930290222168,1
5ab91f98554299753720f70d,bridge,2,3,5.132386684417725,0
5ab91f98554299753720f70d,bridge,4,4,2.7942728996276855,0
5ab91f98554299753720f70d,bridge,7,5,2.5711915493011475,0
5ab91f98554299753720f70d,bridge,0,6,2.409573793411255,0
5ab91f98554299753720f70d,bridge,1,7,1.9257502555847168,0
5ab91f98554299753720f70d,bridge,3,8,0.21138495206832886,0
5ab91f98554299753720f70d,bridge,5,9,-5.279092311859131,0
5a811152554299260e20a22e,bridge,3,0,7.4905195236206055,1
5a811152554299260e20a22e,bridge,9,1,5.6322455406188965,1
5a811152554299260e20a22e,bridge,4,2,-4.19452428817749,0
5a811152554299260e20a22e,bridge,8,3,-4.495263576507568,0
5a811152554299260e20a22e,bridge,7,4,-4.615286350250244,0
5a811152554299260e20a22e,bridge,6,5,-4.624425411224365,0
5a811152554299260e20a22e,bridge,2,6,-4.901085376739502,0
5a811152554299260e20a22e,bridge,0,7,-8.488852500915527,0
5a811152554299260e20a22e,bridge,1,8,-8.710710525512695,0
5a811152554299260e20a22e,bridge,5,9,-9.549951553344727,0
5a7a1f795542996c55b2dd1b,bridge,6,0,5.866575717926025,1
5a7a1f795542996c55b2dd1b,bridge,9,1,5.393036842346191,0
5a7a1f795542996c55b2dd1b,bridge,2,2,0.8760154247283936,0
5a7a1f795542996c55b2dd1b,bridge,4,3,0.5467025637626648,1
5a7a1f795542996c55b2dd1b,bridge,8,4,-7.664349555969238,0
5a7a1f795542996c55b2dd1b,bridge,1,5,-8.71928596496582,0
5a7a1f795542996c55b2dd1b,bridge,3,6,-9.15926742553711,0
5a7a1f795542996c55b2dd1b,bridge,5,7,-10.31617259979248,0
5a7a1f795542996c55b2dd1b,bridge,7,8,-10.7383394241333,0
5a7a1f795542996c55b2dd1b,bridge,0,9,-10.885129928588867,0
5a7324e055429901807daf8f,bridge,5,0,5.992556571960449,1
5a7324e055429901807daf8f,bridge,0,1,0.5254954099655151,1
5a7324e055429901807daf8f,bridge,1,2,0.007759716361761093,0
5a7324e055429901807daf8f,bridge,8,3,-0.03297818824648857,0
5a7324e055429901807daf8f,bridge,2,4,-0.682108998298645,0
5a7324e055429901807daf8f,bridge,3,5,-0.8187582492828369,0
5a7324e055429901807daf8f,bridge,7,6,-1.0959129333496094,0
5a7324e055429901807daf8f,bridge,4,7,-1.5058871507644653,0
5a7324e055429901807daf8f,bridge,9,8,-1.8780224323272705,0
5a7324e055429901807daf8f,bridge,6,9,-2.0034401416778564,0
5ab9618f554299743d22eb28,bridge,8,0,7.142762660980225,1
5ab9618f554299743d22eb28,bridge,5,1,1.4658498764038086,0
5ab9618f554299743d22eb28,bridge,3,2,-3.332504987716675,0
5ab9618f554299743d22eb28,bridge,4,3,-3.3375978469848633,0
5ab9618f554299743d22eb28,bridge,7,4,-4.171384334564209,0
5ab9618f554299743d22eb28,bridge,0,5,-5.443304061889648,0
5ab9618f554299743d22eb28,bridge,1,6,-5.537847518920898,1
5ab9618f554299743d22eb28,bridge,9,7,-5.775392532348633,0
5ab9618f554299743d22eb28,bridge,2,8,-6.131473541259766,0
5ab9618f554299743d22eb28,bridge,6,9,-7.163595199584961,0
5abffafe5542997d64295988,bridge,3,0,7.0859551429748535,1
5abffafe5542997d64295988,bridge,5,1,4.339126110076904,1
5abffafe5542997d64295988,bridge,8,2,1.2775137424468994,0
5abffafe5542997d64295988,bridge,1,3,0.6543974876403809,0
5abffafe5542997d64295988,bridge,2,4,0.3764655292034149,0
5abffafe5542997d64295988,bridge,0,5,0.30164504051208496,0
5abffafe5542997d64295988,bridge,6,6,-0.5787750482559204,0
5abffafe5542997d64295988,bridge,9,7,-0.8381217122077942,0
5abffafe5542997d64295988,bridge,4,8,-0.9536223411560059,0
5abffafe5542997d64295988,bridge,7,9,-3.6583762168884277,0
5a8cee9b554299441c6b9f87,bridge,7,0,5.575985431671143,1
5a8cee9b554299441c6b9f87,bridge,9,1,2.125844717025757,1
5a8cee9b554299441c6b9f87,bridge,6,2,-1.203879475593567,0
5a8cee9b554299441c6b9f87,bridge,8,3,-3.746262788772583,0
5a8cee9b554299441c6b9f87,bridge,4,4,-4.461729049682617,0
5a8cee9b554299441c6b9f87,bridge,0,5,-4.701007843017578,0
5a8cee9b554299441c6b9f87,bridge,2,6,-5.5149641036987305,0
5a8cee9b554299441c6b9f87,bridge,1,7,-5.953539848327637,0
5a8cee9b554299441c6b9f87,bridge,5,8,-6.2306108474731445,0
5a8cee9b554299441c6b9f87,bridge,3,9,-6.45486307144165,0
5a7270395542992359bc30a8,bridge,4,0,6.473031520843506,1
5a7270395542992359bc30a8,bridge,2,1,0.4218931198120117,0
5a7270395542992359bc30a8,bridge,5,2,-0.0074674952775239944,0
5a7270395542992359bc30a8,bridge,9,3,-0.7661028504371643,0
5a7270395542992359bc30a8,bridge,7,4,-1.0811959505081177,0
5a7270395542992359bc30a8,bridge,6,5,-1.551719307899475,0
5a7270395542992359bc30a8,bridge,0,6,-1.960222840309143,0
5a7270395542992359bc30a8,bridge,3,7,-3.1988089084625244,0
5a7270395542992359bc30a8,bridge,8,8,-8.161524772644043,1
5a7270395542992359bc30a8,bridge,1,9,-10.941926002502441,0
5ac14d0c5542991316484ae2,comparison,3,0,3.9319589138031006,1
5ac14d0c5542991316484ae2,comparison,9,1,2.031406879425049,1
5ac14d0c5542991316484ae2,comparison,6,2,1.3922131061553955,0
5ac14d0c5542991316484ae2,comparison,4,3,0.11558123677968979,0
5ac14d0c5542991316484ae2,comparison,1,4,-2.6110405921936035,0
5ac14d0c5542991316484ae2,comparison,2,5,-3.1860039234161377,0
5ac14d0c5542991316484ae2,comparison,7,6,-4.144658088684082,0
5ac14d0c5542991316484ae2,comparison,0,7,-4.175460338592529,0
5ac14d0c5542991316484ae2,comparison,8,8,-4.629306793212891,0
5ac14d0c5542991316484ae2,comparison,5,9,-8.020601272583008,0
5a75a76b5542992db9473697,comparison,7,0,6.64804744720459,1
5a75a76b5542992db9473697,comparison,2,1,4.109541893005371,0
5a75a76b5542992db9473697,comparison,1,2,3.4000914096832275,1
5a75a76b5542992db9473697,comparison,6,3,-1.4583990573883057,0
5a75a76b5542992db9473697,comparison,8,4,-6.712701320648193,0
5a75a76b5542992db9473697,comparison,4,5,-6.723408222198486,0
5a75a76b5542992db9473697,comparison,0,6,-7.570284843444824,0
5a75a76b5542992db9473697,comparison,5,7,-8.993152618408203,0
5a75a76b5542992db9473697,comparison,9,8,-9.967482566833496,0
5a75a76b5542992db9473697,comparison,3,9,-10.136564254760742,0
5ab55455554299488d4d993b,bridge,4,0,6.896341323852539,1
5ab55455554299488d4d993b,bridge,1,1,-0.1805090755224228,0
5ab55455554299488d4d993b,bridge,8,2,-0.278410941362381,0
5ab55455554299488d4d993b,bridge,5,3,-0.42340072989463806,0
5ab55455554299488d4d993b,bridge,2,4,-0.4345461428165436,0
5ab55455554299488d4d993b,bridge,3,5,-1.027613639831543,0
5ab55455554299488d4d993b,bridge,7,6,-1.9218380451202393,0
5ab55455554299488d4d993b,bridge,6,7,-2.3215808868408203,1
5ab55455554299488d4d993b,bridge,9,8,-4.366527080535889,0
5ab55455554299488d4d993b,bridge,0,9,-4.7121262550354,0
5a7f48e15542992e7d278ce6,bridge,3,0,9.354597091674805,1
5a7f48e15542992e7d278ce6,bridge,0,1,-1.2166595458984375,0
5a7f48e15542992e7d278ce6,bridge,8,2,-4.692263603210449,0
5a7f48e15542992e7d278ce6,bridge,7,3,-4.786860942840576,0
5a7f48e15542992e7d278ce6,bridge,5,4,-4.876529693603516,0
5a7f48e15542992e7d278ce6,bridge,6,5,-5.356389999389648,0
5a7f48e15542992e7d278ce6,bridge,2,6,-6.0831170082092285,0
5a7f48e15542992e7d278ce6,bridge,4,7,-6.158544540405273,0
5a7f48e15542992e7d278ce6,bridge,1,8,-6.52939510345459,1
5a7f48e15542992e7d278ce6,bridge,9,9,-6.8638458251953125,0
5ab7f0995542995dae37e9fb,comparison,2,0,5.391448974609375,1
5ab7f0995542995dae37e9fb,comparison,9,1,4.389380931854248,1
5ab7f0995542995dae37e9fb,comparison,4,2,2.9305078983306885,0
5ab7f0995542995dae37e9fb,comparison,5,3,1.5559473037719727,0
5ab7f0995542995dae37e9fb,comparison,0,4,1.4288543462753296,0
5ab7f0995542995dae37e9fb,comparison,6,5,-0.36181604862213135,0
5ab7f0995542995dae37e9fb,comparison,3,6,-0.6964780688285828,0
5ab7f0995542995dae37e9fb,comparison,7,7,-3.432353973388672,0
5ab7f0995542995dae37e9fb,comparison,1,8,-3.720055341720581,0
5ab7f0995542995dae37e9fb,comparison,8,9,-9.644140243530273,0
5aba89fb5542994dbf019933,bridge,4,0,5.081384658813477,1
5aba89fb5542994dbf019933,bridge,8,1,5.044364929199219,0
5aba89fb5542994dbf019933,bridge,3,2,4.969247817993164,0
5aba89fb5542994dbf019933,bridge,0,3,2.1269378662109375,0
5aba89fb5542994dbf019933,bridge,1,4,0.7652475833892822,0
5aba89fb5542994dbf019933,bridge,6,5,0.3279845118522644,0
5aba89fb5542994dbf019933,bridge,2,6,0.27804768085479736,1
5aba89fb5542994dbf019933,bridge,5,7,-0.18430373072624207,0
5aba89fb5542994dbf019933,bridge,9,8,-0.6439314484596252,0
5aba89fb5542994dbf019933,bridge,7,9,-7.4476752281188965,0
5a7621bb554299109176e650,bridge,6,0,8.681111335754395,1
5a7621bb554299109176e650,bridge,5,1,4.553443431854248,1
5a7621bb554299109176e650,bridge,8,2,0.2391025722026825,0
5a7621bb554299109176e650,bridge,1,3,0.19102883338928223,0
5a7621bb554299109176e650,bridge,2,4,-0.1351069062948227,0
5a7621bb554299109176e650,bridge,9,5,-0.19235163927078247,0
5a7621bb554299109176e650,bridge,3,6,-0.3244812488555908,0
5a7621bb554299109176e650,bridge,0,7,-0.5086510181427002,0
5a7621bb554299109176e650,bridge,7,8,-1.0340991020202637,0
5a7621bb554299109176e650,bridge,4,9,-2.0808255672454834,0
5a70f0e75542994082a3e408,comparison,0,0,2.5783047676086426,1
5a70f0e75542994082a3e408,comparison,6,1,0.9089189767837524,1
5a70f0e75542994082a3e408,comparison,3,2,-0.2913179099559784,0
5a70f0e75542994082a3e408,comparison,9,3,-2.9642040729522705,0
5a70f0e75542994082a3e408,comparison,1,4,-4.130189895629883,0
5a70f0e75542994082a3e408,comparison,2,5,-4.811461448669434,0
5a70f0e75542994082a3e408,comparison,7,6,-6.806205749511719,0
5a70f0e75542994082a3e408,comparison,5,7,-7.215981483459473,0
5a70f0e75542994082a3e408,comparison,8,8,-7.599398136138916,0
5a70f0e75542994082a3e408,comparison,4,9,-8.738551139831543,0
5a773ec45542994aec3b7245,comparison,1,0,5.515995979309082,1
5a773ec45542994aec3b7245,comparison,7,1,5.028554439544678,1
5a773ec45542994aec3b7245,comparison,5,2,3.120241641998291,0
5a773ec45542994aec3b7245,comparison,0,3,-0.6654228568077087,0
5a773ec45542994aec3b7245,comparison,6,4,-2.5057713985443115,0
5a773ec45542994aec3b7245,comparison,9,5,-2.6178512573242188,0
5a773ec45542994aec3b7245,comparison,8,6,-3.218139171600342,0
5a773ec45542994aec3b7245,comparison,2,7,-4.951564311981201,0
5a773ec45542994aec3b7245,comparison,3,8,-5.148630142211914,0
5a773ec45542994aec3b7245,comparison,4,9,-5.328544616699219,0
5a802b595542995d8a8ddf51,bridge,6,0,8.2584228515625,1
5a802b595542995d8a8ddf51,bridge,7,1,7.246092796325684,0
5a802b595542995d8a8ddf51,bridge,1,2,6.631768703460693,0
5a802b595542995d8a8ddf51,bridge,2,3,6.537888526916504,0
5a802b595542995d8a8ddf51,bridge,0,4,6.2193803787231445,0
5a802b595542995d8a8ddf51,bridge,9,5,5.8150200843811035,0
5a802b595542995d8a8ddf51,bridge,8,6,4.627734661102295,0
5a802b595542995d8a8ddf51,bridge,3,7,4.603786945343018,0
5a802b595542995d8a8ddf51,bridge,4,8,4.479855060577393,0
5a802b595542995d8a8ddf51,bridge,5,9,-2.5615060329437256,1
5a8de7c65542995085b37353,bridge,0,0,5.787688255310059,1
5a8de7c65542995085b37353,bridge,1,1,1.9625107049942017,0
5a8de7c65542995085b37353,bridge,9,2,1.7515753507614136,0
5a8de7c65542995085b37353,bridge,6,3,-0.44439685344696045,0
5a8de7c65542995085b37353,bridge,5,4,-0.6386707425117493,0
5a8de7c65542995085b37353,bridge,7,5,-0.9760522842407227,0
5a8de7c65542995085b37353,bridge,3,6,-1.0932334661483765,0
5a8de7c65542995085b37353,bridge,8,7,-2.480814218521118,0
5a8de7c65542995085b37353,bridge,4,8,-2.966790199279785,1
5a8de7c65542995085b37353,bridge,2,9,-5.112390041351318,0
5ab5b6c1554299637185c5e5,comparison,3,0,4.1519575119018555,1
5ab5b6c1554299637185c5e5,comparison,9,1,3.540238380432129,0
5ab5b6c1554299637185c5e5,comparison,2,2,3.1254332065582275,0
5ab5b6c1554299637185c5e5,comparison,6,3,1.9044466018676758,0
5ab5b6c1554299637185c5e5,comparison,8,4,1.5526716709136963,0
5ab5b6c1554299637185c5e5,comparison,1,5,0.875190258026123,0
5ab5b6c1554299637185c5e5,comparison,4,6,-0.9309725761413574,0
5ab5b6c1554299637185c5e5,comparison,7,7,-1.3671895265579224,1
5ab5b6c1554299637185c5e5,comparison,5,8,-3.243831157684326,0
5ab5b6c1554299637185c5e5,comparison,0,9,-5.452653408050537,0
5abb8e2d554299642a094aa4,bridge,4,0,6.004724979400635,1
5abb8e2d554299642a094aa4,bridge,0,1,4.34071159362793,0
5abb8e2d554299642a094aa4,bridge,2,2,3.522660732269287,0
5abb8e2d554299642a094aa4,bridge,7,3,2.3313686847686768,1
5abb8e2d554299642a094aa4,bridge,6,4,0.8596128821372986,0
5abb8e2d554299642a094aa4,bridge,1,5,-0.23753349483013153,0
5abb8e2d554299642a094aa4,bridge,9,6,-1.1855523586273193,0
5abb8e2d554299642a094aa4,bridge,8,7,-1.5898844003677368,0
5abb8e2d554299642a094aa4,bridge,3,8,-1.7478806972503662,0
5abb8e2d554299642a094aa4,bridge,5,9,-7.137702941894531,0
5a7642f7554299109176e6e8,comparison,4,0,3.8526761531829834,1
5a7642f7554299109176e6e8,comparison,8,1,3.6300907135009766,1
5a7642f7554299109176e6e8,comparison,3,2,2.4858040809631348,0
5a7642f7554299109176e6e8,comparison,5,3,-1.9612953662872314,0
5a7642f7554299109176e6e8,comparison,9,4,-4.644101142883301,0
5a7642f7554299109176e6e8,comparison,6,5,-4.893227577209473,0
5a7642f7554299109176e6e8,comparison,1,6,-6.375496864318848,0
5a7642f7554299109176e6e8,comparison,0,7,-7.071762561798096,0
5a7642f7554299109176e6e8,comparison,2,8,-8.01266860961914,0
5a7642f7554299109176e6e8,comparison,7,9,-8.62923526763916,0
5a756b175542996c70cfaef7,comparison,5,0,7.074893951416016,1
5a756b175542996c70cfaef7,comparison,1,1,4.441861629486084,0
5a756b175542996c70cfaef7,comparison,8,2,4.3663787841796875,1
5a756b175542996c70cfaef7,comparison,7,3,3.774932622909546,0
5a756b175542996c70cfaef7,comparison,6,4,2.9316883087158203,0
5a756b175542996c70cfaef7,comparison,4,5,0.9191740155220032,0
5a756b175542996c70cfaef7,comparison,0,6,0.2903314530849457,0
5a756b175542996c70cfaef7,comparison,3,7,-3.0424551963806152,0
5a756b175542996c70cfaef7,comparison,2,8,-3.6071619987487793,0
5a756b175542996c70cfaef7,comparison,9,9,-9.142224311828613,0
5a83161555429940e5e1a958,bridge,4,0,5.871486186981201,1
5a83161555429940e5e1a958,bridge,3,1,0.16667933762073517,1
5a83161555429940e5e1a958,bridge,1,2,-3.0027308464050293,0
5a83161555429940e5e1a958,bridge,5,3,-5.072028160095215,0
5a83161555429940e5e1a958,bridge,8,4,-6.7741804122924805,0
5a83161555429940e5e1a958,bridge,0,5,-7.581544399261475,0
5a83161555429940e5e1a958,bridge,6,6,-7.770302772521973,0
5a83161555429940e5e1a958,bridge,9,7,-8.533819198608398,0
5a83161555429940e5e1a958,bridge,7,8,-9.156968116760254,0
5a83161555429940e5e1a958,bridge,2,9,-9.699950218200684,0
5ab3eac5554299753aec59ec,bridge,0,0,7.294877529144287,1
5ab3eac5554299753aec59ec,bridge,2,1,6.1615095138549805,1
5ab3eac5554299753aec59ec,bridge,8,2,5.96278715133667,0
5ab3eac5554299753aec59ec,bridge,7,3,3.3496954441070557,0
5ab3eac5554299753aec59ec,bridge,5,4,-0.6765100359916687,0
5ab3eac5554299753aec59ec,bridge,3,5,-1.2024646997451782,0
5ab3eac5554299753aec59ec,bridge,9,6,-5.342310428619385,0
5ab3eac5554299753aec59ec,bridge,1,7,-5.3445963859558105,0
5ab3eac5554299753aec59ec,bridge,6,8,-5.776489734649658,0
5ab3eac5554299753aec59ec,bridge,4,9,-5.864676475524902,0
5a73090455429901807daf6e,comparison,3,0,3.461379051208496,1
5a73090455429901807daf6e,comparison,0,1,-1.2460240125656128,1
5a73090455429901807daf6e,comparison,2,2,-8.900726318359375,0
5a73090455429901807daf6e,comparison,5,3,-10.045808792114258,0
5a73090455429901807daf6e,comparison,4,4,-10.19247055053711,0
5a73090455429901807daf6e,comparison,1,5,-10.236693382263184,0
5a73090455429901807daf6e,comparison,9,6,-10.589729309082031,0
5a73090455429901807daf6e,comparison,7,7,-10.596590042114258,0
5a73090455429901807daf6e,comparison,6,8,-10.943352699279785,0
5a73090455429901807daf6e,comparison,8,9,-10.9782133102417,0
5a8c8502554299585d9e36d0,bridge,7,0,8.564149856567383,1
5a8c8502554299585d9e36d0,bridge,6,1,5.694289684295654,1
5a8c8502554299585d9e36d0,bridge,3,2,0.6245955228805542,0
5a8c8502554299585d9e36d0,bridge,2,3,0.2036789208650589,0
5a8c8502554299585d9e36d0,bridge,5,4,-0.5815226435661316,0
5a8c8502554299585d9e36d0,bridge,9,5,-1.235707402229309,0
5a8c8502554299585d9e36d0,bridge,0,6,-1.9342643022537231,0
5a8c8502554299585d9e36d0,bridge,4,7,-2.269827365875244,0
5a8c8502554299585d9e36d0,bridge,8,8,-2.8280231952667236,0
5a8c8502554299585d9e36d0,bridge,1,9,-3.158268451690674,0
5a7d598d5542995f4f402262,comparison,9,0,5.527657508850098,1
5a7d598d5542995f4f402262,comparison,4,1,5.394355297088623,1
5a7d598d5542995f4f402262,comparison,0,2,3.0082945823669434,0
5a7d598d5542995f4f402262,comparison,1,3,1.9706025123596191,0
5a7d598d5542995f4f402262,comparison,3,4,1.7745977640151978,0
5a7d598d5542995f4f402262,comparison,6,5,1.5539501905441284,0
5a7d598d5542995f4f402262,comparison,5,6,1.5339009761810303,0
5a7d598d5542995f4f402262,comparison,8,7,1.1869477033615112,0
5a7d598d5542995f4f402262,comparison,7,8,0.6272488832473755,0
5a7d598d5542995f4f402262,comparison,2,9,-0.24032071232795715,0
5a77f4755542992a6e59e01f,bridge,8,0,4.280989646911621,1
5a77f4755542992a6e59e01f,bridge,9,1,3.7399940490722656,1
5a77f4755542992a6e59e01f,bridge,7,2,-0.6951833367347717,0
5a77f4755542992a6e59e01f,bridge,2,3,-1.5468748807907104,0
5a77f4755542992a6e59e01f,bridge,1,4,-5.9324517250061035,0
5a77f4755542992a6e59e01f,bridge,3,5,-10.402114868164062,0
5a77f4755542992a6e59e01f,bridge,4,6,-10.593997955322266,0
5a77f4755542992a6e59e01f,bridge,5,7,-11.179625511169434,0
5a77f4755542992a6e59e01f,bridge,0,8,-11.207219123840332,0
5a77f4755542992a6e59e01f,bridge,6,9,-11.317962646484375,0
5abcf14f55429959677d6b5b,bridge,4,0,6.698224067687988,1
5abcf14f55429959677d6b5b,bridge,6,1,4.253721714019775,1
5abcf14f55429959677d6b5b,bridge,1,2,-2.448305368423462,0
5abcf14f55429959677d6b5b,bridge,3,3,-3.7414748668670654,0
5abcf14f55429959677d6b5b,bridge,7,4,-4.032662868499756,0
5abcf14f55429959677d6b5b,bridge,2,5,-5.023847579956055,0
5abcf14f55429959677d6b5b,bridge,8,6,-5.35797643661499,0
5abcf14f55429959677d6b5b,bridge,5,7,-6.471155643463135,0
5abcf14f55429959677d6b5b,bridge,9,8,-6.843885898590088,0
5abcf14f55429959677d6b5b,bridge,0,9,-8.487354278564453,0
5a8d8eb5554299068b959d3a,comparison,7,0,6.692714691162109,1
5a8d8eb5554299068b959d3a,comparison,0,1,6.012123107910156,1
5a8d8eb5554299068b959d3a,comparison,6,2,5.809324264526367,0
5a8d8eb5554299068b959d3a,comparison,1,3,5.801283836364746,0
5a8d8eb5554299068b959d3a,comparison,2,4,4.050330638885498,0
5a8d8eb5554299068b959d3a,comparison,3,5,2.2780463695526123,0
5a8d8eb5554299068b959d3a,comparison,9,6,0.5857734084129333,0
5a8d8eb5554299068b959d3a,comparison,8,7,-0.3190893828868866,0
5a8d8eb5554299068b959d3a,comparison,5,8,-0.4310668706893921,0
5a8d8eb5554299068b959d3a,comparison,4,9,-2.167698621749878,0
5a7e7ed05542991319bc94c2,comparison,6,0,4.2522172927856445,1
5a7e7ed05542991319bc94c2,comparison,5,1,2.8905510902404785,1
5a7e7ed05542991319bc94c2,comparison,1,2,-0.5600395202636719,0
5a7e7ed05542991319bc94c2,comparison,9,3,-0.5823559761047363,0
5a7e7ed05542991319bc94c2,comparison,0,4,-3.5798094272613525,0
5a7e7ed05542991319bc94c2,comparison,8,5,-5.178028106689453,0
5a7e7ed05542991319bc94c2,comparison,2,6,-5.721118927001953,0
5a7e7ed05542991319bc94c2,comparison,3,7,-6.687800407409668,0
5a7e7ed05542991319bc94c2,comparison,7,8,-9.717761993408203,0
5a7e7ed05542991319bc94c2,comparison,4,9,-10.591548919677734,0
5ae236445542992decbdcc69,bridge,6,0,7.201725959777832,1
5ae236445542992decbdcc69,bridge,2,1,5.760256767272949,1
5ae236445542992decbdcc69,bridge,7,2,3.3260180950164795,0
5ae236445542992decbdcc69,bridge,0,3,3.167647361755371,0
5ae236445542992decbdcc69,bridge,3,4,2.9450905323028564,0
5ae236445542992decbdcc69,bridge,4,5,2.5759785175323486,0
5ae236445542992decbdcc69,bridge,1,6,2.1604905128479004,0
5ae236445542992decbdcc69,bridge,5,7,1.5307024717330933,0
5ae236445542992decbdcc69,bridge,9,8,1.1741714477539062,0
5ae236445542992decbdcc69,bridge,8,9,-0.8453018069267273,0
5a750de95542993748c897ac,bridge,7,0,1.4697474241256714,1
5a750de95542993748c897ac,bridge,0,1,-0.988440215587616,0
5a750de95542993748c897ac,bridge,2,2,-1.4805694818496704,0
5a750de95542993748c897ac,bridge,3,3,-2.3715872764587402,0
5a750de95542993748c897ac,bridge,6,4,-2.8184614181518555,0
5a750de95542993748c897ac,bridge,5,5,-3.097151279449463,0
5a750de95542993748c897ac,bridge,9,6,-3.2657010555267334,1
5a750de95542993748c897ac,bridge,8,7,-3.681382656097412,0
5a750de95542993748c897ac,bridge,1,8,-4.320229530334473,0
5a750de95542993748c897ac,bridge,4,9,-5.0423784255981445,0
5a7fc03d5542992097ad2fbc,bridge,1,0,4.378934383392334,0
5a7fc03d5542992097ad2fbc,bridge,9,1,2.194558620452881,1
5a7fc03d5542992097ad2fbc,bridge,4,2,0.6720529198646545,1
5a7fc03d5542992097ad2fbc,bridge,2,3,0.6202600002288818,0
5a7fc03d5542992097ad2fbc,bridge,5,4,-0.5023599863052368,0
5a7fc03d5542992097ad2fbc,bridge,7,5,-3.5780115127563477,0
5a7fc03d5542992097ad2fbc,bridge,3,6,-4.667832374572754,0
5a7fc03d5542992097ad2fbc,bridge,8,7,-6.90585470199585,0
5a7fc03d5542992097ad2fbc,bridge,0,8,-8.907684326171875,0
5a7fc03d5542992097ad2fbc,bridge,6,9,-10.37177848815918,0
5a7172105542994082a3e837,bridge,3,0,4.936373233795166,1
5a7172105542994082a3e837,bridge,7,1,4.10852575302124,1
5a7172105542994082a3e837,bridge,8,2,3.740903854370117,0
5a7172105542994082a3e837,bridge,6,3,3.3395628929138184,0
5a7172105542994082a3e837,bridge,0,4,2.7170135974884033,0
5a7172105542994082a3e837,bridge,5,5,2.684074878692627,0
5a7172105542994082a3e837,bridge,9,6,2.6233971118927,0
5a7172105542994082a3e837,bridge,2,7,1.794298529624939,0
5a7172105542994082a3e837,bridge,1,8,1.3836296796798706,0
5a7172105542994082a3e837,bridge,4,9,-1.1043015718460083,0
5a847edd554299123d8c2272,comparison,6,0,2.838162899017334,1
5a847edd554299123d8c2272,comparison,4,1,-0.6711339354515076,1
5a847edd554299123d8c2272,comparison,8,2,-5.600536346435547,0
5a847edd554299123d8c2272,comparison,3,3,-5.6150431632995605,0
5a847edd554299123d8c2272,comparison,9,4,-7.248852252960205,0
5a847edd554299123d8c2272,comparison,5,5,-8.434304237365723,0
5a847edd554299123d8c2272,comparison,7,6,-8.504570960998535,0
5a847edd554299123d8c2272,comparison,0,7,-8.581914901733398,0
5a847edd554299123d8c2272,comparison,1,8,-9.015284538269043,0
5a847edd554299123d8c2272,comparison,2,9,-9.146129608154297,0
5ab761d955429928e1fe3856,bridge,3,0,9.332076072692871,1
5ab761d955429928e1fe3856,bridge,2,1,2.4634268283843994,0
5ab761d955429928e1fe3856,bridge,6,2,0.3516823351383209,1
5ab761d955429928e1fe3856,bridge,9,3,-0.17052115499973297,0
5ab761d955429928e1fe3856,bridge,4,4,-0.8998424410820007,0
5ab761d955429928e1fe3856,bridge,5,5,-1.0794588327407837,0
5ab761d955429928e1fe3856,bridge,8,6,-1.3691539764404297,0
5ab761d955429928e1fe3856,bridge,1,7,-3.0402987003326416,0
5ab761d955429928e1fe3856,bridge,7,8,-3.2515573501586914,0
5ab761d955429928e1fe3856,bridge,0,9,-3.376096248626709,0
5a7a2dac5542990198eaf0b6,comparison,2,0,3.9280824661254883,1
5a7a2dac5542990198eaf0b6,comparison,8,1,2.5049967765808105,1
5a7a2dac5542990198eaf0b6,comparison,4,2,1.9283480644226074,0
5a7a2dac5542990198eaf0b6,comparison,3,3,-2.105339765548706,0
5a7a2dac5542990198eaf0b6,comparison,6,4,-2.7052149772644043,0
5a7a2dac5542990198eaf0b6,comparison,1,5,-2.8737940788269043,0
5a7a2dac5542990198eaf0b6,comparison,0,6,-3.4428210258483887,0
5a7a2dac5542990198eaf0b6,comparison,7,7,-4.233465194702148,0
5a7a2dac5542990198eaf0b6,comparison,5,8,-4.810268878936768,0
5a7a2dac5542990198eaf0b6,comparison,9,9,-6.495699405670166,0
5ae530e355429908b6326561,bridge,3,0,8.496403694152832,1
5ae530e355429908b6326561,bridge,4,1,4.136270046234131,0
5ae530e355429908b6326561,bridge,0,2,2.544689178466797,0
5ae530e355429908b6326561,bridge,6,3,2.4400835037231445,0
5ae530e355429908b6326561,bridge,2,4,0.09957507997751236,0
5ae530e355429908b6326561,bridge,9,5,-0.15410365164279938,0
5ae530e355429908b6326561,bridge,1,6,-0.46298739314079285,0
5ae530e355429908b6326561,bridge,8,7,-0.8044436573982239,0
5ae530e355429908b6326561,bridge,5,8,-5.880057334899902,1
5ae530e355429908b6326561,bridge,7,9,-9.499946594238281,0
5abcff225542993a06baf9ea,bridge,7,0,8.170475006103516,1
5abcff225542993a06baf9ea,bridge,1,1,6.491447925567627,0
5abcff225542993a06baf9ea,bridge,5,2,5.185060977935791,0
5abcff225542993a06baf9ea,bridge,6,3,3.142016649246216,1
5abcff225542993a06baf9ea,bridge,4,4,2.796398162841797,0
5abcff225542993a06baf9ea,bridge,3,5,2.5952181816101074,0
5abcff225542993a06baf9ea,bridge,9,6,1.6204839944839478,0
5abcff225542993a06baf9ea,bridge,8,7,1.4704176187515259,0
5abcff225542993a06baf9ea,bridge,2,8,0.6215294003486633,0
5abcff225542993a06baf9ea,bridge,0,9,-0.47909027338027954,0
5abe9f7d5542997ec76fd331,bridge,2,0,6.231413841247559,1
5abe9f7d5542997ec76fd331,bridge,0,1,-1.4633986949920654,0
5abe9f7d5542997ec76fd331,bridge,6,2,-4.912787914276123,0
5abe9f7d5542997ec76fd331,bridge,4,3,-6.4293036460876465,0
5abe9f7d5542997ec76fd331,bridge,9,4,-6.812544822692871,0
5abe9f7d5542997ec76fd331,bridge,7,5,-6.941770553588867,0
5abe9f7d5542997ec76fd331,bridge,8,6,-6.961814880371094,0
5abe9f7d5542997ec76fd331,bridge,5,7,-7.314416408538818,0
5abe9f7d5542997ec76fd331,bridge,1,8,-8.192765235900879,0
5abe9f7d5542997ec76fd331,bridge,3,9,-8.540939331054688,1
5a8db42f5542994ba4e3dd11,comparison,3,0,7.676210880279541,1
5a8db42f5542994ba4e3dd11,comparison,7,1,5.327730655670166,1
5a8db42f5542994ba4e3dd11,comparison,9,2,4.62748384475708,0
5a8db42f5542994ba4e3dd11,comparison,8,3,2.554664134979248,0
5a8db42f5542994ba4e3dd11,comparison,6,4,-4.876471996307373,0
5a8db42f5542994ba4e3dd11,comparison,5,5,-5.436512470245361,0
5a8db42f5542994ba4e3dd11,comparison,2,6,-5.74656343460083,0
5a8db42f5542994ba4e3dd11,comparison,4,7,-5.75688362121582,0
5a8db42f5542994ba4e3dd11,comparison,0,8,-6.4276628494262695,0
5a8db42f5542994ba4e3dd11,comparison,1,9,-6.495109558105469,0
5ae658855542992ae0d162e3,bridge,4,0,5.365984916687012,1
5ae658855542992ae0d162e3,bridge,6,1,2.6461925506591797,0
5ae658855542992ae0d162e3,bridge,7,2,1.5914000272750854,0
5ae658855542992ae0d162e3,bridge,8,3,1.3574023246765137,0
5ae658855542992ae0d162e3,bridge,3,4,0.15293890237808228,0
5ae658855542992ae0d162e3,bridge,1,5,-0.12519539892673492,0
5ae658855542992ae0d162e3,bridge,9,6,-0.41015759110450745,0
5ae658855542992ae0d162e3,bridge,0,7,-0.6340502500534058,1
5ae658855542992ae0d162e3,bridge,5,8,-2.116048812866211,0
5ae658855542992ae0d162e3,bridge,2,9,-2.1602323055267334,0
5a8c6d4e5542996e8ac88aa6,comparison,6,0,3.151019811630249,1
5a8c6d4e5542996e8ac88aa6,comparison,1,1,0.30479079484939575,1
5a8c6d4e5542996e8ac88aa6,comparison,0,2,-0.5621877908706665,0
5a8c6d4e5542996e8ac88aa6,comparison,9,3,-1.566392183303833,0
5a8c6d4e5542996e8ac88aa6,comparison,5,4,-1.6032568216323853,0
5a8c6d4e5542996e8ac88aa6,comparison,8,5,-1.6666967868804932,0
5a8c6d4e5542996e8ac88aa6,comparison,2,6,-1.8136718273162842,0
5a8c6d4e5542996e8ac88aa6,comparison,7,7,-1.8649914264678955,0
5a8c6d4e5542996e8ac88aa6,comparison,4,8,-2.0949676036834717,0
5a8c6d4e5542996e8ac88aa6,comparison,3,9,-2.7040443420410156,0
5aba65a055429939ce03dcd2,bridge,0,0,6.06911039352417,1
5aba65a055429939ce03dcd2,bridge,7,1,-1.3928840160369873,0
5aba65a055429939ce03dcd2,bridge,6,2,-1.6951351165771484,0
5aba65a055429939ce03dcd2,bridge,5,3,-3.6366994380950928,0
5aba65a055429939ce03dcd2,bridge,2,4,-6.4426469802856445,0
5aba65a055429939ce03dcd2,bridge,1,5,-7.122461318969727,0
5aba65a055429939ce03dcd2,bridge,9,6,-8.072813034057617,0
5aba65a055429939ce03dcd2,bridge,3,7,-8.538022994995117,0
5aba65a055429939ce03dcd2,bridge,8,8,-9.545443534851074,1
5aba65a055429939ce03dcd2,bridge,4,9,-10.490784645080566,0
5ae199305542997b2ef7d20e,bridge,9,0,2.8103339672088623,1
5ae199305542997b2ef7d20e,bridge,2,1,-7.399394989013672,0
5ae199305542997b2ef7d20e,bridge,5,2,-7.893280029296875,0
5ae199305542997b2ef7d20e,bridge,7,3,-7.9845967292785645,1
5ae199305542997b2ef7d20e,bridge,6,4,-9.669830322265625,0
5ae199305542997b2ef7d20e,bridge,0,5,-9.90522575378418,0
5ae199305542997b2ef7d20e,bridge,3,6,-10.040519714355469,0
5ae199305542997b2ef7d20e,bridge,4,7,-10.099095344543457,0
5ae199305542997b2ef7d20e,bridge,8,8,-10.397538185119629,0
5ae199305542997b2ef7d20e,bridge,1,9,-10.533463478088379,0
5a806aca5542996402f6a503,bridge,9,0,4.008283615112305,1
5a806aca5542996402f6a503,bridge,1,1,1.0753545761108398,0
5a806aca5542996402f6a503,bridge,5,2,-0.16208548843860626,0
5a806aca5542996402f6a503,bridge,7,3,-0.1742042601108551,0
5a806aca5542996402f6a503,bridge,6,4,-0.7579456567764282,0
5a806aca5542996402f6a503,bridge,2,5,-1.1473509073257446,0
5a806aca5542996402f6a503,bridge,8,6,-1.1897145509719849,0
5a806aca5542996402f6a503,bridge,3,7,-1.6652238368988037,0
5a806aca5542996402f6a503,bridge,4,8,-2.6284470558166504,1
5a806aca5542996402f6a503,bridge,0,9,-2.9871773719787598,0
5ae336495542990afbd1e0e1,bridge,5,0,6.342693328857422,1
5ae336495542990afbd1e0e1,bridge,9,1,4.69873046875,1
5ae336495542990afbd1e0e1,bridge,8,2,2.1654231548309326,0
5ae336495542990afbd1e0e1,bridge,2,3,1.6135261058807373,0
5ae336495542990afbd1e0e1,bridge,4,4,1.567617654800415,0
5ae336495542990afbd1e0e1,bridge,0,5,0.8324035406112671,0
5ae336495542990afbd1e0e1,bridge,6,6,0.13392113149166107,0
5ae336495542990afbd1e0e1,bridge,3,7,0.09633734822273254,0
5ae336495542990afbd1e0e1,bridge,7,8,-0.15660902857780457,0
5ae336495542990afbd1e0e1,bridge,1,9,-3.3356828689575195,0
5a8198565542995ce29dcc13,comparison,0,0,3.2336783409118652,1
5a8198565542995ce29dcc13,comparison,4,1,0.43231499195098877,0
5a8198565542995ce29dcc13,comparison,3,2,0.1838853359222412,1
5a8198565542995ce29dcc13,comparison,9,3,-7.508093357086182,0
5a8198565542995ce29dcc13,comparison,1,4,-8.244373321533203,0
5a8198565542995ce29dcc13,comparison,2,5,-8.449543952941895,0
5a8198565542995ce29dcc13,comparison,6,6,-8.76997184753418,0
5a8198565542995ce29dcc13,comparison,7,7,-8.881963729858398,0
5a8198565542995ce29dcc13,comparison,8,8,-9.892477035522461,0
5a8198565542995ce29dcc13,comparison,5,9,-10.159026145935059,0
5a9068075542990a9849361a,comparison,1,0,0.7006406784057617,1
5a9068075542990a9849361a,comparison,2,1,-0.7171275019645691,1
5a9068075542990a9849361a,comparison,6,2,-2.0724997520446777,0
5a9068075542990a9849361a,comparison,8,3,-3.546715259552002,0
5a9068075542990a9849361a,comparison,7,4,-3.698580265045166,0
5a9068075542990a9849361a,comparison,3,5,-3.9341845512390137,0
5a9068075542990a9849361a,comparison,4,6,-3.994729518890381,0
5a9068075542990a9849361a,comparison,5,7,-4.2520341873168945,0
5a9068075542990a9849361a,comparison,9,8,-4.761046409606934,0
5a9068075542990a9849361a,comparison,0,9,-4.801234722137451,0
5a7a2be25542996a35c17118,comparison,7,0,4.159659385681152,1
5a7a2be25542996a35c17118,comparison,0,1,2.9491302967071533,0
5a7a2be25542996a35c17118,comparison,8,2,2.5102899074554443,0
5a7a2be25542996a35c17118,comparison,9,3,2.4544873237609863,0
5a7a2be25542996a35c17118,comparison,6,4,2.4336323738098145,1
5a7a2be25542996a35c17118,comparison,3,5,0.8021090030670166,0
5a7a2be25542996a35c17118,comparison,4,6,-0.43043822050094604,0
5a7a2be25542996a35c17118,comparison,1,7,-1.3272762298583984,0
5a7a2be25542996a35c17118,comparison,2,8,-2.1011099815368652,0
5a7a2be25542996a35c17118,comparison,5,9,-2.2737503051757812,0
5a7562045542992db947364f,comparison,3,0,4.781160354614258,1
5a7562045542992db947364f,comparison,2,1,2.7633702754974365,1
5a7562045542992db947364f,comparison,0,2,1.6903901100158691,0
5a7562045542992db947364f,comparison,5,3,1.6085962057113647,0
5a7562045542992db947364f,comparison,7,4,-0.05361715704202652,0
5a7562045542992db947364f,comparison,6,5,-0.41102126240730286,0
5a7562045542992db947364f,comparison,8,6,-3.1865384578704834,0
5a7562045542992db947364f,comparison,1,7,-4.16675329208374,0
5a7562045542992db947364f,comparison,9,8,-4.63128662109375,0
5a7562045542992db947364f,comparison,4,9,-5.441155910491943,0
5ac2a55b55429921a00ab018,bridge,2,0,7.460972785949707,1
5ac2a55b55429921a00ab018,bridge,4,1,4.324589729309082,0
5ac2a55b55429921a00ab018,bridge,5,2,3.9949464797973633,0
5ac2a55b55429921a00ab018,bridge,7,3,3.027172803878784,0
5ac2a55b55429921a00ab018,bridge,6,4,2.769113540649414,0
5ac2a55b55429921a00ab018,bridge,8,5,2.044903039932251,0
5ac2a55b55429921a00ab018,bridge,0,6,0.6519415378570557,0
5ac2a55b55429921a00ab018,bridge,1,7,0.2871250808238983,0
5ac2a55b55429921a00ab018,bridge,9,8,-3.0157904624938965,1
5ac2a55b55429921a00ab018,bridge,3,9,-5.993532657623291,0
5abccf6755429965836004ab,bridge,0,0,4.571122169494629,1
5abccf6755429965836004ab,bridge,7,1,2.167222261428833,1
5abccf6755429965836004ab,bridge,1,2,1.1258914470672607,0
5abccf6755429965836004ab,bridge,5,3,0.8265025615692139,0
5abccf6755429965836004ab,bridge,2,4,0.15723057091236115,0
5abccf6755429965836004ab,bridge,6,5,-0.23567727208137512,0
5abccf6755429965836004ab,bridge,4,6,-3.778581380844116,0
5abccf6755429965836004ab,bridge,8,7,-7.051753044128418,0
5abccf6755429965836004ab,bridge,9,8,-7.557249546051025,0
5abccf6755429965836004ab,bridge,3,9,-9.029964447021484,0
5a7c8ae855429935c91b5207,bridge,5,0,1.9580274820327759,1
5a7c8ae855429935c91b5207,bridge,4,1,1.0175329446792603,1
5a7c8ae855429935c91b5207,bridge,9,2,-5.370177745819092,0
5a7c8ae855429935c91b5207,bridge,0,3,-5.919277667999268,0
5a7c8ae855429935c91b5207,bridge,2,4,-5.992204189300537,0
5a7c8ae855429935c91b5207,bridge,3,5,-6.016983985900879,0
5a7c8ae855429935c91b5207,bridge,6,6,-6.369888782501221,0
5a7c8ae855429935c91b5207,bridge,8,7,-6.562760353088379,0
5a7c8ae855429935c91b5207,bridge,1,8,-6.718006134033203,0
5a7c8ae855429935c91b5207,bridge,7,9,-10.446884155273438,0
5ab30ebf554299753aec592c,bridge,2,0,6.409092903137207,0
5ab30ebf554299753aec592c,bridge,4,1,6.336015701293945,1
5ab30ebf554299753aec592c,bridge,9,2,4.944855690002441,0
5ab30ebf554299753aec592c,bridge,3,3,4.784485816955566,0
5ab30ebf554299753aec592c,bridge,6,4,4.320061683654785,0
5ab30ebf554299753aec592c,bridge,8,5,2.6255643367767334,0
5ab30ebf554299753aec592c,bridge,0,6,2.4397709369659424,0
5ab30ebf554299753aec592c,bridge,7,7,2.0396978855133057,1
5ab30ebf554299753aec592c,bridge,1,8,0.4214954376220703,0
5ab30ebf554299753aec592c,bridge,5,9,0.4003588557243347,0
5ab2b95c5542991669774072,bridge,5,0,6.443175792694092,1
5ab2b95c5542991669774072,bridge,7,1,3.5859012603759766,1
5ab2b95c5542991669774072,bridge,8,2,2.412757158279419,0
5ab2b95c5542991669774072,bridge,6,3,2.0495660305023193,0
5ab2b95c5542991669774072,bridge,1,4,1.4343852996826172,0
5ab2b95c5542991669774072,bridge,2,5,1.143412709236145,0
5ab2b95c5542991669774072,bridge,4,6,0.25163131952285767,0
5ab2b95c5542991669774072,bridge,3,7,-0.4931895434856415,0
5ab2b95c5542991669774072,bridge,0,8,-1.0780088901519775,0
5ab2b95c5542991669774072,bridge,9,9,-2.6196372509002686,0
5ac2a10e554299657fa28fec,bridge,3,0,8.616262435913086,1
5ac2a10e554299657fa28fec,bridge,7,1,3.747718572616577,0
5ac2a10e554299657fa28fec,bridge,5,2,1.6575678586959839,0
5ac2a10e554299657fa28fec,bridge,4,3,1.2919985055923462,0
5ac2a10e554299657fa28fec,bridge,6,4,0.16635538637638092,0
5ac2a10e554299657fa28fec,bridge,0,5,0.051548395305871964,0
5ac2a10e554299657fa28fec,bridge,1,6,-0.9849321246147156,1
5ac2a10e554299657fa28fec,bridge,9,7,-1.4937738180160522,0
5ac2a10e554299657fa28fec,bridge,2,8,-2.5138702392578125,0
5ac2a10e554299657fa28fec,bridge,8,9,-6.663111686706543,0
5abb02fe554299232ef4a39f,bridge,2,0,8.40837287902832,1
5abb02fe554299232ef4a39f,bridge,1,1,1.8356693983078003,0
5abb02fe554299232ef4a39f,bridge,9,2,-2.5380666255950928,0
5abb02fe554299232ef4a39f,bridge,0,3,-3.5094552040100098,1
5abb02fe554299232ef4a39f,bridge,3,4,-5.4082841873168945,0
5abb02fe554299232ef4a39f,bridge,5,5,-6.212001800537109,0
5abb02fe554299232ef4a39f,bridge,4,6,-6.508025169372559,0
5abb02fe554299232ef4a39f,bridge,8,7,-7.5328264236450195,0
5abb02fe554299232ef4a39f,bridge,7,8,-9.938897132873535,0
5abb02fe554299232ef4a39f,bridge,6,9,-10.07741641998291,0
5a8eb4d65542990e94052b82,bridge,1,0,4.91691780090332,1
5a8eb4d65542990e94052b82,bridge,0,1,3.805379867553711,1
5a8eb4d65542990e94052b82,bridge,4,2,-1.1527190208435059,0
5a8eb4d65542990e94052b82,bridge,3,3,-1.6658539772033691,0
5a8eb4d65542990e94052b82,bridge,6,4,-5.879310131072998,0
5a8eb4d65542990e94052b82,bridge,2,5,-6.1204423904418945,0
5a8eb4d65542990e94052b82,bridge,8,6,-6.563841342926025,0
5a8eb4d65542990e94052b82,bridge,5,7,-8.349701881408691,0
5a8eb4d65542990e94052b82,bridge,7,8,-8.978684425354004,0
5a8eb4d65542990e94052b82,bridge,9,9,-10.670022964477539,0
5a8ba60b554299240d9c205b,bridge,8,0,8.123390197753906,1
5a8ba60b554299240d9c205b,bridge,0,1,4.877338409423828,1
5a8ba60b554299240d9c205b,bridge,5,2,2.700777053833008,0
5a8ba60b554299240d9c205b,bridge,7,3,2.12640380859375,0
5a8ba60b554299240d9c205b,bridge,2,4,1.9185562133789062,0
5a8ba60b554299240d9c205b,bridge,1,5,0.9907439351081848,0
5a8ba60b554299240d9c205b,bridge,6,6,-2.68027400970459,0
5a8ba60b554299240d9c205b,bridge,3,7,-3.1882166862487793,0
5a8ba60b554299240d9c205b,bridge,4,8,-4.042389392852783,0
5a8ba60b554299240d9c205b,bridge,9,9,-9.066367149353027,0
5a807ca5554299485f598613,bridge,2,0,6.680234909057617,1
5a807ca5554299485f598613,bridge,5,1,0.3578549325466156,1
5a807ca5554299485f598613,bridge,1,2,-0.44463324546813965,0
5a807ca5554299485f598613,bridge,0,3,-1.023071050643921,0
5a807ca5554299485f598613,bridge,3,4,-1.5266176462173462,0
5a807ca5554299485f598613,bridge,9,5,-2.5272257328033447,0
5a807ca5554299485f598613,bridge,4,6,-5.7981414794921875,0
5a807ca5554299485f598613,bridge,8,7,-6.26157808303833,0
5a807ca5554299485f598613,bridge,7,8,-7.237752437591553,0
5a807ca5554299485f598613,bridge,6,9,-7.450974941253662,0
5a7c0dab5542997c3ec972d2,bridge,5,0,4.079056262969971,1
5a7c0dab5542997c3ec972d2,bridge,3,1,1.0080517530441284,0
5a7c0dab5542997c3ec972d2,bridge,0,2,-0.5321832895278931,0
5a7c0dab5542997c3ec972d2,bridge,8,3,-1.0190424919128418,0
5a7c0dab5542997c3ec972d2,bridge,7,4,-1.5141475200653076,1
5a7c0dab5542997c3ec972d2,bridge,6,5,-1.553991675376892,0
5a7c0dab5542997c3ec972d2,bridge,1,6,-2.4518675804138184,0
5a7c0dab5542997c3ec972d2,bridge,2,7,-3.001131534576416,0
5a7c0dab5542997c3ec972d2,bridge,9,8,-3.2744944095611572,0
5a7c0dab5542997c3ec972d2,bridge,4,9,-4.2321977615356445,0
5a89019a5542995153361259,bridge,8,0,8.411282539367676,1
5a89019a5542995153361259,bridge,1,1,3.0136001110076904,0
5a89019a5542995153361259,bridge,2,2,2.786142587661743,0
5a89019a5542995153361259,bridge,7,3,2.5727200508117676,0
5a89019a5542995153361259,bridge,9,4,2.367422342300415,0
5a89019a5542995153361259,bridge,0,5,1.4760428667068481,0
5a89019a5542995153361259,bridge,6,6,0.3361900746822357,0
5a89019a5542995153361259,bridge,4,7,0.13435232639312744,0
5a89019a5542995153361259,bridge,3,8,-0.18443363904953003,0
5a89019a5542995153361259,bridge,5,9,-1.3611754179000854,1
5a7f00b455429930675135f1,bridge,7,0,4.356431484222412,1
5a7f00b455429930675135f1,bridge,3,1,1.322816252708435,0
5a7f00b455429930675135f1,bridge,1,2,0.3071754276752472,1
5a7f00b455429930675135f1,bridge,4,3,-4.834115028381348,0
5a7f00b455429930675135f1,bridge,6,4,-5.600943565368652,0
5a7f00b455429930675135f1,bridge,0,5,-5.742130756378174,0
5a7f00b455429930675135f1,bridge,5,6,-6.049840927124023,0
5a7f00b455429930675135f1,bridge,8,7,-6.629938125610352,0
5a7f00b455429930675135f1,bridge,9,8,-9.1246976852417,0
5a7f00b455429930675135f1,bridge,2,9,-10.828516006469727,0
5a8220db5542995ce29dccc1,bridge,5,0,9.960173606872559,1
5a8220db5542995ce29dccc1,bridge,0,1,4.382532119750977,1
5a8220db5542995ce29dccc1,bridge,8,2,-0.9562856554985046,0
5a8220db5542995ce29dccc1,bridge,4,3,-2.533914566040039,0
5a8220db5542995ce29dccc1,bridge,3,4,-4.880706310272217,0
5a8220db5542995ce29dccc1,bridge,7,5,-5.1929521560668945,0
5a8220db5542995ce29dccc1,bridge,1,6,-5.25825834274292,0
5a8220db5542995ce29dccc1,bridge,6,7,-5.590017795562744,0
5a8220db5542995ce29dccc1,bridge,2,8,-6.007263660430908,0
5a8220db5542995ce29dccc1,bridge,9,9,-7.072669506072998,0
5ab510cb5542996a3a96a00f,comparison,2,0,6.4598069190979,1
5ab510cb5542996a3a96a00f,comparison,7,1,6.399996280670166,0
5ab510cb5542996a3a96a00f,comparison,5,2,5.772148132324219,1
5ab510cb5542996a3a96a00f,comparison,9,3,3.004880428314209,0
5ab510cb5542996a3a96a00f,comparison,6,4,2.517443895339966,0
5ab510cb5542996a3a96a00f,comparison,3,5,-0.6125856637954712,0
5ab510cb5542996a3a96a00f,comparison,1,6,-3.23657488822937,0
5ab510cb5542996a3a96a00f,comparison,4,7,-4.066364288330078,0
5ab510cb5542996a3a96a00f,comparison,8,8,-5.709039211273193,0
5ab510cb5542996a3a96a00f,comparison,0,9,-5.937355995178223,0
5a80a25d5542995d8a8ddfb7,bridge,0,0,4.99642276763916,1
5a80a25d5542995d8a8ddfb7,bridge,2,1,4.379258155822754,0
5a80a25d5542995d8a8ddfb7,bridge,4,2,3.804622173309326,0
5a80a25d5542995d8a8ddfb7,bridge,9,3,3.5465123653411865,0
5a80a25d5542995d8a8ddfb7,bridge,1,4,3.1303443908691406,0
5a80a25d5542995d8a8ddfb7,bridge,8,5,2.6155264377593994,0
5a80a25d5542995d8a8ddfb7,bridge,7,6,-0.11738410592079163,0
5a80a25d5542995d8a8ddfb7,bridge,5,7,-1.3678754568099976,0
5a80a25d5542995d8a8ddfb7,bridge,6,8,-2.332007884979248,0
5a80a25d5542995d8a8ddfb7,bridge,3,9,-3.8023250102996826,1
5adf5cd25542992d7e9f9320,bridge,6,0,7.062331199645996,0
5adf5cd25542992d7e9f9320,bridge,1,1,6.999248504638672,0
5adf5cd25542992d7e9f9320,bridge,0,2,6.956953048706055,1
5adf5cd25542992d7e9f9320,bridge,8,3,6.742788791656494,0
5adf5cd25542992d7e9f9320,bridge,2,4,6.641213417053223,0
5adf5cd25542992d7e9f9320,bridge,7,5,6.005638122558594,0
5adf5cd25542992d7e9f9320,bridge,3,6,5.742162227630615,0
5adf5cd25542992d7e9f9320,bridge,9,7,5.7227349281311035,0
5adf5cd25542992d7e9f9320,bridge,5,8,4.3672075271606445,0
5adf5cd25542992d7e9f9320,bridge,4,9,2.931713104248047,1
5a75ebfc5542992d0ec06018,bridge,8,0,5.595407009124756,1
5a75ebfc5542992d0ec06018,bridge,1,1,5.423645973205566,1
5a75ebfc5542992d0ec06018,bridge,6,2,-5.353715419769287,0
5a75ebfc5542992d0ec06018,bridge,4,3,-5.797763347625732,0
5a75ebfc5542992d0ec06018,bridge,7,4,-5.8503217697143555,0
5a75ebfc5542992d0ec06018,bridge,2,5,-6.0498456954956055,0
5a75ebfc5542992d0ec06018,bridge,5,6,-6.129817485809326,0
5a75ebfc5542992d0ec06018,bridge,9,7,-7.018925189971924,0
5a75ebfc5542992d0ec06018,bridge,0,8,-7.170986175537109,0
5a75ebfc5542992d0ec06018,bridge,3,9,-8.100507736206055,0
5ab29caa554299545a2cf9d3,bridge,8,0,8.381545066833496,1
5ab29caa554299545a2cf9d3,bridge,2,1,7.471170902252197,1
5ab29caa554299545a2cf9d3,bridge,6,2,6.5457000732421875,0
5ab29caa554299545a2cf9d3,bridge,3,3,5.75543737411499,0
5ab29caa554299545a2cf9d3,bridge,9,4,5.4594573974609375,0
5ab29caa554299545a2cf9d3,bridge,0,5,3.0308873653411865,0
5ab29caa554299545a2cf9d3,bridge,4,6,-1.3574228286743164,0
5ab29caa554299545a2cf9d3,bridge,5,7,-2.0096209049224854,0
5ab29caa554299545a2cf9d3,bridge,7,8,-3.355699062347412,0
5ab29caa554299545a2cf9d3,bridge,1,9,-5.380932807922363,0
5ae0536755429924de1b70a6,comparison,8,0,5.976569652557373,1
5ae0536755429924de1b70a6,comparison,3,1,3.1672728061676025,1
5ae0536755429924de1b70a6,comparison,2,2,0.3309851884841919,0
5ae0536755429924de1b70a6,comparison,7,3,-0.5115342736244202,0
5ae0536755429924de1b70a6,comparison,5,4,-0.5963191986083984,0
5ae0536755429924de1b70a6,comparison,6,5,-0.866841197013855,0
5ae0536755429924de1b70a6,comparison,4,6,-0.9769101142883301,0
5ae0536755429924de1b70a6,comparison,0,7,-1.0813440084457397,0
5ae0536755429924de1b70a6,comparison,1,8,-1.3618508577346802,0
5ae0536755429924de1b70a6,comparison,9,9,-1.8004381656646729,0
5ae17a9b5542990adbacf7a2,comparison,2,0,4.0795817375183105,1
5ae17a9b5542990adbacf7a2,comparison,0,1,3.4875760078430176,1
5ae17a9b5542990adbacf7a2,comparison,6,2,1.9834156036376953,0
5ae17a9b5542990adbacf7a2,comparison,9,3,1.7598525285720825,0
5ae17a9b5542990adbacf7a2,comparison,7,4,0.8689356446266174,0
5ae17a9b5542990adbacf7a2,comparison,1,5,-0.2642859220504761,0
5ae17a9b5542990adbacf7a2,comparison,8,6,-1.508191466331482,0
5ae17a9b5542990adbacf7a2,comparison,5,7,-2.0846750736236572,0
5ae17a9b5542990adbacf7a2,comparison,4,8,-2.427807092666626,0
5ae17a9b5542990adbacf7a2,comparison,3,9,-3.132150888442993,0
5a8f503c5542992414482a34,bridge,1,0,5.105303764343262,1
5a8f503c5542992414482a34,bridge,2,1,3.667508125305176,0
5a8f503c5542992414482a34,bridge,0,2,-1.6522367000579834,0
5a8f503c5542992414482a34,bridge,4,3,-3.211615800857544,0
5a8f503c5542992414482a34,bridge,9,4,-3.42854642868042,0
5a8f503c5542992414482a34,bridge,6,5,-4.068439960479736,0
5a8f503c5542992414482a34,bridge,7,6,-4.797830581665039,0
5a8f503c5542992414482a34,bridge,5,7,-7.263306617736816,0
5a8f503c5542992414482a34,bridge,8,8,-8.142416000366211,1
5a8f503c5542992414482a34,bridge,3,9,-10.79434871673584,0
5ae0159855429925eb1afc09,comparison,4,0,5.552988529205322,1
5ae0159855429925eb1afc09,comparison,5,1,-0.5190576314926147,1
5ae0159855429925eb1afc09,comparison,2,2,-1.0728816986083984,0
5ae0159855429925eb1afc09,comparison,3,3,-1.895202875137329,0
5ae0159855429925eb1afc09,comparison,8,4,-2.8912625312805176,0
5ae0159855429925eb1afc09,comparison,6,5,-3.0184249877929688,0
5ae0159855429925eb1afc09,comparison,0,6,-3.3375515937805176,0
5ae0159855429925eb1afc09,comparison,9,7,-3.745368480682373,0
5ae0159855429925eb1afc09,comparison,1,8,-3.773698329925537,0
5ae0159855429925eb1afc09,comparison,7,9,-3.855255365371704,0
5a8b2f2b5542995d1e6f12fa,bridge,0,0,6.023807525634766,1
5a8b2f2b5542995d1e6f12fa,bridge,3,1,5.035614013671875,0
5a8b2f2b5542995d1e6f12fa,bridge,5,2,5.007044792175293,1
5a8b2f2b5542995d1e6f12fa,bridge,1,3,4.98856258392334,0
5a8b2f2b5542995d1e6f12fa,bridge,8,4,3.35266375541687,0
5a8b2f2b5542995d1e6f12fa,bridge,9,5,3.200385570526123,0
5a8b2f2b5542995d1e6f12fa,bridge,4,6,2.9970765113830566,0
5a8b2f2b5542995d1e6f12fa,bridge,7,7,1.9516240358352661,0
5a8b2f2b5542995d1e6f12fa,bridge,2,8,-0.5646701455116272,0
5a8b2f2b5542995d1e6f12fa,bridge,6,9,-2.053072214126587,0
5a90386455429916514e7435,bridge,0,0,7.123720169067383,1
5a90386455429916514e7435,bridge,8,1,0.5445796251296997,0
5a90386455429916514e7435,bridge,7,2,-0.5158853530883789,0
5a90386455429916514e7435,bridge,4,3,-2.1610519886016846,0
5a90386455429916514e7435,bridge,1,4,-2.554128885269165,1
5a90386455429916514e7435,bridge,5,5,-2.9892826080322266,0
5a90386455429916514e7435,bridge,2,6,-4.286453723907471,0
5a90386455429916514e7435,bridge,3,7,-4.722214221954346,0
5a90386455429916514e7435,bridge,9,8,-8.846412658691406,0
5a90386455429916514e7435,bridge,6,9,-9.264193534851074,0
5ab43179554299233955004d,bridge,3,0,2.005821704864502,1
5ab43179554299233955004d,bridge,6,1,0.408498615026474,0
5ab43179554299233955004d,bridge,1,2,-0.9414545297622681,0
5ab43179554299233955004d,bridge,9,3,-1.7643667459487915,0
5ab43179554299233955004d,bridge,0,4,-2.727482318878174,0
5ab43179554299233955004d,bridge,7,5,-3.022216320037842,0
5ab43179554299233955004d,bridge,4,6,-3.0707504749298096,1
5ab43179554299233955004d,bridge,8,7,-3.0806350708007812,0
5ab43179554299233955004d,bridge,2,8,-4.665785789489746,0
5ab43179554299233955004d,bridge,5,9,-4.780754566192627,0
5a8b42be55429949d91db515,comparison,1,0,2.2766735553741455,1
5a8b42be55429949d91db515,comparison,5,1,1.135108470916748,1
5a8b42be55429949d91db515,comparison,8,2,-1.085829496383667,0
5a8b42be55429949d91db515,comparison,2,3,-1.5136950016021729,0
5a8b42be55429949d91db515,comparison,0,4,-2.222184896469116,0
5a8b42be55429949d91db515,comparison,4,5,-2.522202730178833,0
5a8b42be55429949d91db515,comparison,9,6,-2.7483057975769043,0
5a8b42be55429949d91db515,comparison,3,7,-2.8366007804870605,0
5a8b42be55429949d91db515,comparison,7,8,-3.0751335620880127,0
5a8b42be55429949d91db515,comparison,6,9,-3.165097713470459,0
5a8d6d4e554299441c6b9fdb,bridge,3,0,10.168866157531738,1
5a8d6d4e554299441c6b9fdb,bridge,5,1,1.6636006832122803,0
5a8d6d4e554299441c6b9fdb,bridge,7,2,1.5982708930969238,0
5a8d6d4e554299441c6b9fdb,bridge,6,3,1.2193059921264648,0
5a8d6d4e554299441c6b9fdb,bridge,2,4,1.0971468687057495,0
5a8d6d4e554299441c6b9fdb,bridge,9,5,1.092144250869751,1
5a8d6d4e554299441c6b9fdb,bridge,1,6,0.707547664642334,0
5a8d6d4e554299441c6b9fdb,bridge,4,7,0.5824621319770813,0
5a8d6d4e554299441c6b9fdb,bridge,8,8,-0.9017747640609741,0
5a8d6d4e554299441c6b9fdb,bridge,0,9,-3.638244867324829,0
5ae40a2955429970de88d8a3,bridge,0,0,7.456750869750977,1
5ae40a2955429970de88d8a3,bridge,4,1,0.7802637815475464,0
5ae40a2955429970de88d8a3,bridge,1,2,-3.8693034648895264,0
5ae40a2955429970de88d8a3,bridge,5,3,-5.209159851074219,0
5ae40a2955429970de88d8a3,bridge,2,4,-6.248563766479492,0
5ae40a2955429970de88d8a3,bridge,3,5,-8.179765701293945,1
5adcfebe5542992c1e3a24f3,bridge,3,0,9.555609703063965,1
5adcfebe5542992c1e3a24f3,bridge,9,1,6.276941776275635,0
5adcfebe5542992c1e3a24f3,bridge,2,2,4.2860941886901855,0
5adcfebe5542992c1e3a24f3,bridge,6,3,3.785043954849243,0
5adcfebe5542992c1e3a24f3,bridge,1,4,2.4646530151367188,0
5adcfebe5542992c1e3a24f3,bridge,5,5,2.300354480743408,0
5adcfebe5542992c1e3a24f3,bridge,4,6,1.683344841003418,0
5adcfebe5542992c1e3a24f3,bridge,7,7,1.5705500841140747,1
5adcfebe5542992c1e3a24f3,bridge,0,8,1.208253264427185,0
5adcfebe5542992c1e3a24f3,bridge,8,9,-0.21378834545612335,0
5ab5a3fb5542997d4ad1f19b,bridge,6,0,9.866192817687988,1
5ab5a3fb5542997d4ad1f19b,bridge,0,1,5.169755458831787,0
5ab5a3fb5542997d4ad1f19b,bridge,7,2,0.506828248500824,0
5ab5a3fb5542997d4ad1f19b,bridge,4,3,0.4813172519207001,0
5ab5a3fb5542997d4ad1f19b,bridge,5,4,0.09558765590190887,0
5ab5a3fb5542997d4ad1f19b,bridge,1,5,-0.3594646453857422,0
5ab5a3fb5542997d4ad1f19b,bridge,8,6,-1.7121236324310303,1
5ab5a3fb5542997d4ad1f19b,bridge,2,7,-1.7990142107009888,0
5ab5a3fb5542997d4ad1f19b,bridge,9,8,-3.6462671756744385,0
5ab5a3fb5542997d4ad1f19b,bridge,3,9,-5.801124095916748,0
5ac2ffbd554299677310267b,bridge,1,0,3.343752861022949,1
5ac2ffbd554299677310267b,bridge,6,1,3.062283515930176,1
5ac2ffbd554299677310267b,bridge,0,2,-2.035754442214966,0
5ac2ffbd554299677310267b,bridge,5,3,-2.3383102416992188,0
5ac2ffbd554299677310267b,bridge,8,4,-2.6342012882232666,0
5ac2ffbd554299677310267b,bridge,7,5,-2.7966182231903076,0
5ac2ffbd554299677310267b,bridge,4,6,-2.816093921661377,0
5ac2ffbd554299677310267b,bridge,2,7,-3.058342456817627,0
5ac2ffbd554299677310267b,bridge,9,8,-3.5053584575653076,0
5ac2ffbd554299677310267b,bridge,3,9,-3.672030448913574,0
5a7133fa5542994082a3e660,bridge,7,0,6.108367443084717,1
5a7133fa5542994082a3e660,bridge,3,1,3.49526309967041,1
5a7133fa5542994082a3e660,bridge,8,2,2.3688971996307373,0
5a7133fa5542994082a3e660,bridge,6,3,1.8333146572113037,0
5a7133fa5542994082a3e660,bridge,1,4,1.7372891902923584,0
5a7133fa5542994082a3e660,bridge,4,5,-2.4379260540008545,0
5a7133fa5542994082a3e660,bridge,9,6,-2.5791587829589844,0
5a7133fa5542994082a3e660,bridge,2,7,-3.033721446990967,0
5a7133fa5542994082a3e660,bridge,0,8,-3.2814888954162598,0
5a7133fa5542994082a3e660,bridge,5,9,-5.229038715362549,0
5abea7c25542990832d3a068,bridge,9,0,8.364136695861816,1
5abea7c25542990832d3a068,bridge,0,1,6.069696426391602,1
5abea7c25542990832d3a068,bridge,5,2,5.12861967086792,0
5abea7c25542990832d3a068,bridge,1,3,-0.7117797136306763,0
5abea7c25542990832d3a068,bridge,7,4,-0.9340032935142517,0
5abea7c25542990832d3a068,bridge,2,5,-1.0503315925598145,0
5abea7c25542990832d3a068,bridge,8,6,-1.451896071434021,0
5abea7c25542990832d3a068,bridge,6,7,-1.7287538051605225,0
5abea7c25542990832d3a068,bridge,3,8,-1.8624871969223022,0
5abea7c25542990832d3a068,bridge,4,9,-4.709235191345215,0
5a8a09765542992d82986e67,bridge,5,0,3.824876070022583,1
5a8a09765542992d82986e67,bridge,8,1,1.8686208724975586,0
5a8a09765542992d82986e67,bridge,1,2,-0.1816941797733307,0
5a8a09765542992d82986e67,bridge,4,3,-0.7082368731498718,1
5a8a09765542992d82986e67,bridge,2,4,-2.4579341411590576,0
5a8a09765542992d82986e67,bridge,0,5,-3.6760637760162354,0
5a8a09765542992d82986e67,bridge,6,6,-3.693876266479492,0
5a8a09765542992d82986e67,bridge,7,7,-3.7866971492767334,0
5a8a09765542992d82986e67,bridge,3,8,-5.530701160430908,0
5a8a09765542992d82986e67,bridge,9,9,-5.616512775421143,0
5a72a51355429901807daf21,bridge,9,0,6.321930885314941,1
5a72a51355429901807daf21,bridge,7,1,4.603030681610107,0
5a72a51355429901807daf21,bridge,3,2,1.9831957817077637,0
5a72a51355429901807daf21,bridge,6,3,1.9052345752716064,0
5a72a51355429901807daf21,bridge,0,4,0.16637013852596283,0
5a72a51355429901807daf21,bridge,5,5,0.05951071158051491,1
5a72a51355429901807daf21,bridge,4,6,-1.4104678630828857,0
5a72a51355429901807daf21,bridge,2,7,-3.3516159057617188,0
5a72a51355429901807daf21,bridge,1,8,-3.4855403900146484,0
5a72a51355429901807daf21,bridge,8,9,-3.509218692779541,0
5aba72d75542994dbf019912,comparison,4,0,6.204342842102051,1
5aba72d75542994dbf019912,comparison,8,1,2.6466598510742188,0
5aba72d75542994dbf019912,comparison,3,2,2.115095853805542,0
5aba72d75542994dbf019912,comparison,0,3,1.7133182287216187,0
5aba72d75542994dbf019912,comparison,6,4,0.5518551468849182,1
5aba72d75542994dbf019912,comparison,5,5,0.09724263101816177,0
5aba72d75542994dbf019912,comparison,7,6,-0.28425565361976624,0
5aba72d75542994dbf019912,comparison,2,7,-0.6115949153900146,0
5aba72d75542994dbf019912,comparison,9,8,-2.33752179145813,0
5aba72d75542994dbf019912,comparison,1,9,-7.101548671722412,0
5adcd9fe5542990d50227d46,comparison,1,0,3.770038604736328,1
5adcd9fe5542990d50227d46,comparison,8,1,2.699869394302368,1
5adcd9fe5542990d50227d46,comparison,2,2,-0.572600781917572,0
5adcd9fe5542990d50227d46,comparison,5,3,-7.233397960662842,0
5adcd9fe5542990d50227d46,comparison,7,4,-8.132699012756348,0
5adcd9fe5542990d50227d46,comparison,4,5,-9.268067359924316,0
5adcd9fe5542990d50227d46,comparison,3,6,-9.435120582580566,0
5adcd9fe5542990d50227d46,comparison,0,7,-10.44304370880127,0
5adcd9fe5542990d50227d46,comparison,9,8,-11.029694557189941,0
5adcd9fe5542990d50227d46,comparison,6,9,-11.11973762512207,0
5ae5c212554299546bf82f4b,bridge,5,0,6.745770454406738,1
5ae5c212554299546bf82f4b,bridge,0,1,5.063617706298828,1
5ae5c212554299546bf82f4b,bridge,3,2,1.1971077919006348,0
5ae5c212554299546bf82f4b,bridge,9,3,-4.340961933135986,0
5ae5c212554299546bf82f4b,bridge,7,4,-4.979894161224365,0
5ae5c212554299546bf82f4b,bridge,2,5,-5.3446149826049805,0
5ae5c212554299546bf82f4b,bridge,4,6,-6.4485321044921875,0
5ae5c212554299546bf82f4b,bridge,8,7,-6.855454921722412,0
5ae5c212554299546bf82f4b,bridge,6,8,-7.549617290496826,0
5ae5c212554299546bf82f4b,bridge,1,9,-8.880318641662598,0
5a7320565542991f9a20c61d,bridge,9,0,5.408378601074219,1
5a7320565542991f9a20c61d,bridge,5,1,3.167120933532715,1
5a7320565542991f9a20c61d,bridge,3,2,2.7223618030548096,0
5a7320565542991f9a20c61d,bridge,2,3,-2.8824334144592285,0
5a7320565542991f9a20c61d,bridge,6,4,-3.3906521797180176,0
5a7320565542991f9a20c61d,bridge,4,5,-3.3994641304016113,0
5a7320565542991f9a20c61d,bridge,0,6,-3.9453043937683105,0
5a7320565542991f9a20c61d,bridge,1,7,-4.263058662414551,0
5a7320565542991f9a20c61d,bridge,8,8,-6.0852131843566895,0
5a7320565542991f9a20c61d,bridge,7,9,-6.8140459060668945,0
5add596f5542990dbb2f7e4d,bridge,4,0,7.044761657714844,0
5add596f5542990dbb2f7e4d,bridge,2,1,6.902432918548584,0
5add596f5542990dbb2f7e4d,bridge,7,2,6.685512065887451,0
5add596f5542990dbb2f7e4d,bridge,9,3,6.488511562347412,1
5add596f5542990dbb2f7e4d,bridge,0,4,6.225133419036865,0
5add596f5542990dbb2f7e4d,bridge,8,5,5.459078311920166,0
5add596f5542990dbb2f7e4d,bridge,1,6,4.431877613067627,1
5add596f5542990dbb2f7e4d,bridge,5,7,0.08536674082279205,0
5add596f5542990dbb2f7e4d,bridge,6,8,-1.0800611972808838,0
5add596f5542990dbb2f7e4d,bridge,3,9,-1.3035211563110352,0
5adfb60655429942ec259b08,bridge,8,0,8.263349533081055,1
5adfb60655429942ec259b08,bridge,5,1,5.616194725036621,0
5adfb60655429942ec259b08,bridge,3,2,5.372385025024414,0
5adfb60655429942ec259b08,bridge,4,3,4.46675968170166,0
5adfb60655429942ec259b08,bridge,2,4,4.1085591316223145,0
5adfb60655429942ec259b08,bridge,6,5,4.016158580780029,0
5adfb60655429942ec259b08,bridge,7,6,3.040764570236206,0
5adfb60655429942ec259b08,bridge,1,7,2.165621519088745,0
5adfb60655429942ec259b08,bridge,0,8,1.1112247705459595,1
5adfb60655429942ec259b08,bridge,9,9,-1.6439709663391113,0
5a74adb455429916b01641c6,comparison,6,0,4.786177635192871,1
5a74adb455429916b01641c6,comparison,7,1,-3.854853630065918,0
5a74adb455429916b01641c6,comparison,5,2,-4.535588264465332,0
5a74adb455429916b01641c6,comparison,1,3,-5.211001873016357,1
5a74adb455429916b01641c6,comparison,4,4,-7.477685451507568,0
5a74adb455429916b01641c6,comparison,8,5,-7.5893988609313965,0
5a74adb455429916b01641c6,comparison,2,6,-7.670076370239258,0
5a74adb455429916b01641c6,comparison,0,7,-8.535560607910156,0
5a74adb455429916b01641c6,comparison,9,8,-9.844732284545898,0
5a74adb455429916b01641c6,comparison,3,9,-10.45167064666748,0
5ae27df25542992decbdcd2a,comparison,3,0,4.038477897644043,1
5ae27df25542992decbdcd2a,comparison,8,1,-0.2055814415216446,1
5ae27df25542992decbdcd2a,comparison,4,2,-1.7008627653121948,0
5ae27df25542992decbdcd2a,comparison,1,3,-3.399812936782837,0
5ae27df25542992decbdcd2a,comparison,6,4,-5.338985919952393,0
5ae27df25542992decbdcd2a,comparison,5,5,-6.10426139831543,0
5ae27df25542992decbdcd2a,comparison,2,6,-6.503062725067139,0
5ae27df25542992decbdcd2a,comparison,9,7,-9.584827423095703,0
5ae27df25542992decbdcd2a,comparison,0,8,-9.7162446975708,0
5ae27df25542992decbdcd2a,comparison,7,9,-10.374480247497559,0
5a8baf4b5542996e8ac889c5,comparison,1,0,4.587801933288574,1
5a8baf4b5542996e8ac889c5,comparison,7,1,1.1721388101577759,0
5a8baf4b5542996e8ac889c5,comparison,4,2,-3.0459797382354736,1
5a8baf4b5542996e8ac889c5,comparison,5,3,-4.840755939483643,0
5a8baf4b5542996e8ac889c5,comparison,6,4,-4.962375640869141,0
5a8baf4b5542996e8ac889c5,comparison,9,5,-7.595129013061523,0
5a8baf4b5542996e8ac889c5,comparison,3,6,-7.598618984222412,0
5a8baf4b5542996e8ac889c5,comparison,8,7,-8.310856819152832,0
5a8baf4b5542996e8ac889c5,comparison,0,8,-8.681877136230469,0
5a8baf4b5542996e8ac889c5,comparison,2,9,-10.139908790588379,0
5ae352285542994393b9e685,bridge,5,0,6.408252239227295,1
5ae352285542994393b9e685,bridge,6,1,4.482049465179443,1
5ae352285542994393b9e685,bridge,1,2,3.5972375869750977,0
5ae352285542994393b9e685,bridge,0,3,2.6653058528900146,0
5ae352285542994393b9e685,bridge,3,4,2.6268067359924316,0
5ae352285542994393b9e685,bridge,4,5,2.213395595550537,0
5ae352285542994393b9e685,bridge,8,6,1.392173171043396,0
5ae352285542994393b9e685,bridge,7,7,0.9896642565727234,0
5ae352285542994393b9e685,bridge,9,8,0.9891873002052307,0
5ae352285542994393b9e685,bridge,2,9,-0.46230775117874146,0
5a8e0a005542995085b373a1,bridge,3,0,5.115928649902344,1
5a8e0a005542995085b373a1,bridge,8,1,-5.283082962036133,0
5a8e0a005542995085b373a1,bridge,1,2,-5.354567527770996,0
5a8e0a005542995085b373a1,bridge,4,3,-6.850277423858643,1
5a8e0a005542995085b373a1,bridge,6,4,-7.590266704559326,0
5a8e0a005542995085b373a1,bridge,5,5,-7.851489067077637,0
5a8e0a005542995085b373a1,bridge,0,6,-8.051586151123047,0
5a8e0a005542995085b373a1,bridge,7,7,-8.347521781921387,0
5a8e0a005542995085b373a1,bridge,2,8,-8.911937713623047,0
5a8e0a005542995085b373a1,bridge,9,9,-9.865192413330078,0
5ab639e65542995eadeeff7f,comparison,1,0,4.766983985900879,1
5ab639e65542995eadeeff7f,comparison,4,1,-0.7303403615951538,1
5ab639e65542995eadeeff7f,comparison,5,2,-1.2377673387527466,0
5ab639e65542995eadeeff7f,comparison,6,3,-2.6189448833465576,0
5ab639e65542995eadeeff7f,comparison,9,4,-3.636077880859375,0
5ab639e65542995eadeeff7f,comparison,2,5,-4.328578948974609,0
5ab639e65542995eadeeff7f,comparison,8,6,-4.7746782302856445,0
5ab639e65542995eadeeff7f,comparison,3,7,-5.707995891571045,0
5ab639e65542995eadeeff7f,comparison,0,8,-7.055041790008545,0
5ab639e65542995eadeeff7f,comparison,7,9,-10.038456916809082,0
5ade99295542992fa25da7d8,bridge,2,0,4.236361980438232,0
5ade99295542992fa25da7d8,bridge,3,1,4.022902488708496,1
5ade99295542992fa25da7d8,bridge,4,2,2.413954257965088,1
5ade99295542992fa25da7d8,bridge,1,3,-0.5510017275810242,0
5ade99295542992fa25da7d8,bridge,5,4,-4.243141174316406,0
5ade99295542992fa25da7d8,bridge,6,5,-5.458766937255859,0
5ade99295542992fa25da7d8,bridge,8,6,-8.288993835449219,0
5ade99295542992fa25da7d8,bridge,0,7,-10.021100044250488,0
5ade99295542992fa25da7d8,bridge,9,8,-10.392026901245117,0
5ade99295542992fa25da7d8,bridge,7,9,-10.918457984924316,0
5ac26b7f55429951e9e685ae,bridge,5,0,5.248730182647705,1
5ac26b7f55429951e9e685ae,bridge,2,1,0.2698565423488617,0
5ac26b7f55429951e9e685ae,bridge,1,2,-1.0156749486923218,0
5ac26b7f55429951e9e685ae,bridge,8,3,-1.0319684743881226,1
5ac26b7f55429951e9e685ae,bridge,9,4,-1.5334134101867676,0
5ac26b7f55429951e9e685ae,bridge,0,5,-3.1447649002075195,0
5ac26b7f55429951e9e685ae,bridge,3,6,-4.082954406738281,0
5ac26b7f55429951e9e685ae,bridge,7,7,-4.671385765075684,0
5ac26b7f55429951e9e685ae,bridge,4,8,-5.567934036254883,0
5ac26b7f55429951e9e685ae,bridge,6,9,-6.256065368652344,0
5ae351405542994393b9e67f,bridge,2,0,5.749913692474365,1
5ae351405542994393b9e67f,bridge,4,1,2.2129745483398438,1
5ae351405542994393b9e67f,bridge,8,2,-4.6246843338012695,0
5ae351405542994393b9e67f,bridge,9,3,-5.462375640869141,0
5ae351405542994393b9e67f,bridge,6,4,-6.105255126953125,0
5ae351405542994393b9e67f,bridge,1,5,-6.426778793334961,0
5ae351405542994393b9e67f,bridge,7,6,-6.679758548736572,0
5ae351405542994393b9e67f,bridge,3,7,-7.397816181182861,0
5ae351405542994393b9e67f,bridge,0,8,-8.139556884765625,0
5ae351405542994393b9e67f,bridge,5,9,-8.2096586227417,0
5a7f6f4b5542994857a76740,bridge,4,0,6.657691955566406,1
5a7f6f4b5542994857a76740,bridge,8,1,4.412811756134033,1
5a7f6f4b5542994857a76740,bridge,7,2,4.096471309661865,0
5a7f6f4b5542994857a76740,bridge,2,3,2.5731396675109863,0
5a7f6f4b5542994857a76740,bridge,9,4,2.3393898010253906,0
5a7f6f4b5542994857a76740,bridge,1,5,2.2045698165893555,0
5a7f6f4b5542994857a76740,bridge,5,6,-0.7333469390869141,0
5a7f6f4b5542994857a76740,bridge,3,7,-1.3392455577850342,0
5a7f6f4b5542994857a76740,bridge,0,8,-2.021095037460327,0
5a7f6f4b5542994857a76740,bridge,6,9,-6.150806427001953,0
5a81346055429926c1cdad13,bridge,8,0,0.36552122235298157,1
5a81346055429926c1cdad13,bridge,1,1,-3.759578227996826,1
5a81346055429926c1cdad13,bridge,9,2,-4.120518207550049,0
5a81346055429926c1cdad13,bridge,3,3,-4.689949989318848,0
5a81346055429926c1cdad13,bridge,6,4,-5.386608123779297,0
5a81346055429926c1cdad13,bridge,5,5,-6.074430465698242,0
5a81346055429926c1cdad13,bridge,7,6,-6.194414138793945,0
5a81346055429926c1cdad13,bridge,0,7,-6.754277229309082,0
5a81346055429926c1cdad13,bridge,2,8,-8.745579719543457,0
5a81346055429926c1cdad13,bridge,4,9,-8.990256309509277,0
5a716f575542994082a3e82f,comparison,2,0,4.899504661560059,1
5a716f575542994082a3e82f,comparison,5,1,-1.0621904134750366,1
5a716f575542994082a3e82f,comparison,8,2,-2.730356454849243,0
5a716f575542994082a3e82f,comparison,7,3,-4.0519232749938965,0
5a716f575542994082a3e82f,comparison,3,4,-4.605254173278809,0
5a716f575542994082a3e82f,comparison,4,5,-6.043876647949219,0
5a716f575542994082a3e82f,comparison,6,6,-6.540703296661377,0
5a716f575542994082a3e82f,comparison,9,7,-7.214192867279053,0
5a716f575542994082a3e82f,comparison,0,8,-8.398000717163086,0
5a716f575542994082a3e82f,comparison,1,9,-8.857464790344238,0
5a812d0555429938b61422e1,comparison,4,0,6.649594306945801,1
5a812d0555429938b61422e1,comparison,6,1,3.717341661453247,1
5a812d0555429938b61422e1,comparison,5,2,-0.2136991024017334,0
5a812d0555429938b61422e1,comparison,3,3,-1.4760406017303467,0
5a812d0555429938b61422e1,comparison,1,4,-2.4482638835906982,0
5a812d0555429938b61422e1,comparison,0,5,-3.4684064388275146,0
5a812d0555429938b61422e1,comparison,7,6,-4.872779369354248,0
5a812d0555429938b61422e1,comparison,9,7,-7.3048319816589355,0
5a812d0555429938b61422e1,comparison,2,8,-9.661331176757812,0
5a812d0555429938b61422e1,comparison,8,9,-11.046647071838379,0
5a826d2f5542995ce29dcd05,bridge,9,0,5.55658483505249,1
5a826d2f5542995ce29dcd05,bridge,4,1,1.977016568183899,1
5a826d2f5542995ce29dcd05,bridge,0,2,0.6118325591087341,0
5a826d2f5542995ce29dcd05,bridge,8,3,-1.0049872398376465,0
5a826d2f5542995ce29dcd05,bridge,7,4,-1.9182074069976807,0
5a826d2f5542995ce29dcd05,bridge,6,5,-2.4437527656555176,0
5a826d2f5542995ce29dcd05,bridge,3,6,-3.5908398628234863,0
5a826d2f5542995ce29dcd05,bridge,2,7,-5.29234504699707,0
5a826d2f5542995ce29dcd05,bridge,5,8,-5.4407854080200195,0
5a826d2f5542995ce29dcd05,bridge,1,9,-5.443337917327881,0
5ab67c3f55429954757d32f9,comparison,1,0,4.729828357696533,1
5ab67c3f55429954757d32f9,comparison,0,1,-0.2888900935649872,1
5ab67c3f55429954757d32f9,comparison,4,2,-2.014545440673828,0
5ab67c3f55429954757d32f9,comparison,6,3,-6.4383111000061035,0
5ab67c3f55429954757d32f9,comparison,9,4,-7.334432125091553,0
5ab67c3f55429954757d32f9,comparison,3,5,-8.046141624450684,0
5ab67c3f55429954757d32f9,comparison,5,6,-8.52104377746582,0
5ab67c3f55429954757d32f9,comparison,8,7,-8.522218704223633,0
5ab67c3f55429954757d32f9,comparison,7,8,-9.528793334960938,0
5ab67c3f55429954757d32f9,comparison,2,9,-9.874739646911621,0
5ae20e265542994d89d5b325,bridge,8,0,2.4399895668029785,1
5ae20e265542994d89d5b325,bridge,4,1,-1.5527994632720947,1
5ae20e265542994d89d5b325,bridge,2,2,-3.7767622470855713,0
5ae20e265542994d89d5b325,bridge,9,3,-5.826655387878418,0
5ae20e265542994d89d5b325,bridge,3,4,-6.066811561584473,0
5ae20e265542994d89d5b325,bridge,0,5,-6.124815464019775,0
5ae20e265542994d89d5b325,bridge,5,6,-10.159168243408203,0
5ae20e265542994d89d5b325,bridge,1,7,-10.4729642868042,0
5ae20e265542994d89d5b325,bridge,6,8,-10.902600288391113,0
5ae20e265542994d89d5b325,bridge,7,9,-11.080368995666504,0
5ae7eed8554299540e5a56b5,bridge,9,0,5.590439796447754,1
5ae7eed8554299540e5a56b5,bridge,7,1,1.752645492553711,1
5ae7eed8554299540e5a56b5,bridge,0,2,-4.066730976104736,0
5ae7eed8554299540e5a56b5,bridge,4,3,-6.400796413421631,0
5ae7eed8554299540e5a56b5,bridge,8,4,-7.042407989501953,0
5ae7eed8554299540e5a56b5,bridge,1,5,-7.278812885284424,0
5ae7eed8554299540e5a56b5,bridge,2,6,-7.410915851593018,0
5ae7eed8554299540e5a56b5,bridge,3,7,-7.465480327606201,0
5ae7eed8554299540e5a56b5,bridge,6,8,-7.588882923126221,0
5ae7eed8554299540e5a56b5,bridge,5,9,-11.091109275817871,0
5a7555215542996c70cfaee1,comparison,1,0,3.2573938369750977,1
5a7555215542996c70cfaee1,comparison,2,1,-1.975182056427002,1
5a7555215542996c70cfaee1,comparison,8,2,-4.418830871582031,0
5a7555215542996c70cfaee1,comparison,7,3,-5.64560604095459,0
5a7555215542996c70cfaee1,comparison,9,4,-7.125316143035889,0
5a7555215542996c70cfaee1,comparison,3,5,-8.378604888916016,0
5a7555215542996c70cfaee1,comparison,0,6,-9.11281681060791,0
5a7555215542996c70cfaee1,comparison,5,7,-9.486104011535645,0
5a7555215542996c70cfaee1,comparison,4,8,-9.69161605834961,0
5a7555215542996c70cfaee1,comparison,6,9,-10.817357063293457,0
5ab9b29c554299743d22ebae,comparison,6,0,7.480125904083252,1
5ab9b29c554299743d22ebae,comparison,2,1,5.722866058349609,1
5ab9b29c554299743d22ebae,comparison,0,2,-1.4527174234390259,0
5ab9b29c554299743d22ebae,comparison,4,3,-1.696624755859375,0
5ab9b29c554299743d22ebae,comparison,9,4,-4.150639057159424,0
5ab9b29c554299743d22ebae,comparison,1,5,-5.490725040435791,0
5ab9b29c554299743d22ebae,comparison,7,6,-5.75481653213501,0
5ab9b29c554299743d22ebae,comparison,8,7,-5.8018293380737305,0
5ab9b29c554299743d22ebae,comparison,3,8,-6.497014999389648,0
5ab9b29c554299743d22ebae,comparison,5,9,-7.262511730194092,0
5ae2c696554299495565db32,bridge,5,0,-0.11984957754611969,1
5ae2c696554299495565db32,bridge,9,1,-6.3619065284729,1
5ae2c696554299495565db32,bridge,3,2,-7.273428440093994,0
5ae2c696554299495565db32,bridge,0,3,-8.237027168273926,0
5ae2c696554299495565db32,bridge,1,4,-8.986154556274414,0
5ae2c696554299495565db32,bridge,6,5,-9.524255752563477,0
5ae2c696554299495565db32,bridge,2,6,-10.268521308898926,0
5ae2c696554299495565db32,bridge,8,7,-10.460569381713867,0
5ae2c696554299495565db32,bridge,4,8,-10.623578071594238,0
5ae2c696554299495565db32,bridge,7,9,-11.035517692565918,0
5a832f9d5542993344745fe4,bridge,8,0,4.157013416290283,1
5a832f9d5542993344745fe4,bridge,4,1,1.9112752676010132,0
5a832f9d5542993344745fe4,bridge,2,2,-0.38549256324768066,1
5a832f9d5542993344745fe4,bridge,1,3,-0.7920687198638916,0
5a832f9d5542993344745fe4,bridge,3,4,-4.140036582946777,0
5a832f9d5542993344745fe4,bridge,7,5,-4.587867736816406,0
5a832f9d5542993344745fe4,bridge,0,6,-6.977323055267334,0
5a832f9d5542993344745fe4,bridge,6,7,-8.162158012390137,0
5a832f9d5542993344745fe4,bridge,9,8,-8.929719924926758,0
5a832f9d5542993344745fe4,bridge,5,9,-9.400813102722168,0
5a79e3925542994bb9457130,comparison,0,0,3.3186533451080322,1
5a79e3925542994bb9457130,comparison,7,1,-1.5213298797607422,1
5a79e3925542994bb9457130,comparison,9,2,-3.7538440227508545,0
5a79e3925542994bb9457130,comparison,1,3,-6.742249965667725,0
5a79e3925542994bb9457130,comparison,6,4,-7.598641395568848,0
5a79e3925542994bb9457130,comparison,8,5,-7.976173400878906,0
5a79e3925542994bb9457130,comparison,4,6,-8.426352500915527,0
5a79e3925542994bb9457130,comparison,2,7,-8.917219161987305,0
5a79e3925542994bb9457130,comparison,5,8,-9.390196800231934,0
5a79e3925542994bb9457130,comparison,3,9,-9.967567443847656,0
5ae713af554299572ea546bb,bridge,8,0,7.238685607910156,1
5ae713af554299572ea546bb,bridge,9,1,-3.320298671722412,1
5ae713af554299572ea546bb,bridge,6,2,-3.900583267211914,0
5ae713af554299572ea546bb,bridge,5,3,-5.935563564300537,0
5ae713af554299572ea546bb,bridge,0,4,-6.078585624694824,0
5ae713af554299572ea546bb,bridge,3,5,-7.137338161468506,0
5ae713af554299572ea546bb,bridge,7,6,-7.28285026550293,0
5ae713af554299572ea546bb,bridge,4,7,-7.368710041046143,0
5ae713af554299572ea546bb,bridge,2,8,-9.211684226989746,0
5ae713af554299572ea546bb,bridge,1,9,-9.30123519897461,0
5ade450b5542997c77adedc5,bridge,1,0,6.913938045501709,1
5ade450b5542997c77adedc5,bridge,7,1,4.434648513793945,0
5ade450b5542997c77adedc5,bridge,0,2,4.043275356292725,1
5ade450b5542997c77adedc5,bridge,5,3,-0.7257020473480225,0
5ade450b5542997c77adedc5,bridge,6,4,-0.9296678900718689,0
5ade450b5542997c77adedc5,bridge,4,5,-1.6409684419631958,0
5ade450b5542997c77adedc5,bridge,9,6,-4.010973930358887,0
5ade450b5542997c77adedc5,bridge,2,7,-4.051376819610596,0
5ade450b5542997c77adedc5,bridge,3,8,-7.1294636726379395,0
5ade450b5542997c77adedc5,bridge,8,9,-8.809065818786621,0
5ab3cecd5542992ade7c6eae,bridge,5,0,7.445225238800049,1
5ab3cecd5542992ade7c6eae,bridge,6,1,7.397920608520508,1
5ab3cecd5542992ade7c6eae,bridge,4,2,5.538600921630859,0
5ab3cecd5542992ade7c6eae,bridge,2,3,-2.302022933959961,0
5ab3cecd5542992ade7c6eae,bridge,9,4,-2.607300281524658,0
5ab3cecd5542992ade7c6eae,bridge,7,5,-2.768099784851074,0
5ab3cecd5542992ade7c6eae,bridge,3,6,-4.1021833419799805,0
5ab3cecd5542992ade7c6eae,bridge,0,7,-5.419670104980469,0
5ab3cecd5542992ade7c6eae,bridge,1,8,-7.948504447937012,0
5ab3cecd5542992ade7c6eae,bridge,8,9,-8.553465843200684,0
5ae4be5c5542995ad6573e3a,bridge,4,0,10.21061897277832,0
5ae4be5c5542995ad6573e3a,bridge,0,1,9.755841255187988,0
5ae4be5c5542995ad6573e3a,bridge,2,2,9.735383987426758,0
5ae4be5c5542995ad6573e3a,bridge,6,3,9.608114242553711,1
5ae4be5c5542995ad6573e3a,bridge,1,4,9.144299507141113,0
5ae4be5c5542995ad6573e3a,bridge,9,5,9.095765113830566,1
5ae4be5c5542995ad6573e3a,bridge,7,6,9.026775360107422,0
5ae4be5c5542995ad6573e3a,bridge,8,7,8.707935333251953,0
5ae4be5c5542995ad6573e3a,bridge,5,8,8.136094093322754,0
5ae4be5c5542995ad6573e3a,bridge,3,9,7.307493686676025,0
5a8d5ec2554299585d9e37c4,comparison,9,0,6.906393527984619,1
5a8d5ec2554299585d9e37c4,comparison,4,1,4.821030616760254,1
5a8d5ec2554299585d9e37c4,comparison,3,2,0.7394482493400574,0
5a8d5ec2554299585d9e37c4,comparison,2,3,-0.6460710167884827,0
5a8d5ec2554299585d9e37c4,comparison,1,4,-3.4187889099121094,0
5a8d5ec2554299585d9e37c4,comparison,0,5,-4.696951389312744,0
5a8d5ec2554299585d9e37c4,comparison,6,6,-4.801578998565674,0
5a8d5ec2554299585d9e37c4,comparison,5,7,-5.185259819030762,0
5a8d5ec2554299585d9e37c4,comparison,8,8,-6.271212100982666,0
5a8d5ec2554299585d9e37c4,comparison,7,9,-8.444685935974121,0
5ae765185542995703ce8c0f,bridge,6,0,5.713712692260742,1
5ae765185542995703ce8c0f,bridge,1,1,-1.8207381963729858,0
5ae765185542995703ce8c0f,bridge,9,2,-2.986833095550537,1
5ae765185542995703ce8c0f,bridge,5,3,-10.195347785949707,0
5ae765185542995703ce8c0f,bridge,3,4,-10.20201587677002,0
5ae765185542995703ce8c0f,bridge,0,5,-10.244378089904785,0
5ae765185542995703ce8c0f,bridge,8,6,-10.57146167755127,0
5ae765185542995703ce8c0f,bridge,4,7,-10.597874641418457,0
5ae765185542995703ce8c0f,bridge,2,8,-10.888233184814453,0
5ae765185542995703ce8c0f,bridge,7,9,-10.990226745605469,0
5ab2c6a955429916697740c2,bridge,5,0,5.293911933898926,1
5ab2c6a955429916697740c2,bridge,0,1,0.4338511824607849,0
5ab2c6a955429916697740c2,bridge,7,2,0.26250383257865906,0
5ab2c6a955429916697740c2,bridge,1,3,-0.07748868316411972,0
5ab2c6a955429916697740c2,bridge,2,4,-1.5265909433364868,0
5ab2c6a955429916697740c2,bridge,9,5,-1.7632598876953125,0
5ab2c6a955429916697740c2,bridge,6,6,-3.8561642169952393,0
5ab2c6a955429916697740c2,bridge,3,7,-5.393596649169922,0
5ab2c6a955429916697740c2,bridge,8,8,-8.235299110412598,1
5ab2c6a955429916697740c2,bridge,4,9,-9.535663604736328,0
5ab6369655429953192ad2a1,comparison,1,0,4.5620503425598145,1
5ab6369655429953192ad2a1,comparison,0,1,4.478786945343018,1
5a7b220855429931da12c9e5,bridge,3,0,7.791347026824951,1
5a7b220855429931da12c9e5,bridge,6,1,-3.561027765274048,1
5a7b220855429931da12c9e5,bridge,7,2,-5.158539295196533,0
5a7b220855429931da12c9e5,bridge,2,3,-5.690330505371094,0
5a7b220855429931da12c9e5,bridge,0,4,-5.798043727874756,0
5a7b220855429931da12c9e5,bridge,4,5,-9.993892669677734,0
5a7b220855429931da12c9e5,bridge,9,6,-10.54875373840332,0
5a7b220855429931da12c9e5,bridge,1,7,-10.799545288085938,0
5a7b220855429931da12c9e5,bridge,5,8,-10.861989974975586,0
5a7b220855429931da12c9e5,bridge,8,9,-11.086895942687988,0
5a81d92f554299676cceb0f9,comparison,6,0,6.164868354797363,1
5a81d92f554299676cceb0f9,comparison,5,1,4.6020379066467285,1
5a81d92f554299676cceb0f9,comparison,3,2,2.488349199295044,0
5a81d92f554299676cceb0f9,comparison,0,3,2.0380141735076904,0
5a81d92f554299676cceb0f9,comparison,1,4,1.6418462991714478,0
5a81d92f554299676cceb0f9,comparison,4,5,1.2216057777404785,0
5a81d92f554299676cceb0f9,comparison,7,6,1.1786445379257202,0
5a81d92f554299676cceb0f9,comparison,2,7,0.4853600859642029,0
5a81d92f554299676cceb0f9,comparison,8,8,-0.637521505355835,0
5a81d92f554299676cceb0f9,comparison,9,9,-0.8465038537979126,0
5a7b735c5542997c3ec9718a,bridge,3,0,6.454714775085449,1
5a7b735c5542997c3ec9718a,bridge,4,1,1.528065800666809,0
5a7b735c5542997c3ec9718a,bridge,9,2,1.0578546524047852,0
5a7b735c5542997c3ec9718a,bridge,1,3,0.9709547758102417,0
5a7b735c5542997c3ec9718a,bridge,2,4,-0.5032116770744324,1
5a7b735c5542997c3ec9718a,bridge,5,5,-0.6120238304138184,0
5a7b735c5542997c3ec9718a,bridge,6,6,-0.6609777808189392,0
5a7b735c5542997c3ec9718a,bridge,8,7,-0.9658551216125488,0
5a7b735c5542997c3ec9718a,bridge,0,8,-2.339054584503174,0
5a7b735c5542997c3ec9718a,bridge,7,9,-3.431276798248291,0
5a724a2b5542990c210a40bc,bridge,2,0,4.527546405792236,1
5a724a2b5542990c210a40bc,bridge,8,1,1.4359729290008545,0
5a724a2b5542990c210a40bc,bridge,4,2,0.8017967343330383,0
5a724a2b5542990c210a40bc,bridge,5,3,0.6109666228294373,1
5a724a2b5542990c210a40bc,bridge,6,4,-0.26995158195495605,0
5a724a2b5542990c210a40bc,bridge,7,5,-1.3539365530014038,0
5a724a2b5542990c210a40bc,bridge,0,6,-1.4328373670578003,0
5a724a2b5542990c210a40bc,bridge,9,7,-1.4658526182174683,0
5a724a2b5542990c210a40bc,bridge,1,8,-1.647253394126892,0
5a724a2b5542990c210a40bc,bridge,3,9,-6.09024715423584,0
5ae5db98554299546bf82fa6,bridge,9,0,5.263796329498291,1
5ae5db98554299546bf82fa6,bridge,7,1,1.763869047164917,1
5ae5db98554299546bf82fa6,bridge,8,2,1.3064606189727783,0
5ae5db98554299546bf82fa6,bridge,4,3,1.2256851196289062,0
5ae5db98554299546bf82fa6,bridge,2,4,-0.5725517868995667,0
5ae5db98554299546bf82fa6,bridge,6,5,-0.8342161178588867,0
5ae5db98554299546bf82fa6,bridge,3,6,-3.862816333770752,0
5ae5db98554299546bf82fa6,bridge,0,7,-4.988401889801025,0
5ae5db98554299546bf82fa6,bridge,5,8,-6.071689605712891,0
5ae5db98554299546bf82fa6,bridge,1,9,-7.266869068145752,0
5a7344e95542991f9a20c6ce,bridge,5,0,4.773332118988037,0
5a7344e95542991f9a20c6ce,bridge,7,1,1.9241340160369873,1
5a7344e95542991f9a20c6ce,bridge,2,2,1.65357506275177,0
5a7344e95542991f9a20c6ce,bridge,0,3,1.4957603216171265,0
5a7344e95542991f9a20c6ce,bridge,4,4,0.8056774139404297,0
5a7344e95542991f9a20c6ce,bridge,6,5,0.2825787663459778,0
5a7344e95542991f9a20c6ce,bridge,3,6,-0.40448760986328125,0
5a7344e95542991f9a20c6ce,bridge,8,7,-0.8961526155471802,0
5a7344e95542991f9a20c6ce,bridge,9,8,-1.8872058391571045,1
5a7344e95542991f9a20c6ce,bridge,1,9,-3.9393808841705322,0
5ab6dbc15542995eadef00cd,comparison,0,0,1.1080231666564941,1
5ab6dbc15542995eadef00cd,comparison,1,1,0.785362958908081,1
5a88016b5542997e5c09a58a,bridge,3,0,7.470823764801025,1
5a88016b5542997e5c09a58a,bridge,8,1,-1.809991717338562,0
5a88016b5542997e5c09a58a,bridge,2,2,-6.05919885635376,0
5a88016b5542997e5c09a58a,bridge,4,3,-6.847550392150879,1
5a88016b5542997e5c09a58a,bridge,5,4,-8.007004737854004,0
5a88016b5542997e5c09a58a,bridge,7,5,-8.377029418945312,0
5a88016b5542997e5c09a58a,bridge,6,6,-8.519407272338867,0
5a88016b5542997e5c09a58a,bridge,1,7,-9.759002685546875,0
5a88016b5542997e5c09a58a,bridge,9,8,-9.843778610229492,0
5a88016b5542997e5c09a58a,bridge,0,9,-10.103257179260254,0
5ab5e024554299494045f097,comparison,7,0,2.295525312423706,1
5ab5e024554299494045f097,comparison,4,1,1.904246211051941,1
5ab5e024554299494045f097,comparison,2,2,0.7299902439117432,0
5ab5e024554299494045f097,comparison,3,3,-1.963636875152588,0
5ab5e024554299494045f097,comparison,6,4,-2.4787774085998535,0
5ab5e024554299494045f097,comparison,8,5,-2.783215045928955,0
5ab5e024554299494045f097,comparison,5,6,-3.435521125793457,0
5ab5e024554299494045f097,comparison,1,7,-3.6433584690093994,0
5ab5e024554299494045f097,comparison,0,8,-4.270512104034424,0
5ab5e024554299494045f097,comparison,9,9,-6.6498870849609375,0
5ac44629554299194317395d,bridge,1,0,6.291651725769043,1
5ac44629554299194317395d,bridge,8,1,0.2342185378074646,0
5ac44629554299194317395d,bridge,6,2,-0.774412214756012,0
5ac44629554299194317395d,bridge,2,3,-1.4208885431289673,1
5ac44629554299194317395d,bridge,9,4,-2.048391819000244,0
5ac44629554299194317395d,bridge,5,5,-7.472251892089844,0
5ac44629554299194317395d,bridge,0,6,-8.445886611938477,0
5ac44629554299194317395d,bridge,4,7,-9.7451171875,0
5ac44629554299194317395d,bridge,7,8,-9.91150951385498,0
5ac44629554299194317395d,bridge,3,9,-10.092314720153809,0
5a7afdc85542992d025e672e,bridge,4,0,4.004190444946289,1
5a7afdc85542992d025e672e,bridge,7,1,0.8923386931419373,0
5a7afdc85542992d025e672e,bridge,6,2,0.27769050002098083,1
5a7afdc85542992d025e672e,bridge,5,3,-0.06486085057258606,0
5a7afdc85542992d025e672e,bridge,9,4,-0.2942422032356262,0
5a7afdc85542992d025e672e,bridge,2,5,-0.6199420690536499,0
5a7afdc85542992d025e672e,bridge,0,6,-0.8907957673072815,0
5a7afdc85542992d025e672e,bridge,3,7,-2.136991262435913,0
5a7afdc85542992d025e672e,bridge,8,8,-2.3149561882019043,0
5a7afdc85542992d025e672e,bridge,1,9,-2.9057419300079346,0
5ae834e95542997ec272776a,bridge,1,0,7.475867748260498,1
5ae834e95542997ec272776a,bridge,3,1,6.881925106048584,0
5ae834e95542997ec272776a,bridge,0,2,2.6196982860565186,1
5ae834e95542997ec272776a,bridge,6,3,1.0632843971252441,0
5ae834e95542997ec272776a,bridge,4,4,-0.4567772150039673,0
5ae834e95542997ec272776a,bridge,7,5,-0.683006227016449,0
5ae834e95542997ec272776a,bridge,5,6,-0.7134984135627747,0
5ae834e95542997ec272776a,bridge,9,7,-2.5842199325561523,0
5ae834e95542997ec272776a,bridge,2,8,-3.08998441696167,0
5ae834e95542997ec272776a,bridge,8,9,-5.915152072906494,0
5abbdb335542992ccd8e7fc1,comparison,7,0,0.3427336812019348,1
5abbdb335542992ccd8e7fc1,comparison,9,1,0.2288477122783661,1
5abbdb335542992ccd8e7fc1,comparison,1,2,-1.3728742599487305,0
5abbdb335542992ccd8e7fc1,comparison,3,3,-2.071152687072754,0
5abbdb335542992ccd8e7fc1,comparison,5,4,-2.637784957885742,0
5abbdb335542992ccd8e7fc1,comparison,0,5,-3.350741386413574,0
5abbdb335542992ccd8e7fc1,comparison,8,6,-8.085991859436035,0
5abbdb335542992ccd8e7fc1,comparison,6,7,-8.291001319885254,0
5abbdb335542992ccd8e7fc1,comparison,4,8,-9.741290092468262,0
5abbdb335542992ccd8e7fc1,comparison,2,9,-10.77280044555664,0
5a79c9cc554299148911fa53,comparison,6,0,3.968233108520508,1
5a79c9cc554299148911fa53,comparison,3,1,1.86495041847229,1
5a79c9cc554299148911fa53,comparison,1,2,-0.4360969662666321,0
5a79c9cc554299148911fa53,comparison,9,3,-3.8879554271698,0
5a79c9cc554299148911fa53,comparison,5,4,-4.331012725830078,0
5a79c9cc554299148911fa53,comparison,4,5,-5.719513416290283,0
5a79c9cc554299148911fa53,comparison,2,6,-6.617898464202881,0
5a79c9cc554299148911fa53,comparison,8,7,-6.802485942840576,0
5a79c9cc554299148911fa53,comparison,7,8,-7.545309066772461,0
5a79c9cc554299148911fa53,comparison,0,9,-8.883600234985352,0
5ac38c0755429939154137bb,bridge,8,0,7.640178203582764,1
5ac38c0755429939154137bb,bridge,5,1,7.306641578674316,0
5ac38c0755429939154137bb,bridge,2,2,4.772522926330566,1
5ac38c0755429939154137bb,bridge,1,3,4.302765369415283,0
5ac38c0755429939154137bb,bridge,7,4,2.9021921157836914,0
5ac38c0755429939154137bb,bridge,3,5,1.678934097290039,0
5ac38c0755429939154137bb,bridge,0,6,-3.5666041374206543,0
5ac38c0755429939154137bb,bridge,4,7,-5.683806896209717,0
5ac38c0755429939154137bb,bridge,9,8,-6.295256614685059,0
5ac38c0755429939154137bb,bridge,6,9,-8.357975959777832,0
5a8b7cb95542995d1e6f13bb,bridge,7,0,0.5587350726127625,0
5a8b7cb95542995d1e6f13bb,bridge,5,1,-0.33862513303756714,0
5a8b7cb95542995d1e6f13bb,bridge,3,2,-0.3934081494808197,0
5a8b7cb95542995d1e6f13bb,bridge,6,3,-0.6989961862564087,0
5a8b7cb95542995d1e6f13bb,bridge,1,4,-0.7964534759521484,0
5a8b7cb95542995d1e6f13bb,bridge,8,5,-0.8670271635055542,1
5a8b7cb95542995d1e6f13bb,bridge,0,6,-1.3769294023513794,0
5a8b7cb95542995d1e6f13bb,bridge,2,7,-1.435401439666748,0
5a8b7cb95542995d1e6f13bb,bridge,4,8,-2.4021005630493164,0
5a8b7cb95542995d1e6f13bb,bridge,9,9,-2.582688808441162,1
5addfdfa5542997dc790710b,bridge,9,0,6.034171104431152,1
5addfdfa5542997dc790710b,bridge,5,1,1.6205064058303833,1
5addfdfa5542997dc790710b,bridge,8,2,-0.5530166029930115,0
5addfdfa5542997dc790710b,bridge,3,3,-3.306795597076416,0
5addfdfa5542997dc790710b,bridge,6,4,-5.977540016174316,0
5addfdfa5542997dc790710b,bridge,0,5,-7.478709697723389,0
5addfdfa5542997dc790710b,bridge,7,6,-8.676769256591797,0
5addfdfa5542997dc790710b,bridge,2,7,-8.95199966430664,0
5addfdfa5542997dc790710b,bridge,1,8,-9.485759735107422,0
5addfdfa5542997dc790710b,bridge,4,9,-9.62180233001709,0
5a88d745554299206df2b378,comparison,7,0,2.0305919647216797,1
5a88d745554299206df2b378,comparison,4,1,-1.2863476276397705,1
5a88d745554299206df2b378,comparison,5,2,-2.290923833847046,0
5a88d745554299206df2b378,comparison,1,3,-2.824737071990967,0
5a88d745554299206df2b378,comparison,0,4,-2.934901714324951,0
5a88d745554299206df2b378,comparison,2,5,-3.545250415802002,0
5a88d745554299206df2b378,comparison,3,6,-4.236606121063232,0
5a88d745554299206df2b378,comparison,8,7,-4.432550430297852,0
5a88d745554299206df2b378,comparison,6,8,-5.975840091705322,0
5a88d745554299206df2b378,comparison,9,9,-6.6747822761535645,0
5ae6940e5542991bbc97613f,bridge,7,0,4.732990741729736,1
5ae6940e5542991bbc97613f,bridge,2,1,0.15770941972732544,1
5ae6940e5542991bbc97613f,bridge,8,2,-2.3088314533233643,0
5ae6940e5542991bbc97613f,bridge,6,3,-3.4988787174224854,0
5ae6940e5542991bbc97613f,bridge,3,4,-4.50465726852417,0
5ae6940e5542991bbc97613f,bridge,1,5,-4.801874160766602,0
5ae6940e5542991bbc97613f,bridge,0,6,-5.577737331390381,0
5ae6940e5542991bbc97613f,bridge,4,7,-6.217471122741699,0
5ae6940e5542991bbc97613f,bridge,5,8,-6.796255588531494,0
5ae6940e5542991bbc97613f,bridge,9,9,-7.0377397537231445,0
5abe3abb55429965af743ea1,bridge,5,0,5.7646098136901855,1
5abe3abb55429965af743ea1,bridge,9,1,-1.0201966762542725,0
5abe3abb55429965af743ea1,bridge,2,2,-1.184790849685669,0
5abe3abb55429965af743ea1,bridge,3,3,-1.9638049602508545,0
5abe3abb55429965af743ea1,bridge,1,4,-2.311586380004883,0
5abe3abb55429965af743ea1,bridge,4,5,-4.215064525604248,0
5abe3abb55429965af743ea1,bridge,6,6,-4.660694599151611,1
5abe3abb55429965af743ea1,bridge,0,7,-4.784947395324707,0
5abe3abb55429965af743ea1,bridge,8,8,-5.958775997161865,0
5abe3abb55429965af743ea1,bridge,7,9,-9.112825393676758,0
5a8ba9d255429971feec4759,bridge,2,0,6.738094329833984,1
5a8ba9d255429971feec4759,bridge,4,1,-0.1233450323343277,0
5a8ba9d255429971feec4759,bridge,3,2,-0.542071521282196,0
5a8ba9d255429971feec4759,bridge,9,3,-1.4476507902145386,0
5a8ba9d255429971feec4759,bridge,6,4,-2.615290880203247,0
5a8ba9d255429971feec4759,bridge,5,5,-3.285076379776001,0
5a8ba9d255429971feec4759,bridge,0,6,-4.205009937286377,0
5a8ba9d255429971feec4759,bridge,7,7,-4.398571491241455,1
5a8ba9d255429971feec4759,bridge,1,8,-4.6854095458984375,0
5a8ba9d255429971feec4759,bridge,8,9,-5.1320061683654785,0
5ab2b6fb5542992953946848,bridge,2,0,4.128145217895508,1
5ab2b6fb5542992953946848,bridge,5,1,3.4771480560302734,1
5ab2b6fb5542992953946848,bridge,0,2,-2.9439609050750732,0
5ab2b6fb5542992953946848,bridge,7,3,-3.7338898181915283,0
5ab2b6fb5542992953946848,bridge,6,4,-7.830251216888428,0
5ab2b6fb5542992953946848,bridge,8,5,-8.321504592895508,0
5ab2b6fb5542992953946848,bridge,1,6,-8.534541130065918,0
5ab2b6fb5542992953946848,bridge,4,7,-8.618083953857422,0
5ab2b6fb5542992953946848,bridge,3,8,-10.287456512451172,0
5ab2b6fb5542992953946848,bridge,9,9,-10.7313814163208,0
5adfd2f255429925eb1afaa5,bridge,8,0,5.475363731384277,0
5adfd2f255429925eb1afaa5,bridge,4,1,5.093994140625,1
5adfd2f255429925eb1afaa5,bridge,9,2,4.534264087677002,0
5adfd2f255429925eb1afaa5,bridge,1,3,4.02523136138916,1
5adfd2f255429925eb1afaa5,bridge,7,4,3.7129783630371094,0
5adfd2f255429925eb1afaa5,bridge,3,5,2.4128711223602295,0
5adfd2f255429925eb1afaa5,bridge,5,6,1.5074517726898193,0
5adfd2f255429925eb1afaa5,bridge,2,7,1.2363014221191406,0
5adfd2f255429925eb1afaa5,bridge,0,8,0.5260242223739624,0
5adfd2f255429925eb1afaa5,bridge,6,9,0.015551066026091576,0
5a7a33a35542994f819ef14c,bridge,9,0,3.0192508697509766,1
5a7a33a35542994f819ef14c,bridge,2,1,-2.952970504760742,0
5a7a33a35542994f819ef14c,bridge,6,2,-3.030299663543701,0
5a7a33a35542994f819ef14c,bridge,0,3,-6.370388984680176,1
5a7a33a35542994f819ef14c,bridge,3,4,-9.279251098632812,0
5a7a33a35542994f819ef14c,bridge,8,5,-9.422699928283691,0
5a7a33a35542994f819ef14c,bridge,4,6,-9.924949645996094,0
5a7a33a35542994f819ef14c,bridge,7,7,-10.112794876098633,0
5a7a33a35542994f819ef14c,bridge,1,8,-10.192325592041016,0
5a7a33a35542994f819ef14c,bridge,5,9,-10.438283920288086,0
5a8ba07d5542996e8ac88985,bridge,1,0,2.4387335777282715,1
5a8ba07d5542996e8ac88985,bridge,7,1,0.9230712652206421,0
5a8ba07d5542996e8ac88985,bridge,4,2,0.1923193782567978,1
5a8ba07d5542996e8ac88985,bridge,6,3,-2.121900796890259,0
5a8ba07d5542996e8ac88985,bridge,8,4,-2.1620025634765625,0
5a8ba07d5542996e8ac88985,bridge,3,5,-2.2761614322662354,0
5a8ba07d5542996e8ac88985,bridge,0,6,-7.212799072265625,0
5a8ba07d5542996e8ac88985,bridge,5,7,-7.478495121002197,0
5a8ba07d5542996e8ac88985,bridge,9,8,-7.8415656089782715,0
5a8ba07d5542996e8ac88985,bridge,2,9,-8.886102676391602,0
5ab8f57b5542991b5579f097,comparison,1,0,2.4982285499572754,1
5ab8f57b5542991b5579f097,comparison,8,1,2.4844143390655518,1
5ab8f57b5542991b5579f097,comparison,7,2,1.2127912044525146,0
5ab8f57b5542991b5579f097,comparison,5,3,-0.055969949811697006,0
5ab8f57b5542991b5579f097,comparison,4,4,-0.14605537056922913,0
5ab8f57b5542991b5579f097,comparison,3,5,-2.344513177871704,0
5ab8f57b5542991b5579f097,comparison,0,6,-4.151184558868408,0
5ab8f57b5542991b5579f097,comparison,9,7,-4.419830799102783,0
5ab8f57b5542991b5579f097,comparison,2,8,-4.912445545196533,0
5ab8f57b5542991b5579f097,comparison,6,9,-5.519207000732422,0
5abfb3425542990832d3a1c0,bridge,2,0,8.48473834991455,1
5abfb3425542990832d3a1c0,bridge,6,1,-3.2256057262420654,0
5abfb3425542990832d3a1c0,bridge,0,2,-3.2502739429473877,0
5abfb3425542990832d3a1c0,bridge,4,3,-3.4190196990966797,1
5abfb3425542990832d3a1c0,bridge,7,4,-5.5706787109375,0
5abfb3425542990832d3a1c0,bridge,8,5,-6.458094120025635,0
5abfb3425542990832d3a1c0,bridge,1,6,-7.530348300933838,0
5abfb3425542990832d3a1c0,bridge,5,7,-8.673425674438477,0
5abfb3425542990832d3a1c0,bridge,9,8,-10.118517875671387,0
5abfb3425542990832d3a1c0,bridge,3,9,-10.762777328491211,0
5ab5ac345542992aa134a37f,bridge,0,0,8.579551696777344,1
5ab5ac345542992aa134a37f,bridge,1,1,0.8331713676452637,0
5ab5ac345542992aa134a37f,bridge,7,2,-1.2261890172958374,0
5ab5ac345542992aa134a37f,bridge,4,3,-2.075302839279175,0
5ab5ac345542992aa134a37f,bridge,3,4,-2.2034525871276855,0
5ab5ac345542992aa134a37f,bridge,6,5,-2.3420846462249756,0
5ab5ac345542992aa134a37f,bridge,2,6,-2.494093418121338,0
5ab5ac345542992aa134a37f,bridge,8,7,-2.7549374103546143,1
5ab5ac345542992aa134a37f,bridge,5,8,-2.92193341255188,0
5ab5ac345542992aa134a37f,bridge,9,9,-3.6536495685577393,0
5a8e63d65542995085b37421,comparison,9,0,7.280935764312744,0
5a8e63d65542995085b37421,comparison,8,1,5.016380786895752,1
5a8e63d65542995085b37421,comparison,3,2,4.172316551208496,0
5a8e63d65542995085b37421,comparison,0,3,3.1397461891174316,0
5a8e63d65542995085b37421,comparison,1,4,3.0703177452087402,0
5a8e63d65542995085b37421,comparison,7,5,1.9419771432876587,0
5a8e63d65542995085b37421,comparison,5,6,1.526280403137207,1
5a8e63d65542995085b37421,comparison,6,7,0.9566415548324585,0
5a8e63d65542995085b37421,comparison,4,8,0.2811310291290283,0
5a8e63d65542995085b37421,comparison,2,9,-0.7037531137466431,0
5a89706055429951533612f9,bridge,8,0,5.162979602813721,1
5a89706055429951533612f9,bridge,7,1,-2.832925319671631,0
5a89706055429951533612f9,bridge,6,2,-3.3368499279022217,0
5a89706055429951533612f9,bridge,3,3,-5.081103324890137,0
5a89706055429951533612f9,bridge,9,4,-5.212521553039551,0
5a89706055429951533612f9,bridge,0,5,-5.68158483505249,0
5a89706055429951533612f9,bridge,1,6,-6.131574630737305,0
5a89706055429951533612f9,bridge,4,7,-7.5556793212890625,1
5a89706055429951533612f9,bridge,2,8,-7.691775798797607,0
5a89706055429951533612f9,bridge,5,9,-9.013043403625488,0
5a8e612b5542995085b3741b,comparison,8,0,4.341355800628662,1
5a8e612b5542995085b3741b,comparison,0,1,2.553287982940674,0
5a8e612b5542995085b3741b,comparison,3,2,1.4476864337921143,0
5a8e612b5542995085b3741b,comparison,7,3,-0.7729452848434448,1
5a8e612b5542995085b3741b,comparison,2,4,-5.4232072830200195,0
5a8e612b5542995085b3741b,comparison,5,5,-5.440001964569092,0
5a8e612b5542995085b3741b,comparison,4,6,-5.49613094329834,0
5a8e612b5542995085b3741b,comparison,6,7,-6.2642621994018555,0
5a8e612b5542995085b3741b,comparison,9,8,-7.234410762786865,0
5a8e612b5542995085b3741b,comparison,1,9,-7.400046348571777,0
5a738fb4554299623ed4abf9,comparison,1,0,6.661089897155762,1
5a738fb4554299623ed4abf9,comparison,8,1,4.75762414932251,1
5a738fb4554299623ed4abf9,comparison,5,2,4.375315189361572,0
5a738fb4554299623ed4abf9,comparison,2,3,4.047646522521973,0
5a738fb4554299623ed4abf9,comparison,7,4,4.042026519775391,0
5a738fb4554299623ed4abf9,comparison,4,5,3.4708540439605713,0
5a738fb4554299623ed4abf9,comparison,6,6,-0.9136621952056885,0
5a738fb4554299623ed4abf9,comparison,9,7,-1.5331701040267944,0
5a738fb4554299623ed4abf9,comparison,3,8,-2.4926953315734863,0
5a738fb4554299623ed4abf9,comparison,0,9,-3.7740225791931152,0
5a8bc29a5542995d1e6f1446,bridge,1,0,6.131728649139404,0
5a8bc29a5542995d1e6f1446,bridge,2,1,6.0723772048950195,1
5a8bc29a5542995d1e6f1446,bridge,0,2,1.5669221878051758,0
5a8bc29a5542995d1e6f1446,bridge,3,3,-0.4647940397262573,0
5a8bc29a5542995d1e6f1446,bridge,4,4,-1.1392878293991089,0
5a8bc29a5542995d1e6f1446,bridge,6,5,-1.6330715417861938,0
5a8bc29a5542995d1e6f1446,bridge,7,6,-2.4882287979125977,0
5a8bc29a5542995d1e6f1446,bridge,9,7,-2.541996955871582,0
5a8bc29a5542995d1e6f1446,bridge,8,8,-3.729158878326416,0
5a8bc29a5542995d1e6f1446,bridge,5,9,-10.23463249206543,1
5abfe2a15542997d6429591c,bridge,5,0,1.3087918758392334,1
5abfe2a15542997d6429591c,bridge,6,1,-4.7796630859375,0
5abfe2a15542997d6429591c,bridge,3,2,-5.226429462432861,0
5abfe2a15542997d6429591c,bridge,4,3,-5.261911869049072,0
5abfe2a15542997d6429591c,bridge,8,4,-6.079137802124023,0
5abfe2a15542997d6429591c,bridge,1,5,-6.378748416900635,0
5abfe2a15542997d6429591c,bridge,7,6,-6.633072376251221,1
5abfe2a15542997d6429591c,bridge,9,7,-8.314167022705078,0
5abfe2a15542997d6429591c,bridge,2,8,-8.362957954406738,0
5abfe2a15542997d6429591c,bridge,0,9,-8.945108413696289,0
5a868ca055429960ec39b6be,bridge,5,0,5.056452751159668,1
5a868ca055429960ec39b6be,bridge,1,1,3.6672098636627197,0
5a868ca055429960ec39b6be,bridge,8,2,3.573960304260254,0
5a868ca055429960ec39b6be,bridge,2,3,2.838832378387451,0
5a868ca055429960ec39b6be,bridge,7,4,2.1908810138702393,0
5a868ca055429960ec39b6be,bridge,6,5,1.5162116289138794,0
5a868ca055429960ec39b6be,bridge,0,6,0.7080338597297668,0
5a868ca055429960ec39b6be,bridge,3,7,-1.2406072616577148,0
5a868ca055429960ec39b6be,bridge,9,8,-2.180654525756836,1
5a868ca055429960ec39b6be,bridge,4,9,-4.907317161560059,0
5a820f2c55429926c1cdae17,comparison,4,0,1.8919963836669922,1
5a820f2c55429926c1cdae17,comparison,0,1,1.462270736694336,0
5a820f2c55429926c1cdae17,comparison,6,2,1.3835266828536987,1
5a820f2c55429926c1cdae17,comparison,7,3,-1.0645403861999512,0
5a820f2c55429926c1cdae17,comparison,2,4,-1.0966509580612183,0
5a820f2c55429926c1cdae17,comparison,5,5,-1.5618476867675781,0
5a820f2c55429926c1cdae17,comparison,3,6,-1.684611201286316,0
5a820f2c55429926c1cdae17,comparison,1,7,-2.2242448329925537,0
5a820f2c55429926c1cdae17,comparison,8,8,-2.413278818130493,0
5a820f2c55429926c1cdae17,comparison,9,9,-2.9731552600860596,0
5ae5a4e5554299546bf82f01,bridge,1,0,6.936029434204102,1
5ae5a4e5554299546bf82f01,bridge,3,1,6.746664047241211,1
5ae5a4e5554299546bf82f01,bridge,4,2,4.996910095214844,0
5ae5a4e5554299546bf82f01,bridge,5,3,4.116966724395752,0
5ae5a4e5554299546bf82f01,bridge,2,4,3.3179280757904053,0
5ae5a4e5554299546bf82f01,bridge,6,5,3.316866159439087,0
5ae5a4e5554299546bf82f01,bridge,9,6,1.650945782661438,0
5ae5a4e5554299546bf82f01,bridge,8,7,-1.465091347694397,0
5ae5a4e5554299546bf82f01,bridge,7,8,-3.8613595962524414,0
5ae5a4e5554299546bf82f01,bridge,0,9,-3.9433603286743164,0
5a8d0c74554299585d9e37a1,bridge,9,0,4.4665632247924805,1
5a8d0c74554299585d9e37a1,bridge,1,1,-5.7137250900268555,0
5a8d0c74554299585d9e37a1,bridge,8,2,-7.658609867095947,0
5a8d0c74554299585d9e37a1,bridge,3,3,-7.77226448059082,0
5a8d0c74554299585d9e37a1,bridge,2,4,-7.976961612701416,0
5a8d0c74554299585d9e37a1,bridge,4,5,-8.010839462280273,0
5a8d0c74554299585d9e37a1,bridge,0,6,-8.137249946594238,0
5a8d0c74554299585d9e37a1,bridge,5,7,-8.594493865966797,1
5a8d0c74554299585d9e37a1,bridge,7,8,-8.728008270263672,0
5a8d0c74554299585d9e37a1,bridge,6,9,-9.077993392944336,0
5ab9d7e4554299232ef4a21f,bridge,3,0,3.1064834594726562,1
5ab9d7e4554299232ef4a21f,bridge,8,1,-5.445481777191162,1
5ab9d7e4554299232ef4a21f,bridge,0,2,-5.526979446411133,0
5ab9d7e4554299232ef4a21f,bridge,4,3,-7.300999164581299,0
5ab9d7e4554299232ef4a21f,bridge,6,4,-8.498621940612793,0
5ab9d7e4554299232ef4a21f,bridge,2,5,-9.031764030456543,0
5ab9d7e4554299232ef4a21f,bridge,9,6,-9.23573112487793,0
5ab9d7e4554299232ef4a21f,bridge,5,7,-9.244356155395508,0
5ab9d7e4554299232ef4a21f,bridge,7,8,-9.733038902282715,0
5ab9d7e4554299232ef4a21f,bridge,1,9,-9.733124732971191,0
5a7148d25542994082a3e766,comparison,7,0,2.6851956844329834,1
5a7148d25542994082a3e766,comparison,5,1,1.969435214996338,1
5a7148d25542994082a3e766,comparison,3,2,-1.2208887338638306,0
5a7148d25542994082a3e766,comparison,2,3,-1.222135305404663,0
5a7148d25542994082a3e766,comparison,9,4,-1.6809992790222168,0
5a7148d25542994082a3e766,comparison,1,5,-1.9703983068466187,0
5a7148d25542994082a3e766,comparison,4,6,-2.370304584503174,0
5a7148d25542994082a3e766,comparison,6,7,-3.554032325744629,0
5a7148d25542994082a3e766,comparison,8,8,-3.946709394454956,0
5a7148d25542994082a3e766,comparison,0,9,-5.469786643981934,0
5ae6233c5542992ae0d1623e,bridge,0,0,5.554527282714844,1
5ae6233c5542992ae0d1623e,bridge,3,1,0.24745774269104004,0
5ae6233c5542992ae0d1623e,bridge,9,2,0.08388546109199524,1
5ae6233c5542992ae0d1623e,bridge,2,3,-1.253572702407837,0
5ae6233c5542992ae0d1623e,bridge,5,4,-1.8429131507873535,0
5ae6233c5542992ae0d1623e,bridge,6,5,-6.940545082092285,0
5ae6233c5542992ae0d1623e,bridge,4,6,-7.971055507659912,0
5ae6233c5542992ae0d1623e,bridge,8,7,-8.992727279663086,0
5ae6233c5542992ae0d1623e,bridge,1,8,-9.68347454071045,0
5ae6233c5542992ae0d1623e,bridge,7,9,-10.11214542388916,0
5adff2aa554299603e4183d0,comparison,5,0,2.2585067749023438,1
5adff2aa554299603e4183d0,comparison,6,1,0.7454062104225159,1
5adff2aa554299603e4183d0,comparison,0,2,-0.5068745613098145,0
5adff2aa554299603e4183d0,comparison,7,3,-1.4106032848358154,0
5adff2aa554299603e4183d0,comparison,9,4,-1.4766757488250732,0
5adff2aa554299603e4183d0,comparison,2,5,-1.8049226999282837,0
5adff2aa554299603e4183d0,comparison,8,6,-3.6058058738708496,0
5adff2aa554299603e4183d0,comparison,3,7,-3.995741367340088,0
5adff2aa554299603e4183d0,comparison,1,8,-5.861091136932373,0
5adff2aa554299603e4183d0,comparison,4,9,-7.648743629455566,0
5ade7fa3554299728e26c727,bridge,3,0,4.67338752746582,1
5ade7fa3554299728e26c727,bridge,9,1,-7.476532459259033,0
5ade7fa3554299728e26c727,bridge,7,2,-8.228859901428223,1
5ade7fa3554299728e26c727,bridge,4,3,-9.535974502563477,0
5ade7fa3554299728e26c727,bridge,0,4,-10.22628402709961,0
5ade7fa3554299728e26c727,bridge,8,5,-10.637947082519531,0
5ade7fa3554299728e26c727,bridge,6,6,-10.837397575378418,0
5ade7fa3554299728e26c727,bridge,1,7,-10.91046142578125,0
5ade7fa3554299728e26c727,bridge,5,8,-11.069713592529297,0
5ade7fa3554299728e26c727,bridge,2,9,-11.162614822387695,0
5a8f38fa55429924144829f5,bridge,7,0,1.9635874032974243,1
5a8f38fa55429924144829f5,bridge,4,1,0.20527805387973785,1
5a8f38fa55429924144829f5,bridge,6,2,-2.31564998626709,0
5a8f38fa55429924144829f5,bridge,2,3,-2.392711639404297,0
5a8f38fa55429924144829f5,bridge,3,4,-4.528719902038574,0
5a8f38fa55429924144829f5,bridge,5,5,-4.542402267456055,0
5a8f38fa55429924144829f5,bridge,0,6,-5.0462751388549805,0
5a8f38fa55429924144829f5,bridge,8,7,-5.902036666870117,0
5a8f38fa55429924144829f5,bridge,1,8,-6.630317211151123,0
5a8f38fa55429924144829f5,bridge,9,9,-8.453132629394531,0
5a8f51695542992414482a3e,bridge,5,0,-0.5954506993293762,1
5a8f51695542992414482a3e,bridge,7,1,-6.8509345054626465,0
5a8f51695542992414482a3e,bridge,2,2,-7.8772759437561035,0
5a8f51695542992414482a3e,bridge,4,3,-7.972911834716797,0
5a8f51695542992414482a3e,bridge,1,4,-8.570657730102539,0
5a8f51695542992414482a3e,bridge,3,5,-8.61841869354248,0
5a8f51695542992414482a3e,bridge,0,6,-8.786956787109375,0
5a8f51695542992414482a3e,bridge,8,7,-9.04728889465332,0
5a8f51695542992414482a3e,bridge,9,8,-9.694554328918457,0
5a8f51695542992414482a3e,bridge,6,9,-10.580394744873047,1
5a88db445542993b751ca88a,bridge,6,0,5.988819599151611,1
5a88db445542993b751ca88a,bridge,5,1,4.227421760559082,1
5a88db445542993b751ca88a,bridge,1,2,-0.47600990533828735,0
5a88db445542993b751ca88a,bridge,7,3,-0.544646680355072,0
5a88db445542993b751ca88a,bridge,3,4,-1.0584348440170288,0
5a88db445542993b751ca88a,bridge,8,5,-1.7456235885620117,0
5a88db445542993b751ca88a,bridge,0,6,-1.9446396827697754,0
5a88db445542993b751ca88a,bridge,2,7,-2.0690793991088867,0
5a88db445542993b751ca88a,bridge,4,8,-2.997286081314087,0
5a88db445542993b751ca88a,bridge,9,9,-6.4140543937683105,0
5a7ef6b35542994959419a94,bridge,5,0,6.939571380615234,1
5a7ef6b35542994959419a94,bridge,4,1,3.8962388038635254,0
5a7ef6b35542994959419a94,bridge,0,2,3.5137205123901367,0
5a7ef6b35542994959419a94,bridge,3,3,1.4526851177215576,0
5a7ef6b35542994959419a94,bridge,9,4,0.03256640210747719,0
5a7ef6b35542994959419a94,bridge,6,5,-0.5609402656555176,0
5a7ef6b35542994959419a94,bridge,2,6,-2.5868844985961914,0
5a7ef6b35542994959419a94,bridge,7,7,-2.9563217163085938,0
5a7ef6b35542994959419a94,bridge,1,8,-4.111123561859131,0
5a7ef6b35542994959419a94,bridge,8,9,-6.940886497497559,1
5a8e494e5542995a26add4c8,bridge,0,0,8.005353927612305,1
5a8e494e5542995a26add4c8,bridge,3,1,3.7186219692230225,1
5a8e494e5542995a26add4c8,bridge,2,2,0.8814549446105957,0
5a8e494e5542995a26add4c8,bridge,7,3,-3.2832484245300293,0
5a8e494e5542995a26add4c8,bridge,5,4,-5.732788562774658,0
5a8e494e5542995a26add4c8,bridge,8,5,-6.370742321014404,0
5a8e494e5542995a26add4c8,bridge,9,6,-7.481950283050537,0
5a8e494e5542995a26add4c8,bridge,1,7,-8.610505104064941,0
5a8e494e5542995a26add4c8,bridge,6,8,-8.870573043823242,0
5a8e494e5542995a26add4c8,bridge,4,9,-9.027922630310059,0
5ab5d43f5542997d4ad1f1f6,bridge,7,0,3.1964752674102783,1
5ab5d43f5542997d4ad1f1f6,bridge,0,1,1.975990653038025,1
5ab5d43f5542997d4ad1f1f6,bridge,2,2,-6.704662322998047,0
5ab5d43f5542997d4ad1f1f6,bridge,3,3,-6.714003086090088,0
5ab5d43f5542997d4ad1f1f6,bridge,8,4,-6.876923561096191,0
5ab5d43f5542997d4ad1f1f6,bridge,6,5,-6.914916515350342,0
5ab5d43f5542997d4ad1f1f6,bridge,1,6,-7.865242958068848,0
5ab5d43f5542997d4ad1f1f6,bridge,5,7,-8.993700981140137,0
5ab5d43f5542997d4ad1f1f6,bridge,4,8,-9.37685775756836,0
5ab5d43f5542997d4ad1f1f6,bridge,9,9,-9.613727569580078,0
5a7905ca554299148911f9c8,bridge,8,0,3.2321314811706543,1
5a7905ca554299148911f9c8,bridge,3,1,1.4174926280975342,0
5a7905ca554299148911f9c8,bridge,4,2,0.8583188652992249,0
5a7905ca554299148911f9c8,bridge,0,3,0.6353318095207214,1
5a7905ca554299148911f9c8,bridge,6,4,0.4149834215641022,0
5a7905ca554299148911f9c8,bridge,2,5,0.19965897500514984,0
5a7905ca554299148911f9c8,bridge,9,6,0.09045858681201935,0
5a7905ca554299148911f9c8,bridge,5,7,-2.173780679702759,0
5a7905ca554299148911f9c8,bridge,1,8,-2.844050884246826,0
5a7905ca554299148911f9c8,bridge,7,9,-3.021552085876465,0
5ab30f9a554299233954fef2,bridge,4,0,0.5098503232002258,1
5ab30f9a554299233954fef2,bridge,5,1,0.02757866308093071,1
5ab30f9a554299233954fef2,bridge,2,2,-5.516819000244141,0
5ab30f9a554299233954fef2,bridge,1,3,-6.213005065917969,0
5ab30f9a554299233954fef2,bridge,0,4,-7.929286003112793,0
5ab30f9a554299233954fef2,bridge,3,5,-8.046091079711914,0
5ab30f9a554299233954fef2,bridge,6,6,-8.261557579040527,0
5ab30f9a554299233954fef2,bridge,9,7,-8.432966232299805,0
5ab30f9a554299233954fef2,bridge,8,8,-8.745169639587402,0
5ab30f9a554299233954fef2,bridge,7,9,-8.796459197998047,0
5ab3849a55429969a97a8170,bridge,0,0,6.716686725616455,1
5ab3849a55429969a97a8170,bridge,7,1,1.4647470712661743,0
5ab3849a55429969a97a8170,bridge,4,2,-0.6303383111953735,0
5ab3849a55429969a97a8170,bridge,8,3,-0.7770485877990723,0
5ab3849a55429969a97a8170,bridge,1,4,-0.8432016968727112,0
5ab3849a55429969a97a8170,bridge,9,5,-1.0057404041290283,1
5ab3849a55429969a97a8170,bridge,5,6,-1.1638284921646118,0
5ab3849a55429969a97a8170,bridge,2,7,-1.2029402256011963,0
5ab3849a55429969a97a8170,bridge,6,8,-1.5106717348098755,0
5ab3849a55429969a97a8170,bridge,3,9,-1.5300543308258057,0
5a7bc5f255429927d897c03e,bridge,1,0,7.010740280151367,1
5a7bc5f255429927d897c03e,bridge,5,1,4.91364049911499,1
5a7bc5f255429927d897c03e,bridge,3,2,0.9238101243972778,0
5a7bc5f255429927d897c03e,bridge,8,3,-0.9147169589996338,0
5a7bc5f255429927d897c03e,bridge,4,4,-1.484206199645996,0
5a7bc5f255429927d897c03e,bridge,7,5,-1.9196844100952148,0
5a7bc5f255429927d897c03e,bridge,9,6,-2.4505882263183594,0
5a7bc5f255429927d897c03e,bridge,0,7,-2.8312714099884033,0
5a7bc5f255429927d897c03e,bridge,6,8,-3.5029983520507812,0
5a7bc5f255429927d897c03e,bridge,2,9,-8.890905380249023,0
5a7f22005542993067513657,bridge,7,0,7.407181262969971,1
5a7f22005542993067513657,bridge,5,1,5.392864227294922,0
5a7f22005542993067513657,bridge,1,2,5.354055404663086,1
5a7f22005542993067513657,bridge,4,3,3.1153340339660645,0
5a7f22005542993067513657,bridge,6,4,1.664077639579773,0
5a7f22005542993067513657,bridge,2,5,-1.889112949371338,0
5a7f22005542993067513657,bridge,9,6,-3.1819136142730713,0
5a7f22005542993067513657,bridge,8,7,-3.2624430656433105,0
5a7f22005542993067513657,bridge,3,8,-5.970138072967529,0
5a7f22005542993067513657,bridge,0,9,-9.981904029846191,0
5ab925fd554299131ca42281,bridge,0,0,3.0110268592834473,1
5ab925fd554299131ca42281,bridge,7,1,1.7704582214355469,1
5ab925fd554299131ca42281,bridge,3,2,-5.262731075286865,0
5ab925fd554299131ca42281,bridge,5,3,-5.720566272735596,0
5ab925fd554299131ca42281,bridge,6,4,-5.912858963012695,0
5ab925fd554299131ca42281,bridge,9,5,-7.153889179229736,0
5ab925fd554299131ca42281,bridge,1,6,-7.3455352783203125,0
5ab925fd554299131ca42281,bridge,2,7,-7.377619743347168,0
5ab925fd554299131ca42281,bridge,4,8,-7.656802177429199,0
5ab925fd554299131ca42281,bridge,8,9,-8.617765426635742,0
5a76244c554299109176e65d,bridge,6,0,6.820745944976807,1
5a76244c554299109176e65d,bridge,1,1,3.409947395324707,0
5a76244c554299109176e65d,bridge,3,2,2.7250261306762695,0
5a76244c554299109176e65d,bridge,0,3,1.7711076736450195,0
5a76244c554299109176e65d,bridge,5,4,1.5346958637237549,0
5a76244c554299109176e65d,bridge,4,5,1.266845464706421,0
5a76244c554299109176e65d,bridge,2,6,0.9556968212127686,1
5a76244c554299109176e65d,bridge,7,7,-3.3589584827423096,0
5a76244c554299109176e65d,bridge,8,8,-3.704408645629883,0
5a76244c554299109176e65d,bridge,9,9,-9.123021125793457,0
5ab53bee554299637185c526,bridge,3,0,5.267137050628662,1
5ab53bee554299637185c526,bridge,6,1,-8.197792053222656,0
5ab53bee554299637185c526,bridge,5,2,-8.29020881652832,1
5ab53bee554299637185c526,bridge,2,3,-9.611635208129883,0
5ab53bee554299637185c526,bridge,0,4,-10.016378402709961,0
5ab53bee554299637185c526,bridge,1,5,-10.225059509277344,0
5ab53bee554299637185c526,bridge,8,6,-10.480374336242676,0
5ab53bee554299637185c526,bridge,4,7,-10.547893524169922,0
5ab53bee554299637185c526,bridge,9,8,-10.550546646118164,0
5ab53bee554299637185c526,bridge,7,9,-10.616029739379883,0
5ab6aa4c55429953192ad359,bridge,5,0,5.536128997802734,1
5ab6aa4c55429953192ad359,bridge,9,1,2.353604316711426,0
5ab6aa4c55429953192ad359,bridge,6,2,0.9567862153053284,1
5ab6aa4c55429953192ad359,bridge,4,3,0.6524211764335632,0
5ab6aa4c55429953192ad359,bridge,2,4,0.2369852364063263,0
5ab6aa4c55429953192ad359,bridge,0,5,-0.3202904164791107,0
5ab6aa4c55429953192ad359,bridge,3,6,-0.5084726810455322,0
5ab6aa4c55429953192ad359,bridge,1,7,-0.7430535554885864,0
5ab6aa4c55429953192ad359,bridge,7,8,-1.3119267225265503,0
5ab6aa4c55429953192ad359,bridge,8,9,-1.6650267839431763,0
5abe832a55429965af743f29,bridge,5,0,4.714262962341309,1
5abe832a55429965af743f29,bridge,8,1,-0.5148859024047852,0
5abe832a55429965af743f29,bridge,7,2,-0.8151775598526001,1
5abe832a55429965af743f29,bridge,4,3,-2.3660941123962402,0
5abe832a55429965af743f29,bridge,6,4,-2.422891616821289,0
5abe832a55429965af743f29,bridge,2,5,-2.4894165992736816,0
5abe832a55429965af743f29,bridge,1,6,-3.030479907989502,0
5abe832a55429965af743f29,bridge,9,7,-3.318535804748535,0
5abe832a55429965af743f29,bridge,0,8,-3.7760403156280518,0
5abe832a55429965af743f29,bridge,3,9,-6.216606616973877,0
5ab5b732554299494045f03c,bridge,7,0,7.023995876312256,1
5ab5b732554299494045f03c,bridge,2,1,7.017880439758301,0
5ab5b732554299494045f03c,bridge,8,2,6.094465732574463,1
5ab5b732554299494045f03c,bridge,1,3,5.441069602966309,0
5ab5b732554299494045f03c,bridge,9,4,3.5865073204040527,0
5ab5b732554299494045f03c,bridge,0,5,3.38796329498291,0
5ab5b732554299494045f03c,bridge,3,6,1.8074510097503662,0
5ab5b732554299494045f03c,bridge,6,7,0.34401094913482666,0
5ab5b732554299494045f03c,bridge,5,8,-0.6481850147247314,0
5ab5b732554299494045f03c,bridge,4,9,-1.1814862489700317,0
5adffb4655429925eb1afbbf,bridge,2,0,5.821760177612305,1
5adffb4655429925eb1afbbf,bridge,3,1,-0.9808288812637329,0
5adffb4655429925eb1afbbf,bridge,4,2,-1.2401747703552246,0
5adffb4655429925eb1afbbf,bridge,9,3,-1.6763410568237305,0
5adffb4655429925eb1afbbf,bridge,8,4,-4.729958534240723,1
5adffb4655429925eb1afbbf,bridge,5,5,-5.385084629058838,0
5adffb4655429925eb1afbbf,bridge,1,6,-6.212430000305176,0
5adffb4655429925eb1afbbf,bridge,7,7,-8.458250999450684,0
5adffb4655429925eb1afbbf,bridge,6,8,-9.182759284973145,0
5adffb4655429925eb1afbbf,bridge,0,9,-9.678829193115234,0
5ae6d3345542996d980e7c85,bridge,6,0,3.049825668334961,1
5ae6d3345542996d980e7c85,bridge,9,1,1.7383087873458862,1
5ae6d3345542996d980e7c85,bridge,8,2,-3.6785857677459717,0
5ae6d3345542996d980e7c85,bridge,5,3,-6.916928768157959,0
5ae6d3345542996d980e7c85,bridge,1,4,-8.792664527893066,0
5ae6d3345542996d980e7c85,bridge,0,5,-10.937374114990234,0
5ae6d3345542996d980e7c85,bridge,7,6,-11.076200485229492,0
5ae6d3345542996d980e7c85,bridge,2,7,-11.095725059509277,0
5ae6d3345542996d980e7c85,bridge,4,8,-11.096824645996094,0
5ae6d3345542996d980e7c85,bridge,3,9,-11.134342193603516,0
5ab878ba55429916710eb06c,comparison,4,0,5.775455474853516,1
5ab878ba55429916710eb06c,comparison,1,1,3.527404308319092,1
5ab878ba55429916710eb06c,comparison,7,2,-3.07405424118042,0
5ab878ba55429916710eb06c,comparison,9,3,-3.2109358310699463,0
5ab878ba55429916710eb06c,comparison,6,4,-4.405585289001465,0
5ab878ba55429916710eb06c,comparison,2,5,-5.228672981262207,0
5ab878ba55429916710eb06c,comparison,8,6,-9.074776649475098,0
5ab878ba55429916710eb06c,comparison,3,7,-9.098062515258789,0
5ab878ba55429916710eb06c,comparison,5,8,-9.319172859191895,0
5ab878ba55429916710eb06c,comparison,0,9,-10.30610179901123,0
5a7509175542993748c897a3,bridge,7,0,4.926540851593018,0
5a7509175542993748c897a3,bridge,8,1,3.708472490310669,0
5a7509175542993748c897a3,bridge,0,2,3.704028606414795,1
5a7509175542993748c897a3,bridge,1,3,2.2718420028686523,0
5a7509175542993748c897a3,bridge,9,4,0.17175382375717163,0
5a7509175542993748c897a3,bridge,4,5,0.09318342804908752,0
5a7509175542993748c897a3,bridge,6,6,-0.037246864289045334,0
5a7509175542993748c897a3,bridge,5,7,-0.43034735321998596,0
5a7509175542993748c897a3,bridge,3,8,-1.5928094387054443,1
5a7509175542993748c897a3,bridge,2,9,-4.594587802886963,0
5a8ac38855429970aeb70300,bridge,6,0,8.1731538772583,0
5a8ac38855429970aeb70300,bridge,3,1,6.121530532836914,0
5a8ac38855429970aeb70300,bridge,9,2,3.2878739833831787,0
5a8ac38855429970aeb70300,bridge,1,3,2.96189284324646,0
5a8ac38855429970aeb70300,bridge,2,4,2.401444435119629,0
5a8ac38855429970aeb70300,bridge,4,5,1.1037869453430176,1
5a8ac38855429970aeb70300,bridge,0,6,1.072524905204773,0
5a8ac38855429970aeb70300,bridge,7,7,-1.0027462244033813,0
5a8ac38855429970aeb70300,bridge,5,8,-3.73976469039917,1
5a8ac38855429970aeb70300,bridge,8,9,-8.89444637298584,0
5a8bc03d5542996e8ac88a0b,bridge,2,0,7.236687183380127,1
5a8bc03d5542996e8ac88a0b,bridge,5,1,-1.6067677736282349,0
5a8bc03d5542996e8ac88a0b,bridge,3,2,-3.283259630203247,1
5a8bc03d5542996e8ac88a0b,bridge,8,3,-3.458192825317383,0
5a8bc03d5542996e8ac88a0b,bridge,0,4,-3.926370620727539,0
5a8bc03d5542996e8ac88a0b,bridge,6,5,-6.321913242340088,0
5a8bc03d5542996e8ac88a0b,bridge,9,6,-7.100027084350586,0
5a8bc03d5542996e8ac88a0b,bridge,7,7,-8.153430938720703,0
5a8bc03d5542996e8ac88a0b,bridge,4,8,-8.601840019226074,0
5a8bc03d5542996e8ac88a0b,bridge,1,9,-10.37215518951416,0
5ae4ad375542995dadf243a4,bridge,1,0,6.501142978668213,1
5ae4ad375542995dadf243a4,bridge,2,1,6.30591344833374,0
5ae4ad375542995dadf243a4,bridge,7,2,5.924432754516602,0
5ae4ad375542995dadf243a4,bridge,3,3,5.89138650894165,1
5ae4ad375542995dadf243a4,bridge,9,4,5.846233367919922,0
5ae4ad375542995dadf243a4,bridge,5,5,5.835361480712891,0
5ae4ad375542995dadf243a4,bridge,8,6,5.597559928894043,0
5ae4ad375542995dadf243a4,bridge,4,7,4.777995586395264,0
5ae4ad375542995dadf243a4,bridge,6,8,0.6293788552284241,0
5ae4ad375542995dadf243a4,bridge,0,9,0.3967669606208801,0
5a7da0de5542990b8f5039d7,comparison,8,0,4.663832664489746,1
5a7da0de5542990b8f5039d7,comparison,2,1,3.7412099838256836,1
5a7da0de5542990b8f5039d7,comparison,9,2,2.406719923019409,0
5a7da0de5542990b8f5039d7,comparison,1,3,-1.8398689031600952,0
5a7da0de5542990b8f5039d7,comparison,0,4,-3.5533699989318848,0
5a7da0de5542990b8f5039d7,comparison,5,5,-3.6413674354553223,0
5a7da0de5542990b8f5039d7,comparison,3,6,-4.109814167022705,0
5a7da0de5542990b8f5039d7,comparison,6,7,-4.87237548828125,0
5a7da0de5542990b8f5039d7,comparison,7,8,-5.194399833679199,0
5a7da0de5542990b8f5039d7,comparison,4,9,-6.020853519439697,0
5a8af0a355429950cd6afc1c,bridge,2,0,5.853372573852539,1
5a8af0a355429950cd6afc1c,bridge,9,1,-0.9220921993255615,1
5a8af0a355429950cd6afc1c,bridge,7,2,-8.51918888092041,0
5a8af0a355429950cd6afc1c,bridge,0,3,-9.588374137878418,0
5a8af0a355429950cd6afc1c,bridge,5,4,-10.22108268737793,0
5a8af0a355429950cd6afc1c,bridge,1,5,-10.387651443481445,0
5a8af0a355429950cd6afc1c,bridge,4,6,-10.488627433776855,0
5a8af0a355429950cd6afc1c,bridge,8,7,-10.596359252929688,0
5a8af0a355429950cd6afc1c,bridge,3,8,-10.671517372131348,0
5a8af0a355429950cd6afc1c,bridge,6,9,-10.81276798248291,0
5a73522d5542994cef4bc541,bridge,3,0,0.08837662637233734,1
5a73522d5542994cef4bc541,bridge,9,1,-0.8735319375991821,1
5a73522d5542994cef4bc541,bridge,0,2,-1.9832946062088013,0
5a73522d5542994cef4bc541,bridge,7,3,-2.2389960289001465,0
5a73522d5542994cef4bc541,bridge,6,4,-2.83341908454895,0
5a73522d5542994cef4bc541,bridge,1,5,-3.8146793842315674,0
5a73522d5542994cef4bc541,bridge,4,6,-4.051216125488281,0
5a73522d5542994cef4bc541,bridge,8,7,-5.2009711265563965,0
5a73522d5542994cef4bc541,bridge,5,8,-5.543036937713623,0
5a73522d5542994cef4bc541,bridge,2,9,-5.635568618774414,0
5ab3a83d5542992ade7c6e08,bridge,7,0,4.572287082672119,1
5ab3a83d5542992ade7c6e08,bridge,2,1,-3.5861659049987793,1
5ab3a83d5542992ade7c6e08,bridge,9,2,-7.035360813140869,0
5ab3a83d5542992ade7c6e08,bridge,1,3,-8.299680709838867,0
5ab3a83d5542992ade7c6e08,bridge,8,4,-8.436793327331543,0
5ab3a83d5542992ade7c6e08,bridge,3,5,-10.260913848876953,0
5ab3a83d5542992ade7c6e08,bridge,0,6,-10.373652458190918,0
5ab3a83d5542992ade7c6e08,bridge,4,7,-10.448131561279297,0
5ab3a83d5542992ade7c6e08,bridge,5,8,-10.94781494140625,0
5ab3a83d5542992ade7c6e08,bridge,6,9,-10.965856552124023,0
5ab84d5a55429916710eb028,bridge,8,0,7.635649681091309,1
5ab84d5a55429916710eb028,bridge,4,1,-4.188882827758789,0
5ab84d5a55429916710eb028,bridge,5,2,-4.209107875823975,0
5ab84d5a55429916710eb028,bridge,6,3,-4.386814117431641,0
5ab84d5a55429916710eb028,bridge,2,4,-4.753839492797852,0
5ab84d5a55429916710eb028,bridge,3,5,-5.000283718109131,0
5ab84d5a55429916710eb028,bridge,1,6,-5.884033203125,1
5ab84d5a55429916710eb028,bridge,9,7,-6.126271724700928,0
5ab84d5a55429916710eb028,bridge,0,8,-6.728010654449463,0
5ab84d5a55429916710eb028,bridge,7,9,-7.298986434936523,0
5a7f57a45542992097ad2f29,bridge,4,0,5.48959493637085,1
5a7f57a45542992097ad2f29,bridge,3,1,3.603672981262207,0
5a7f57a45542992097ad2f29,bridge,7,2,3.1728127002716064,1
5a7f57a45542992097ad2f29,bridge,9,3,2.0108113288879395,0
5a7f57a45542992097ad2f29,bridge,2,4,1.579554557800293,0
5a7f57a45542992097ad2f29,bridge,0,5,0.3237518072128296,0
5a7f57a45542992097ad2f29,bridge,8,6,-0.1284755915403366,0
5a7f57a45542992097ad2f29,bridge,6,7,-0.2823714017868042,0
5a7f57a45542992097ad2f29,bridge,5,8,-1.8145169019699097,0
5a7f57a45542992097ad2f29,bridge,1,9,-2.678964853286743,0
5ae764a85542997b22f6a720,bridge,9,0,6.19777774810791,1
5ae764a85542997b22f6a720,bridge,7,1,-6.814324855804443,1
5ae764a85542997b22f6a720,bridge,0,2,-8.602514266967773,0
5ae764a85542997b22f6a720,bridge,4,3,-9.576573371887207,0
5ae764a85542997b22f6a720,bridge,2,4,-10.164509773254395,0
5ae764a85542997b22f6a720,bridge,1,5,-10.236164093017578,0
5ae764a85542997b22f6a720,bridge,3,6,-10.246027946472168,0
5ae764a85542997b22f6a720,bridge,5,7,-10.265508651733398,0
5ae764a85542997b22f6a720,bridge,6,8,-10.572064399719238,0
5ae764a85542997b22f6a720,bridge,8,9,-11.011740684509277,0
5a7b1023554299042af8f6c2,comparison,5,0,8.474589347839355,1
5a7b1023554299042af8f6c2,comparison,8,1,5.953818321228027,1
5a7b1023554299042af8f6c2,comparison,6,2,5.551361083984375,0
5a7b1023554299042af8f6c2,comparison,9,3,3.05884051322937,0
5a7b1023554299042af8f6c2,comparison,7,4,2.36500883102417,0
5a7b1023554299042af8f6c2,comparison,0,5,1.839307188987732,0
5a7b1023554299042af8f6c2,comparison,1,6,1.4918079376220703,0
5a7b1023554299042af8f6c2,comparison,2,7,0.8846882581710815,0
5a7b1023554299042af8f6c2,comparison,3,8,-0.027565283700823784,0
5a7b1023554299042af8f6c2,comparison,4,9,-8.751853942871094,0
5a80707e5542992bc0c4a70e,bridge,9,0,4.0989766120910645,1
5a80707e5542992bc0c4a70e,bridge,7,1,3.8604540824890137,1
5a80707e5542992bc0c4a70e,bridge,2,2,-0.18107494711875916,0
5a80707e5542992bc0c4a70e,bridge,0,3,-1.5949922800064087,0
5a80707e5542992bc0c4a70e,bridge,5,4,-1.843009114265442,0
5a80707e5542992bc0c4a70e,bridge,6,5,-3.0806374549865723,0
5a80707e5542992bc0c4a70e,bridge,1,6,-3.878220558166504,0
5a80707e5542992bc0c4a70e,bridge,4,7,-4.9877424240112305,0
5a80707e5542992bc0c4a70e,bridge,3,8,-6.2349162101745605,0
5a80707e5542992bc0c4a70e,bridge,8,9,-7.432594299316406,0
5a8e16a5554299068b959e58,bridge,4,0,8.871468544006348,1
5a8e16a5554299068b959e58,bridge,8,1,-1.220381259918213,0
5a8e16a5554299068b959e58,bridge,6,2,-2.0656142234802246,1
5a8e16a5554299068b959e58,bridge,0,3,-3.300483465194702,0
5a8e16a5554299068b959e58,bridge,5,4,-3.9770917892456055,0
5a8e16a5554299068b959e58,bridge,7,5,-4.233563423156738,0
5a8e16a5554299068b959e58,bridge,3,6,-4.38707160949707,0
5a8e16a5554299068b959e58,bridge,2,7,-5.474989891052246,0
5a8e16a5554299068b959e58,bridge,9,8,-7.000231742858887,0
5a8e16a5554299068b959e58,bridge,1,9,-8.459762573242188,0
5a875cd65542996e4f30879d,bridge,5,0,4.507073879241943,1
5a875cd65542996e4f30879d,bridge,1,1,2.7391159534454346,0
5a875cd65542996e4f30879d,bridge,3,2,2.1460204124450684,0
5a875cd65542996e4f30879d,bridge,8,3,-4.617579936981201,0
5a875cd65542996e4f30879d,bridge,7,4,-4.839618682861328,0
5a875cd65542996e4f30879d,bridge,0,5,-5.188320159912109,0
5a875cd65542996e4f30879d,bridge,2,6,-6.6662116050720215,1
5a875cd65542996e4f30879d,bridge,4,7,-7.001049041748047,0
5a875cd65542996e4f30879d,bridge,6,8,-9.359588623046875,0
5a875cd65542996e4f30879d,bridge,9,9,-10.951577186584473,0
5a78d16455429974737f78bb,comparison,7,0,1.207713007926941,1
5a78d16455429974737f78bb,comparison,1,1,0.5065547227859497,1
5a78d16455429974737f78bb,comparison,9,2,-0.10988611727952957,0
5a78d16455429974737f78bb,comparison,0,3,-9.180245399475098,0
5a78d16455429974737f78bb,comparison,8,4,-10.25705623626709,0
5a78d16455429974737f78bb,comparison,4,5,-10.367654800415039,0
5a78d16455429974737f78bb,comparison,3,6,-10.823371887207031,0
5a78d16455429974737f78bb,comparison,6,7,-10.942164421081543,0
5a78d16455429974737f78bb,comparison,2,8,-11.067238807678223,0
5a78d16455429974737f78bb,comparison,5,9,-11.162862777709961,0
5a895f6155429946c8d6e914,bridge,0,0,5.545201778411865,1
5a895f6155429946c8d6e914,bridge,3,1,5.259448051452637,0
5a895f6155429946c8d6e914,bridge,8,2,4.13090705871582,0
5a895f6155429946c8d6e914,bridge,4,3,2.846675157546997,0
5a895f6155429946c8d6e914,bridge,9,4,1.9953566789627075,0
5a895f6155429946c8d6e914,bridge,5,5,0.83803790807724,0
5a895f6155429946c8d6e914,bridge,2,6,-0.001996407750993967,0
5a895f6155429946c8d6e914,bridge,6,7,-0.7302187085151672,0
5a895f6155429946c8d6e914,bridge,1,8,-2.923405885696411,1
5a895f6155429946c8d6e914,bridge,7,9,-5.788189888000488,0
5a84f8555542997175ce1f3a,bridge,7,0,3.0269157886505127,0
5a84f8555542997175ce1f3a,bridge,8,1,2.214109420776367,1
5a84f8555542997175ce1f3a,bridge,1,2,1.8064771890640259,0
5a84f8555542997175ce1f3a,bridge,9,3,1.5404353141784668,0
5a84f8555542997175ce1f3a,bridge,6,4,1.3018193244934082,0
5a84f8555542997175ce1f3a,bridge,4,5,0.7635741829872131,0
5a84f8555542997175ce1f3a,bridge,5,6,0.6792142391204834,0
5a84f8555542997175ce1f3a,bridge,2,7,0.4885406792163849,0
5a84f8555542997175ce1f3a,bridge,3,8,0.09410207718610764,0
5a84f8555542997175ce1f3a,bridge,0,9,0.00012754881754517555,1
5ab31adc554299233954ff0a,bridge,4,0,3.923861503601074,1
5ab31adc554299233954ff0a,bridge,1,1,0.3324914872646332,0
5ab31adc554299233954ff0a,bridge,3,2,-0.03934022784233093,0
5ab31adc554299233954ff0a,bridge,0,3,-2.468252658843994,1
5ab31adc554299233954ff0a,bridge,7,4,-2.6457934379577637,0
5ab31adc554299233954ff0a,bridge,9,5,-2.807223081588745,0
5ab31adc554299233954ff0a,bridge,2,6,-9.009519577026367,0
5ab31adc554299233954ff0a,bridge,8,7,-11.028273582458496,0
5ab31adc554299233954ff0a,bridge,6,8,-11.0526762008667,0
5ab31adc554299233954ff0a,bridge,5,9,-11.257139205932617,0
5ac3ba1855429939154138f3,comparison,3,0,8.455451011657715,1
5ac3ba1855429939154138f3,comparison,7,1,6.2942352294921875,0
5ac3ba1855429939154138f3,comparison,0,2,3.0655438899993896,0
5ac3ba1855429939154138f3,comparison,6,3,2.418205976486206,0
5ac3ba1855429939154138f3,comparison,4,4,2.0188839435577393,0
5ac3ba1855429939154138f3,comparison,2,5,1.2363440990447998,1
5ac3ba1855429939154138f3,comparison,8,6,-1.807642936706543,0
5ac3ba1855429939154138f3,comparison,9,7,-2.2119874954223633,0
5ac3ba1855429939154138f3,comparison,5,8,-2.391713857650757,0
5ac3ba1855429939154138f3,comparison,1,9,-6.133953094482422,0
5a7380b955429908901be2d4,comparison,0,0,4.132138252258301,0
5a7380b955429908901be2d4,comparison,7,1,3.253659248352051,1
5a7380b955429908901be2d4,comparison,1,2,2.008490562438965,0
5a7380b955429908901be2d4,comparison,3,3,0.7468692064285278,0
5a7380b955429908901be2d4,comparison,5,4,0.04540301486849785,0
5a7380b955429908901be2d4,comparison,8,5,-0.5964950919151306,1
5a7380b955429908901be2d4,comparison,2,6,-2.4110612869262695,0
5a7380b955429908901be2d4,comparison,6,7,-2.977116107940674,0
5a7380b955429908901be2d4,comparison,9,8,-5.606476306915283,0
5a7380b955429908901be2d4,comparison,4,9,-6.727590560913086,0
5a8f92fb55429918e830d271,bridge,9,0,6.0019636154174805,1
5a8f92fb55429918e830d271,bridge,5,1,-2.22786545753479,1
5a8f92fb55429918e830d271,bridge,2,2,-4.447242259979248,0
5a8f92fb55429918e830d271,bridge,4,3,-4.7127604484558105,0
5a8f92fb55429918e830d271,bridge,1,4,-5.262150764465332,0
5a8f92fb55429918e830d271,bridge,8,5,-5.60648250579834,0
5a8f92fb55429918e830d271,bridge,6,6,-5.691872596740723,0
5a8f92fb55429918e830d271,bridge,0,7,-5.820987701416016,0
5a8f92fb55429918e830d271,bridge,3,8,-7.189340591430664,0
5a8f92fb55429918e830d271,bridge,7,9,-9.17160701751709,0
5a88082055429938390d3ed2,bridge,4,0,8.013299942016602,1
5a88082055429938390d3ed2,bridge,2,1,6.364218711853027,1
5a88082055429938390d3ed2,bridge,6,2,1.295627474784851,0
5a88082055429938390d3ed2,bridge,8,3,1.0955350399017334,0
5a88082055429938390d3ed2,bridge,7,4,0.9994533061981201,0
5a88082055429938390d3ed2,bridge,9,5,0.7252484560012817,0
5a88082055429938390d3ed2,bridge,3,6,0.6945660710334778,0
5a88082055429938390d3ed2,bridge,5,7,-0.027102390304207802,0
5a88082055429938390d3ed2,bridge,1,8,-0.46515825390815735,0
5a88082055429938390d3ed2,bridge,0,9,-1.0369882583618164,0
5a7d22dc5542995ed0d16600,bridge,2,0,5.454129695892334,0
5a7d22dc5542995ed0d16600,bridge,6,1,5.2845845222473145,1
5a7d22dc5542995ed0d16600,bridge,5,2,5.097131252288818,0
5a7d22dc5542995ed0d16600,bridge,9,3,4.1239166259765625,0
5a7d22dc5542995ed0d16600,bridge,1,4,3.579998731613159,0
5a7d22dc5542995ed0d16600,bridge,3,5,1.3727003335952759,0
5a7d22dc5542995ed0d16600,bridge,0,6,0.8679950833320618,0
5a7d22dc5542995ed0d16600,bridge,4,7,0.05367046594619751,1
5a7d22dc5542995ed0d16600,bridge,8,8,-0.22950822114944458,0
5a7d22dc5542995ed0d16600,bridge,7,9,-2.874516010284424,0
5ae291bb5542996483e649f6,bridge,0,0,6.611696243286133,1
5ae291bb5542996483e649f6,bridge,3,1,3.86604905128479,0
5ae291bb5542996483e649f6,bridge,6,2,2.5701990127563477,0
5ae291bb5542996483e649f6,bridge,9,3,2.4640769958496094,0
5ae291bb5542996483e649f6,bridge,7,4,2.0988755226135254,0
5ae291bb5542996483e649f6,bridge,4,5,1.9862288236618042,0
5ae291bb5542996483e649f6,bridge,8,6,1.7099254131317139,0
5ae291bb5542996483e649f6,bridge,2,7,1.6461544036865234,0
5ae291bb5542996483e649f6,bridge,1,8,-0.3437768816947937,0
5ae291bb5542996483e649f6,bridge,5,9,-2.3635334968566895,1
5abfde655542997719eab6f2,comparison,7,0,3.958364725112915,1
5abfde655542997719eab6f2,comparison,2,1,2.86704158782959,1
5abfde655542997719eab6f2,comparison,9,2,0.07876141369342804,0
5abfde655542997719eab6f2,comparison,3,3,-0.2960517704486847,0
5abfde655542997719eab6f2,comparison,0,4,-0.3932172656059265,0
5abfde655542997719eab6f2,comparison,4,5,-0.4118499457836151,0
5abfde655542997719eab6f2,comparison,8,6,-0.41407549381256104,0
5abfde655542997719eab6f2,comparison,6,7,-0.6658196449279785,0
5abfde655542997719eab6f2,comparison,5,8,-0.8709852695465088,0
5abfde655542997719eab6f2,comparison,1,9,-1.4551706314086914,0
5ae67fad5542991bbc976100,bridge,6,0,5.889169216156006,1
5ae67fad5542991bbc976100,bridge,9,1,1.5619311332702637,0
5ae67fad5542991bbc976100,bridge,8,2,0.22476816177368164,0
5ae67fad5542991bbc976100,bridge,1,3,0.04358162358403206,0
5ae67fad5542991bbc976100,bridge,5,4,-0.10374520719051361,0
5ae67fad5542991bbc976100,bridge,3,5,-1.3574362993240356,0
5ae67fad5542991bbc976100,bridge,7,6,-1.5071184635162354,0
5ae67fad5542991bbc976100,bridge,2,7,-2.3595151901245117,0
5ae67fad5542991bbc976100,bridge,4,8,-4.466803073883057,0
5ae67fad5542991bbc976100,bridge,0,9,-4.530020236968994,1
5ab2a1f35542997061209677,bridge,0,0,7.40147066116333,1
5ab2a1f35542997061209677,bridge,5,1,6.9798502922058105,1
5ab2a1f35542997061209677,bridge,7,2,5.511209964752197,0
5ab2a1f35542997061209677,bridge,6,3,3.8160433769226074,0
5ab2a1f35542997061209677,bridge,3,4,2.819002628326416,0
5ab2a1f35542997061209677,bridge,4,5,1.6129014492034912,0
5ab2a1f35542997061209677,bridge,1,6,0.7564969658851624,0
5ab2a1f35542997061209677,bridge,2,7,0.6335018873214722,0
5ab2a1f35542997061209677,bridge,9,8,-1.165360689163208,0
5ab2a1f35542997061209677,bridge,8,9,-3.098720073699951,0
5a74ab6055429916b01641b9,comparison,1,0,6.857046127319336,1
5a74ab6055429916b01641b9,comparison,7,1,6.593000888824463,1
5a74ab6055429916b01641b9,comparison,6,2,1.6850030422210693,0
5a74ab6055429916b01641b9,comparison,5,3,-0.6458603143692017,0
5a74ab6055429916b01641b9,comparison,2,4,-2.2279343605041504,0
5a74ab6055429916b01641b9,comparison,3,5,-4.595925807952881,0
5a74ab6055429916b01641b9,comparison,0,6,-7.482193946838379,0
5a74ab6055429916b01641b9,comparison,9,7,-8.079083442687988,0
5a74ab6055429916b01641b9,comparison,8,8,-8.102744102478027,0
5a74ab6055429916b01641b9,comparison,4,9,-8.551946640014648,0
5a8b97485542995d1e6f140f,comparison,2,0,0.6559298634529114,1
5a8b97485542995d1e6f140f,comparison,9,1,0.3370276391506195,1
5a8b97485542995d1e6f140f,comparison,7,2,-3.476992130279541,0
5a8b97485542995d1e6f140f,comparison,8,3,-4.196493148803711,0
5a8b97485542995d1e6f140f,comparison,5,4,-5.119894027709961,0
5a8b97485542995d1e6f140f,comparison,3,5,-5.552053928375244,0
5a8b97485542995d1e6f140f,comparison,1,6,-5.68833065032959,0
5a8b97485542995d1e6f140f,comparison,0,7,-6.118564605712891,0
5a8b97485542995d1e6f140f,comparison,4,8,-6.981415271759033,0
5a8b97485542995d1e6f140f,comparison,6,9,-7.048224925994873,0
5adcdc6c5542992c1e3a2437,bridge,8,0,6.230073928833008,1
5adcdc6c5542992c1e3a2437,bridge,3,1,-2.812150001525879,0
5adcdc6c5542992c1e3a2437,bridge,1,2,-3.5727498531341553,0
5adcdc6c5542992c1e3a2437,bridge,5,3,-3.8516039848327637,0
5adcdc6c5542992c1e3a2437,bridge,6,4,-4.411475658416748,0
5adcdc6c5542992c1e3a2437,bridge,4,5,-4.690189838409424,0
5adcdc6c5542992c1e3a2437,bridge,2,6,-4.787484645843506,0
5adcdc6c5542992c1e3a2437,bridge,0,7,-5.862977504730225,0
5adcdc6c5542992c1e3a2437,bridge,7,8,-6.272368907928467,0
5adcdc6c5542992c1e3a2437,bridge,9,9,-11.193062782287598,1
5ae73ddb554299572ea5478d,bridge,6,0,8.140335083007812,1
5ae73ddb554299572ea5478d,bridge,2,1,4.014814853668213,1
5ae73ddb554299572ea5478d,bridge,1,2,-1.7723889350891113,0
5ae73ddb554299572ea5478d,bridge,7,3,-2.5091049671173096,0
5ae73ddb554299572ea5478d,bridge,8,4,-3.158750057220459,0
5ae73ddb554299572ea5478d,bridge,3,5,-4.299745559692383,0
5ae73ddb554299572ea5478d,bridge,4,6,-5.402501583099365,0
5ae73ddb554299572ea5478d,bridge,9,7,-6.083418369293213,0
5ae73ddb554299572ea5478d,bridge,0,8,-6.2027716636657715,0
5ae73ddb554299572ea5478d,bridge,5,9,-7.642409324645996,0
5ade618e554299728e26c700,comparison,7,0,0.8671207427978516,1
5ade618e554299728e26c700,comparison,2,1,-1.2537552118301392,1
5ade618e554299728e26c700,comparison,1,2,-3.9568545818328857,0
5ade618e554299728e26c700,comparison,3,3,-4.548531532287598,0
5ade618e554299728e26c700,comparison,5,4,-4.8337626457214355,0
5ade618e554299728e26c700,comparison,9,5,-4.9295244216918945,0
5ade618e554299728e26c700,comparison,4,6,-5.206110000610352,0
5ade618e554299728e26c700,comparison,6,7,-5.361344337463379,0
5ade618e554299728e26c700,comparison,0,8,-5.533145427703857,0
5ade618e554299728e26c700,comparison,8,9,-5.626988887786865,0
5a76404b5542994ccc91873d,comparison,2,0,4.5972185134887695,1
5a76404b5542994ccc91873d,comparison,5,1,2.764918804168701,1
5a76404b5542994ccc91873d,comparison,1,2,-1.9685839414596558,0
5a76404b5542994ccc91873d,comparison,4,3,-9.405351638793945,0
5a76404b5542994ccc91873d,comparison,8,4,-10.692910194396973,0
5a76404b5542994ccc91873d,comparison,0,5,-10.95717716217041,0
5a76404b5542994ccc91873d,comparison,3,6,-11.037549018859863,0
5a76404b5542994ccc91873d,comparison,6,7,-11.135021209716797,0
5a76404b5542994ccc91873d,comparison,7,8,-11.159106254577637,0
5a76404b5542994ccc91873d,comparison,9,9,-11.180234909057617,0
5ac44b47554299194317396c,comparison,9,0,5.99936580657959,1
5ac44b47554299194317396c,comparison,6,1,4.122692584991455,0
5ac44b47554299194317396c,comparison,1,2,3.6216824054718018,1
5ac44b47554299194317396c,comparison,0,3,3.443565845489502,0
5ac44b47554299194317396c,comparison,2,4,0.2628993093967438,0
5ac44b47554299194317396c,comparison,5,5,-1.0867116451263428,0
5ac44b47554299194317396c,comparison,3,6,-3.1880645751953125,0
5ac44b47554299194317396c,comparison,8,7,-4.710783004760742,0
5ac44b47554299194317396c,comparison,7,8,-5.137884616851807,0
5ac44b47554299194317396c,comparison,4,9,-5.393466949462891,0
5ac27afa5542990b17b153b5,bridge,8,0,6.011086940765381,1
5ac27afa5542990b17b153b5,bridge,3,1,-1.7523692846298218,0
5ac27afa5542990b17b153b5,bridge,9,2,-2.471092462539673,0
5ac27afa5542990b17b153b5,bridge,0,3,-3.870907783508301,1
5ac27afa5542990b17b153b5,bridge,6,4,-3.929330825805664,0
5ac27afa5542990b17b153b5,bridge,2,5,-4.848025798797607,0
5ac27afa5542990b17b153b5,bridge,7,6,-6.381518840789795,0
5ac27afa5542990b17b153b5,bridge,5,7,-7.641268730163574,0
5ac27afa5542990b17b153b5,bridge,4,8,-8.410123825073242,0
5ac27afa5542990b17b153b5,bridge,1,9,-8.971759796142578,0
5ac2c4fe554299218029db3b,bridge,9,0,3.719153642654419,1
5ac2c4fe554299218029db3b,bridge,7,1,-5.3943963050842285,0
5ac2c4fe554299218029db3b,bridge,2,2,-6.223913669586182,0
5ac2c4fe554299218029db3b,bridge,1,3,-8.230386734008789,0
5ac2c4fe554299218029db3b,bridge,3,4,-8.273439407348633,1
5ac2c4fe554299218029db3b,bridge,5,5,-8.91348648071289,0
5ac2c4fe554299218029db3b,bridge,0,6,-8.98535442352295,0
5ac2c4fe554299218029db3b,bridge,8,7,-9.817680358886719,0
5ac2c4fe554299218029db3b,bridge,4,8,-10.50075912475586,0
5ac2c4fe554299218029db3b,bridge,6,9,-10.662867546081543,0
5ae49b705542995ad6573dbc,bridge,8,0,4.651008605957031,1
5ae49b705542995ad6573dbc,bridge,3,1,-3.9323983192443848,0
5ae49b705542995ad6573dbc,bridge,1,2,-7.749420166015625,0
5ae49b705542995ad6573dbc,bridge,5,3,-8.585597038269043,1
5ae49b705542995ad6573dbc,bridge,7,4,-9.01008129119873,0
5ae49b705542995ad6573dbc,bridge,4,5,-9.41317367553711,0
5ae49b705542995ad6573dbc,bridge,0,6,-9.833786010742188,0
5ae49b705542995ad6573dbc,bridge,2,7,-9.858002662658691,0
5ae49b705542995ad6573dbc,bridge,6,8,-9.931548118591309,0
5ae49b705542995ad6573dbc,bridge,9,9,-10.04471492767334,0
5ae5fc345542993aec5ec1f8,bridge,5,0,9.188517570495605,1
5ae5fc345542993aec5ec1f8,bridge,4,1,-0.2103567272424698,0
5ae5fc345542993aec5ec1f8,bridge,7,2,-2.0003154277801514,0
5ae5fc345542993aec5ec1f8,bridge,8,3,-2.123292922973633,0
5ae5fc345542993aec5ec1f8,bridge,1,4,-2.207855463027954,0
5ae5fc345542993aec5ec1f8,bridge,3,5,-4.544007778167725,0
5ae5fc345542993aec5ec1f8,bridge,2,6,-4.9071550369262695,0
5ae5fc345542993aec5ec1f8,bridge,0,7,-8.144030570983887,1
5ae5fc345542993aec5ec1f8,bridge,9,8,-9.643521308898926,0
5ae5fc345542993aec5ec1f8,bridge,6,9,-11.125116348266602,0
5a8d651955429941ae14dfaf,bridge,9,0,8.482532501220703,1
5a8d651955429941ae14dfaf,bridge,5,1,4.903033256530762,1
5a8d651955429941ae14dfaf,bridge,0,2,-2.4383111000061035,0
5a8d651955429941ae14dfaf,bridge,3,3,-3.3955752849578857,0
5a8d651955429941ae14dfaf,bridge,6,4,-5.062277317047119,0
5a8d651955429941ae14dfaf,bridge,7,5,-5.14346170425415,0
5a8d651955429941ae14dfaf,bridge,1,6,-5.5779266357421875,0
5a8d651955429941ae14dfaf,bridge,8,7,-5.935268878936768,0
5a8d651955429941ae14dfaf,bridge,4,8,-6.234341144561768,0
5a8d651955429941ae14dfaf,bridge,2,9,-6.584517955780029,0
5a839cb9554299123d8c2169,comparison,4,0,7.379534721374512,0
5a839cb9554299123d8c2169,comparison,6,1,6.5665740966796875,1
5a839cb9554299123d8c2169,comparison,1,2,6.233798503875732,0
5a839cb9554299123d8c2169,comparison,2,3,4.7143144607543945,0
5a839cb9554299123d8c2169,comparison,0,4,4.405477523803711,0
5a839cb9554299123d8c2169,comparison,5,5,3.794860601425171,0
5a839cb9554299123d8c2169,comparison,3,6,2.6635658740997314,0
5a839cb9554299123d8c2169,comparison,9,7,0.8043270707130432,0
5a839cb9554299123d8c2169,comparison,7,8,0.721623420715332,1
5a839cb9554299123d8c2169,comparison,8,9,0.6334154009819031,0
5adbe1b355429944faac23a0,comparison,7,0,6.40039587020874,0
5adbe1b355429944faac23a0,comparison,8,1,6.264193058013916,1
5adbe1b355429944faac23a0,comparison,1,2,6.015371799468994,1
5adbe1b355429944faac23a0,comparison,5,3,5.087385177612305,0
5adbe1b355429944faac23a0,comparison,9,4,5.082001209259033,0
5adbe1b355429944faac23a0,comparison,6,5,4.1163010597229,0
5adbe1b355429944faac23a0,comparison,2,6,3.529003381729126,0
5adbe1b355429944faac23a0,comparison,4,7,1.717266321182251,0
5adbe1b355429944faac23a0,comparison,3,8,-3.4777867794036865,0
5adbe1b355429944faac23a0,comparison,0,9,-5.57194185256958,0
5ac29cf8554299218029dac2,bridge,9,0,3.73891544342041,1
5ac29cf8554299218029dac2,bridge,8,1,3.542778491973877,0
5ac29cf8554299218029dac2,bridge,0,2,3.2678627967834473,0
5ac29cf8554299218029dac2,bridge,6,3,2.350897789001465,0
5ac29cf8554299218029dac2,bridge,1,4,1.8640358448028564,0
5ac29cf8554299218029dac2,bridge,3,5,1.7895095348358154,0
5ac29cf8554299218029dac2,bridge,7,6,1.1803678274154663,0
5ac29cf8554299218029dac2,bridge,5,7,1.101746916770935,0
5ac29cf8554299218029dac2,bridge,4,8,-0.7397632002830505,1
5ac29cf8554299218029dac2,bridge,2,9,-5.3142991065979,0
5ae21ef35542994d89d5b35d,bridge,5,0,5.4485344886779785,1
5ae21ef35542994d89d5b35d,bridge,9,1,3.1708993911743164,0
5ae21ef35542994d89d5b35d,bridge,1,2,-0.36907052993774414,1
5ae21ef35542994d89d5b35d,bridge,8,3,-0.780739426612854,0
5ae21ef35542994d89d5b35d,bridge,2,4,-1.775036334991455,0
5ae21ef35542994d89d5b35d,bridge,0,5,-2.2506163120269775,0
5ae21ef35542994d89d5b35d,bridge,4,6,-2.640221357345581,0
5ae21ef35542994d89d5b35d,bridge,3,7,-2.7888100147247314,0
5ae21ef35542994d89d5b35d,bridge,6,8,-4.012408256530762,0
5ae21ef35542994d89d5b35d,bridge,7,9,-6.910830497741699,0
5ae1ebf95542997283cd22f2,bridge,9,0,6.159639358520508,1
5ae1ebf95542997283cd22f2,bridge,1,1,5.450263500213623,0
5ae1ebf95542997283cd22f2,bridge,3,2,5.1323561668396,1
5ae1ebf95542997283cd22f2,bridge,6,3,2.9172749519348145,0
5ae1ebf95542997283cd22f2,bridge,7,4,2.4021010398864746,0
5ae1ebf95542997283cd22f2,bridge,0,5,-1.4740891456604004,0
5ae1ebf95542997283cd22f2,bridge,2,6,-2.39289927482605,0
5ae1ebf95542997283cd22f2,bridge,5,7,-3.250978946685791,0
5ae1ebf95542997283cd22f2,bridge,4,8,-4.028110980987549,0
5ae1ebf95542997283cd22f2,bridge,8,9,-9.213516235351562,0
5a8b98665542995d1e6f1413,bridge,2,0,6.111255168914795,1
5a8b98665542995d1e6f1413,bridge,9,1,3.038990020751953,1
5a8b98665542995d1e6f1413,bridge,6,2,2.371229887008667,0
5a8b98665542995d1e6f1413,bridge,7,3,0.3948345482349396,0
5a8b98665542995d1e6f1413,bridge,5,4,-6.329334259033203,0
5a8b98665542995d1e6f1413,bridge,8,5,-6.529902458190918,0
5a8b98665542995d1e6f1413,bridge,0,6,-6.961775779724121,0
5a8b98665542995d1e6f1413,bridge,3,7,-7.632944583892822,0
5a8b98665542995d1e6f1413,bridge,1,8,-10.039283752441406,0
5a8b98665542995d1e6f1413,bridge,4,9,-10.711580276489258,0
5ae3d67f5542992f92d8238f,bridge,0,0,8.359333038330078,1
5ae3d67f5542992f92d8238f,bridge,1,1,6.4991326332092285,0
5ae3d67f5542992f92d8238f,bridge,7,2,5.891293048858643,0
5ae3d67f5542992f92d8238f,bridge,2,3,5.7427167892456055,0
5ae3d67f5542992f92d8238f,bridge,3,4,5.479890823364258,0
5ae3d67f5542992f92d8238f,bridge,6,5,5.320013999938965,0
5ae3d67f5542992f92d8238f,bridge,9,6,5.230005264282227,0
5ae3d67f5542992f92d8238f,bridge,8,7,4.7463483810424805,0
5ae3d67f5542992f92d8238f,bridge,5,8,4.135039806365967,0
5ae3d67f5542992f92d8238f,bridge,4,9,-8.661738395690918,1
5a8cb4b2554299585d9e372a,bridge,4,0,0.6492748260498047,0
5a8cb4b2554299585d9e372a,bridge,3,1,-0.4019814431667328,1
5a8cb4b2554299585d9e372a,bridge,8,2,-0.5837211012840271,1
5a8cb4b2554299585d9e372a,bridge,0,3,-0.9033018946647644,0
5a8cb4b2554299585d9e372a,bridge,1,4,-0.9119259119033813,0
5a8cb4b2554299585d9e372a,bridge,7,5,-1.1559717655181885,0
5a8cb4b2554299585d9e372a,bridge,2,6,-4.41110897064209,0
5a8cb4b2554299585d9e372a,bridge,9,7,-4.803162574768066,0
5a8cb4b2554299585d9e372a,bridge,6,8,-4.978133678436279,0
5a8cb4b2554299585d9e372a,bridge,5,9,-7.1700263023376465,0
5ae30aa05542992decbdcdd7,bridge,7,0,8.029594421386719,1
5ae30aa05542992decbdcdd7,bridge,9,1,2.053328037261963,1
5ae30aa05542992decbdcdd7,bridge,0,2,1.4185439348220825,0
5ae30aa05542992decbdcdd7,bridge,5,3,1.0373178720474243,0
5ae30aa05542992decbdcdd7,bridge,2,4,0.8873962759971619,0
5ae30aa05542992decbdcdd7,bridge,4,5,-4.058304786682129,0
5ae30aa05542992decbdcdd7,bridge,6,6,-4.40518045425415,0
5ae30aa05542992decbdcdd7,bridge,8,7,-4.554080963134766,0
5ae30aa05542992decbdcdd7,bridge,1,8,-5.725166320800781,0
5ae30aa05542992decbdcdd7,bridge,3,9,-8.050032615661621,0
5adcaa7f5542990d50227cdb,bridge,6,0,5.539498329162598,1
5adcaa7f5542990d50227cdb,bridge,5,1,2.8279900550842285,1
5adcaa7f5542990d50227cdb,bridge,9,2,2.449145793914795,0
5adcaa7f5542990d50227cdb,bridge,0,3,-0.9852524399757385,0
5adcaa7f5542990d50227cdb,bridge,7,4,-2.759528875350952,0
5adcaa7f5542990d50227cdb,bridge,4,5,-3.7024271488189697,0
5adcaa7f5542990d50227cdb,bridge,3,6,-3.7239482402801514,0
5adcaa7f5542990d50227cdb,bridge,2,7,-8.25439739227295,0
5adcaa7f5542990d50227cdb,bridge,8,8,-8.428468704223633,0
5adcaa7f5542990d50227cdb,bridge,1,9,-10.692181587219238,0
5a8d40715542994ba4e3dc3a,bridge,2,0,5.609527111053467,1
5a8d40715542994ba4e3dc3a,bridge,3,1,3.8857760429382324,1
5a8d40715542994ba4e3dc3a,bridge,0,2,-3.625591278076172,0
5a8d40715542994ba4e3dc3a,bridge,6,3,-3.99906325340271,0
5a8d40715542994ba4e3dc3a,bridge,4,4,-4.214575290679932,0
5a8d40715542994ba4e3dc3a,bridge,1,5,-5.250611782073975,0
5a8d40715542994ba4e3dc3a,bridge,5,6,-6.054775714874268,0
5a8d40715542994ba4e3dc3a,bridge,7,7,-6.5251078605651855,0
5a8d40715542994ba4e3dc3a,bridge,9,8,-6.67954158782959,0
5a8d40715542994ba4e3dc3a,bridge,8,9,-7.209231376647949,0
5ae4f2595542990ba0bbb1a8,bridge,5,0,6.674951553344727,1
5ae4f2595542990ba0bbb1a8,bridge,6,1,0.5816511511802673,0
5ae4f2595542990ba0bbb1a8,bridge,8,2,-1.3659336566925049,0
5ae4f2595542990ba0bbb1a8,bridge,1,3,-1.8248783349990845,0
5ae4f2595542990ba0bbb1a8,bridge,4,4,-4.5103230476379395,0
5ae4f2595542990ba0bbb1a8,bridge,7,5,-5.124236106872559,0
5ae4f2595542990ba0bbb1a8,bridge,9,6,-5.315859317779541,0
5ae4f2595542990ba0bbb1a8,bridge,0,7,-6.656020641326904,1
5ae4f2595542990ba0bbb1a8,bridge,3,8,-6.933787822723389,0
5ae4f2595542990ba0bbb1a8,bridge,2,9,-7.918953895568848,0
5ac507725542994611c8b32a,bridge,4,0,3.8585219383239746,1
5ac507725542994611c8b32a,bridge,9,1,-5.181337356567383,0
5ac507725542994611c8b32a,bridge,6,2,-5.399556636810303,0
5ac507725542994611c8b32a,bridge,5,3,-6.246429443359375,0
5ac507725542994611c8b32a,bridge,0,4,-6.645388603210449,1
5ac507725542994611c8b32a,bridge,8,5,-6.746969699859619,0
5ac507725542994611c8b32a,bridge,1,6,-6.992424011230469,0
5ac507725542994611c8b32a,bridge,2,7,-7.075890064239502,0
5ac507725542994611c8b32a,bridge,3,8,-7.184100151062012,0
5ac507725542994611c8b32a,bridge,7,9,-7.249037742614746,0
5a8f5bb45542992414482a77,bridge,9,0,3.5324888229370117,1
5a8f5bb45542992414482a77,bridge,2,1,-3.181565523147583,0
5a8f5bb45542992414482a77,bridge,4,2,-3.2903404235839844,0
5a8f5bb45542992414482a77,bridge,7,3,-3.4954423904418945,0
5a8f5bb45542992414482a77,bridge,5,4,-3.5851664543151855,0
5a8f5bb45542992414482a77,bridge,1,5,-3.6395206451416016,0
5a8f5bb45542992414482a77,bridge,3,6,-3.883686065673828,0
5a8f5bb45542992414482a77,bridge,0,7,-4.379456043243408,0
5a8f5bb45542992414482a77,bridge,8,8,-4.56685733795166,0
5a8f5bb45542992414482a77,bridge,6,9,-5.60345458984375,1
5ae1f2d4554299234fd04358,bridge,4,0,6.114660739898682,0
5ae1f2d4554299234fd04358,bridge,0,1,5.3929290771484375,1
5ae1f2d4554299234fd04358,bridge,8,2,4.978725910186768,0
5ae1f2d4554299234fd04358,bridge,3,3,3.758605480194092,0
5ae1f2d4554299234fd04358,bridge,6,4,3.5141401290893555,0
5ae1f2d4554299234fd04358,bridge,9,5,3.4123778343200684,0
5ae1f2d4554299234fd04358,bridge,7,6,3.2737767696380615,1
5ae1f2d4554299234fd04358,bridge,1,7,2.99446702003479,0
5ae1f2d4554299234fd04358,bridge,2,8,2.9691500663757324,0
5ae1f2d4554299234fd04358,bridge,5,9,1.5755795240402222,0
5ae2fca555429928c423958a,bridge,4,0,8.254778861999512,1
5ae2fca555429928c423958a,bridge,3,1,5.151309013366699,0
5ae2fca555429928c423958a,bridge,7,2,4.399188041687012,0
5ae2fca555429928c423958a,bridge,6,3,3.8827950954437256,0
5ae2fca555429928c423958a,bridge,8,4,3.771545886993408,0
5ae2fca555429928c423958a,bridge,2,5,2.602363348007202,1
5ae2fca555429928c423958a,bridge,5,6,1.7811346054077148,0
5ae2fca555429928c423958a,bridge,0,7,1.6592199802398682,0
5ae2fca555429928c423958a,bridge,1,8,1.304114580154419,0
5ae2fca555429928c423958a,bridge,9,9,0.7538288831710815,0
5adc0f8d55429947ff1738ef,comparison,2,0,4.6354451179504395,1
5adc0f8d55429947ff1738ef,comparison,6,1,2.891063928604126,1
5adc0f8d55429947ff1738ef,comparison,5,2,0.0843362882733345,0
5adc0f8d55429947ff1738ef,comparison,0,3,-0.8970964550971985,0
5adc0f8d55429947ff1738ef,comparison,9,4,-1.4551706314086914,0
5adc0f8d55429947ff1738ef,comparison,4,5,-2.9109253883361816,0
5adc0f8d55429947ff1738ef,comparison,1,6,-3.3341939449310303,0
5adc0f8d55429947ff1738ef,comparison,3,7,-6.583164215087891,0
5adc0f8d55429947ff1738ef,comparison,7,8,-7.61306619644165,0
5adc0f8d55429947ff1738ef,comparison,8,9,-7.688345909118652,0
5add64065542995b365fab25,comparison,5,0,1.291085958480835,1
5add64065542995b365fab25,comparison,6,1,1.0478750467300415,1
5add64065542995b365fab25,comparison,2,2,-1.09430730342865,0
5add64065542995b365fab25,comparison,1,3,-2.727492094039917,0
5add64065542995b365fab25,comparison,4,4,-4.592189788818359,0
5add64065542995b365fab25,comparison,0,5,-5.338427543640137,0
5add64065542995b365fab25,comparison,3,6,-6.9090576171875,0
5a7d26bd554299452d57bb28,bridge,6,0,6.658222675323486,1
5a7d26bd554299452d57bb28,bridge,0,1,4.092557430267334,1
5a7d26bd554299452d57bb28,bridge,2,2,2.8311164379119873,0
5a7d26bd554299452d57bb28,bridge,9,3,-1.364473581314087,0
5a7d26bd554299452d57bb28,bridge,8,4,-4.4492669105529785,0
5a7d26bd554299452d57bb28,bridge,1,5,-4.6159563064575195,0
5a7d26bd554299452d57bb28,bridge,7,6,-6.081223487854004,0
5a7d26bd554299452d57bb28,bridge,5,7,-7.27979040145874,0
5a7d26bd554299452d57bb28,bridge,3,8,-7.942349433898926,0
5a7d26bd554299452d57bb28,bridge,4,9,-9.933387756347656,0
5abba581554299642a094af9,bridge,8,0,4.088799953460693,1
5abba581554299642a094af9,bridge,1,1,-0.25681325793266296,0
5abba581554299642a094af9,bridge,2,2,-0.5910786390304565,0
5abba581554299642a094af9,bridge,6,3,-1.897429347038269,1
5abba581554299642a094af9,bridge,3,4,-2.0339467525482178,0
5abba581554299642a094af9,bridge,5,5,-2.2178425788879395,0
5abba581554299642a094af9,bridge,4,6,-2.2384703159332275,0
5abba581554299642a094af9,bridge,7,7,-2.2792916297912598,0
5abba581554299642a094af9,bridge,0,8,-2.286078453063965,0
5abba581554299642a094af9,bridge,9,9,-2.4084293842315674,0
5a7f89c75542994857a76775,bridge,4,0,7.990847587585449,1
5a7f89c75542994857a76775,bridge,8,1,-1.784021019935608,0
5a7f89c75542994857a76775,bridge,9,2,-2.054680347442627,0
5a7f89c75542994857a76775,bridge,6,3,-2.874375104904175,0
5a7f89c75542994857a76775,bridge,1,4,-3.54898738861084,0
5a7f89c75542994857a76775,bridge,2,5,-3.564836025238037,0
5a7f89c75542994857a76775,bridge,0,6,-4.486299991607666,0
5a7f89c75542994857a76775,bridge,3,7,-4.801360607147217,1
5a7f89c75542994857a76775,bridge,7,8,-6.487557411193848,0
5a7f89c75542994857a76775,bridge,5,9,-6.711297035217285,0
5ae531695542990ba0bbb1fb,bridge,4,0,8.673008918762207,1
5ae531695542990ba0bbb1fb,bridge,9,1,7.327845573425293,0
5ae531695542990ba0bbb1fb,bridge,2,2,6.017981052398682,0
5ae531695542990ba0bbb1fb,bridge,1,3,5.78922176361084,0
5ae531695542990ba0bbb1fb,bridge,0,4,5.247218608856201,0
5ae531695542990ba0bbb1fb,bridge,5,5,5.14965295791626,0
5ae531695542990ba0bbb1fb,bridge,3,6,5.118546485900879,0
5ae531695542990ba0bbb1fb,bridge,6,7,5.063745021820068,0
5ae531695542990ba0bbb1fb,bridge,8,8,4.455333709716797,0
5ae531695542990ba0bbb1fb,bridge,7,9,-1.8482413291931152,1
5a8d5f16554299585d9e37c5,bridge,4,0,9.255217552185059,1
5a8d5f16554299585d9e37c5,bridge,5,1,6.3033881187438965,1
5a8d5f16554299585d9e37c5,bridge,8,2,2.8865489959716797,0
5a8d5f16554299585d9e37c5,bridge,9,3,1.5131447315216064,0
5a8d5f16554299585d9e37c5,bridge,1,4,1.2583247423171997,0
5a8d5f16554299585d9e37c5,bridge,7,5,1.063068151473999,0
5a8d5f16554299585d9e37c5,bridge,2,6,-0.36348119378089905,0
5a8d5f16554299585d9e37c5,bridge,3,7,-1.1946462392807007,0
5a8d5f16554299585d9e37c5,bridge,0,8,-1.337286353111267,0
5a8d5f16554299585d9e37c5,bridge,6,9,-3.992680788040161,0
5ade1f1c55429939a52fe82d,bridge,2,0,8.671420097351074,1
5ade1f1c55429939a52fe82d,bridge,3,1,5.311931610107422,1
5ade1f1c55429939a52fe82d,bridge,1,2,3.7166922092437744,0
5ade1f1c55429939a52fe82d,bridge,4,3,3.2110462188720703,0
5ade1f1c55429939a52fe82d,bridge,9,4,2.265892267227173,0
5ade1f1c55429939a52fe82d,bridge,8,5,0.53838050365448,0
5ade1f1c55429939a52fe82d,bridge,0,6,-0.09948042780160904,0
5ade1f1c55429939a52fe82d,bridge,6,7,-0.6659389138221741,0
5ade1f1c55429939a52fe82d,bridge,7,8,-2.3687050342559814,0
5ade1f1c55429939a52fe82d,bridge,5,9,-3.8028228282928467,0
5a70f4c45542994082a3e437,bridge,8,0,8.043384552001953,1
5a70f4c45542994082a3e437,bridge,2,1,4.672353744506836,1
5a70f4c45542994082a3e437,bridge,0,2,2.642035484313965,0
5a70f4c45542994082a3e437,bridge,1,3,-0.13264396786689758,0
5a70f4c45542994082a3e437,bridge,7,4,-0.9283960461616516,0
5a70f4c45542994082a3e437,bridge,4,5,-1.4356597661972046,0
5a70f4c45542994082a3e437,bridge,9,6,-2.3509278297424316,0
5a70f4c45542994082a3e437,bridge,5,7,-3.4858036041259766,0
5a70f4c45542994082a3e437,bridge,3,8,-3.940593957901001,0
5a70f4c45542994082a3e437,bridge,6,9,-5.5435791015625,0
5a8a07af55429970aeb70222,comparison,3,0,5.716089725494385,1
5a8a07af55429970aeb70222,comparison,5,1,3.613964319229126,1
5a8a07af55429970aeb70222,comparison,0,2,-1.0601128339767456,0
5a8a07af55429970aeb70222,comparison,1,3,-1.4888967275619507,0
5a8a07af55429970aeb70222,comparison,8,4,-4.924380302429199,0
5a8a07af55429970aeb70222,comparison,9,5,-5.668539047241211,0
5a8a07af55429970aeb70222,comparison,7,6,-6.115323543548584,0
5a8a07af55429970aeb70222,comparison,6,7,-6.1520256996154785,0
5a8a07af55429970aeb70222,comparison,2,8,-6.5365777015686035,0
5a8a07af55429970aeb70222,comparison,4,9,-7.663275718688965,0
5abd332e5542993062266bdd,bridge,2,0,3.2692205905914307,1
5abd332e5542993062266bdd,bridge,7,1,-0.5341638922691345,0
5abd332e5542993062266bdd,bridge,0,2,-0.9245385527610779,0
5abd332e5542993062266bdd,bridge,8,3,-0.9797555208206177,0
5abd332e5542993062266bdd,bridge,9,4,-3.16241192817688,0
5abd332e5542993062266bdd,bridge,4,5,-4.769627094268799,0
5abd332e5542993062266bdd,bridge,5,6,-6.077244281768799,0
5abd332e5542993062266bdd,bridge,6,7,-7.0937371253967285,0
5abd332e5542993062266bdd,bridge,1,8,-8.274118423461914,1
5abd332e5542993062266bdd,bridge,3,9,-10.196608543395996,0
5ae4869755429970de88d99a,bridge,9,0,4.543150901794434,0
5ae4869755429970de88d99a,bridge,0,1,4.300030708312988,1
5ae4869755429970de88d99a,bridge,5,2,3.3701694011688232,1
5ae4869755429970de88d99a,bridge,4,3,-2.339404344558716,0
5ae4869755429970de88d99a,bridge,2,4,-2.4437477588653564,0
5ae4869755429970de88d99a,bridge,3,5,-2.4924418926239014,0
5ae4869755429970de88d99a,bridge,7,6,-7.635095119476318,0
5ae4869755429970de88d99a,bridge,1,7,-8.4229097366333,0
5ae4869755429970de88d99a,bridge,8,8,-8.472437858581543,0
5ae4869755429970de88d99a,bridge,6,9,-9.80839729309082,0
5a8d841955429941ae14dfe6,bridge,5,0,7.341263771057129,1
5a8d841955429941ae14dfe6,bridge,4,1,-1.0047181844711304,0
5a8d841955429941ae14dfe6,bridge,7,2,-1.0280439853668213,1
5a8d841955429941ae14dfe6,bridge,3,3,-1.7149364948272705,0
5a8d841955429941ae14dfe6,bridge,1,4,-2.0138261318206787,0
5a8d841955429941ae14dfe6,bridge,2,5,-4.7484354972839355,0
5a8d841955429941ae14dfe6,bridge,9,6,-5.488119602203369,0
5a8d841955429941ae14dfe6,bridge,0,7,-6.220004558563232,0
5a8d841955429941ae14dfe6,bridge,8,8,-6.225772380828857,0
5a8d841955429941ae14dfe6,bridge,6,9,-8.230945587158203,0
5a87c0945542996e4f30890b,comparison,2,0,5.809954643249512,1
5a87c0945542996e4f30890b,comparison,9,1,4.29806661605835,0
5a87c0945542996e4f30890b,comparison,8,2,2.7727506160736084,0
5a87c0945542996e4f30890b,comparison,1,3,1.9387171268463135,0
5a87c0945542996e4f30890b,comparison,6,4,1.822857141494751,1
5a87c0945542996e4f30890b,comparison,4,5,1.4306927919387817,0
5a87c0945542996e4f30890b,comparison,3,6,-2.213160991668701,0
5a87c0945542996e4f30890b,comparison,0,7,-2.7398595809936523,0
5a87c0945542996e4f30890b,comparison,7,8,-3.573732852935791,0
5a87c0945542996e4f30890b,comparison,5,9,-9.231446266174316,0
5a8a9bc15542996c9b8d5f36,bridge,1,0,6.546961307525635,1
5a8a9bc15542996c9b8d5f36,bridge,4,1,1.7808417081832886,1
5a8a9bc15542996c9b8d5f36,bridge,5,2,0.2353401482105255,0
5a8a9bc15542996c9b8d5f36,bridge,0,3,-2.427520275115967,0
5a8a9bc15542996c9b8d5f36,bridge,2,4,-6.460594654083252,0
5a8a9bc15542996c9b8d5f36,bridge,3,5,-7.678215026855469,0
5a8a9bc15542996c9b8d5f36,bridge,7,6,-8.150935173034668,0
5a8a9bc15542996c9b8d5f36,bridge,9,7,-8.1788911819458,0
5a8a9bc15542996c9b8d5f36,bridge,8,8,-8.193482398986816,0
5a8a9bc15542996c9b8d5f36,bridge,6,9,-9.495404243469238,0
5adc93a4554299438c868e01,bridge,2,0,6.784482955932617,1
5adc93a4554299438c868e01,bridge,7,1,2.0469274520874023,0
5adc93a4554299438c868e01,bridge,0,2,1.4153375625610352,0
5adc93a4554299438c868e01,bridge,3,3,-2.692282199859619,0
5adc93a4554299438c868e01,bridge,6,4,-2.8633813858032227,0
5adc93a4554299438c868e01,bridge,4,5,-3.116854429244995,0
5adc93a4554299438c868e01,bridge,9,6,-3.253734588623047,0
5adc93a4554299438c868e01,bridge,1,7,-3.872023820877075,0
5adc93a4554299438c868e01,bridge,5,8,-5.18677282333374,0
5adc93a4554299438c868e01,bridge,8,9,-9.053585052490234,1
5ae564a155429960a22e02e4,bridge,7,0,3.017402172088623,1
5ae564a155429960a22e02e4,bridge,9,1,-1.05238938331604,1
5ae564a155429960a22e02e4,bridge,8,2,-2.368523359298706,0
5ae564a155429960a22e02e4,bridge,0,3,-2.382143497467041,0
5ae564a155429960a22e02e4,bridge,3,4,-2.775243043899536,0
5ae564a155429960a22e02e4,bridge,2,5,-2.9586896896362305,0
5ae564a155429960a22e02e4,bridge,4,6,-3.8675451278686523,0
5ae564a155429960a22e02e4,bridge,5,7,-4.101339817047119,0
5ae564a155429960a22e02e4,bridge,1,8,-4.154979228973389,0
5ae564a155429960a22e02e4,bridge,6,9,-5.426920413970947,0
5ab56b9b5542997d4ad1f113,bridge,3,0,5.0003662109375,1
5ab56b9b5542997d4ad1f113,bridge,7,1,1.143416404724121,0
5ab56b9b5542997d4ad1f113,bridge,2,2,-0.5490561723709106,0
5ab56b9b5542997d4ad1f113,bridge,8,3,-1.4340260028839111,0
5ab56b9b5542997d4ad1f113,bridge,4,4,-1.8258907794952393,1
5ab56b9b5542997d4ad1f113,bridge,0,5,-3.0034587383270264,0
5ab56b9b5542997d4ad1f113,bridge,9,6,-4.429084300994873,0
5ab56b9b5542997d4ad1f113,bridge,6,7,-4.477365493774414,0
5ab56b9b5542997d4ad1f113,bridge,1,8,-6.979980945587158,0
5ab56b9b5542997d4ad1f113,bridge,5,9,-8.85670280456543,0
5a74d9c555429929fddd84fb,bridge,9,0,6.403296947479248,1
5a74d9c555429929fddd84fb,bridge,2,1,1.687456488609314,0
5a74d9c555429929fddd84fb,bridge,3,2,1.683154821395874,0
5a74d9c555429929fddd84fb,bridge,5,3,1.4990609884262085,0
5a74d9c555429929fddd84fb,bridge,4,4,0.7510773539543152,0
5a74d9c555429929fddd84fb,bridge,7,5,0.6486262679100037,0
5a74d9c555429929fddd84fb,bridge,8,6,0.5421606302261353,0
5a74d9c555429929fddd84fb,bridge,6,7,0.0074645644053816795,0
5a74d9c555429929fddd84fb,bridge,1,8,-0.03942277282476425,0
5a74d9c555429929fddd84fb,bridge,0,9,-2.3774139881134033,1
5a8af56855429950cd6afc2f,bridge,7,0,6.500123500823975,1
5a8af56855429950cd6afc2f,bridge,0,1,6.308945655822754,1
5a8af56855429950cd6afc2f,bridge,8,2,4.800086975097656,0
5a8af56855429950cd6afc2f,bridge,4,3,3.4479641914367676,0
5a8af56855429950cd6afc2f,bridge,9,4,-0.35576263070106506,0
5a8af56855429950cd6afc2f,bridge,6,5,-0.752931535243988,0
5a8af56855429950cd6afc2f,bridge,2,6,-0.9049281477928162,0
5a8af56855429950cd6afc2f,bridge,1,7,-4.365288734436035,0
5a8af56855429950cd6afc2f,bridge,5,8,-5.723465442657471,0
5a8af56855429950cd6afc2f,bridge,3,9,-10.639360427856445,0
5ab3c470554299233954ffa1,bridge,8,0,8.121602058410645,1
5ab3c470554299233954ffa1,bridge,0,1,5.838544845581055,1
5ab3c470554299233954ffa1,bridge,9,2,5.527525901794434,0
5ab3c470554299233954ffa1,bridge,5,3,5.405901908874512,0
5ab3c470554299233954ffa1,bridge,3,4,5.379756927490234,0
5ab3c470554299233954ffa1,bridge,2,5,4.753746509552002,0
5ab3c470554299233954ffa1,bridge,6,6,4.27323579788208,0
5ab3c470554299233954ffa1,bridge,7,7,2.997086763381958,0
5ab3c470554299233954ffa1,bridge,1,8,2.8777287006378174,0
5ab3c470554299233954ffa1,bridge,4,9,-0.12215995043516159,0
5ae20c465542997283cd236a,bridge,9,0,6.380420684814453,1
5ae20c465542997283cd236a,bridge,6,1,5.307664394378662,0
5ae20c465542997283cd236a,bridge,8,2,3.4931373596191406,0
5ae20c465542997283cd236a,bridge,5,3,2.9736783504486084,0
5ae20c465542997283cd236a,bridge,1,4,2.7815663814544678,0
5ae20c465542997283cd236a,bridge,0,5,-1.1870189905166626,0
5ae20c465542997283cd236a,bridge,2,6,-1.4239439964294434,0
5ae20c465542997283cd236a,bridge,4,7,-2.517179489135742,1
5ae20c465542997283cd236a,bridge,3,8,-4.643589973449707,0
5ae20c465542997283cd236a,bridge,7,9,-6.28296422958374,0
5ab5b701554299637185c5e7,bridge,7,0,5.6746015548706055,0
5ab5b701554299637185c5e7,bridge,3,1,4.411466598510742,0
5ab5b701554299637185c5e7,bridge,5,2,4.320930004119873,1
5ab5b701554299637185c5e7,bridge,6,3,3.6951897144317627,0
5ab5b701554299637185c5e7,bridge,9,4,3.3808720111846924,0
5ab5b701554299637185c5e7,bridge,4,5,2.714700698852539,0
5ab5b701554299637185c5e7,bridge,8,6,2.420001268386841,0
5ab5b701554299637185c5e7,bridge,2,7,2.3495264053344727,0
5ab5b701554299637185c5e7,bridge,0,8,1.0867739915847778,0
5ab5b701554299637185c5e7,bridge,1,9,-0.7172408103942871,1
5ae829ea5542997ec2727738,bridge,5,0,9.16372299194336,1
5ae829ea5542997ec2727738,bridge,1,1,4.937871932983398,0
5ae829ea5542997ec2727738,bridge,7,2,4.530209064483643,0
5ae829ea5542997ec2727738,bridge,6,3,3.8861801624298096,0
5ae829ea5542997ec2727738,bridge,8,4,2.31339168548584,0
5ae829ea5542997ec2727738,bridge,2,5,1.6238151788711548,0
5ae829ea5542997ec2727738,bridge,9,6,0.3676621913909912,1
5ae829ea5542997ec2727738,bridge,3,7,-0.9452561140060425,0
5ae829ea5542997ec2727738,bridge,4,8,-0.9504733681678772,0
5ae829ea5542997ec2727738,bridge,0,9,-7.809808254241943,0
5ac546975542993e66e8229a,bridge,0,0,3.125561475753784,1
5ac546975542993e66e8229a,bridge,9,1,2.2096540927886963,1
5ac546975542993e66e8229a,bridge,1,2,0.2549177408218384,0
5ac546975542993e66e8229a,bridge,7,3,-0.6050817966461182,0
5ac546975542993e66e8229a,bridge,4,4,-0.7278784513473511,0
5ac546975542993e66e8229a,bridge,6,5,-1.1457029581069946,0
5ac546975542993e66e8229a,bridge,5,6,-2.929542303085327,0
5ac546975542993e66e8229a,bridge,3,7,-4.255462169647217,0
5ac546975542993e66e8229a,bridge,2,8,-4.623957633972168,0
5ac546975542993e66e8229a,bridge,8,9,-6.77988338470459,0
5a81a63c5542990a1d231e45,bridge,4,0,6.252622127532959,1
5a81a63c5542990a1d231e45,bridge,8,1,6.083166122436523,0
5a81a63c5542990a1d231e45,bridge,2,2,5.779512405395508,0
5a81a63c5542990a1d231e45,bridge,5,3,5.305995941162109,0
5a81a63c5542990a1d231e45,bridge,9,4,3.9499456882476807,0
5a81a63c5542990a1d231e45,bridge,0,5,3.677072525024414,0
5a81a63c5542990a1d231e45,bridge,1,6,3.505227565765381,1
5a81a63c5542990a1d231e45,bridge,7,7,3.179218053817749,0
5a81a63c5542990a1d231e45,bridge,3,8,-0.6303222179412842,0
5a81a63c5542990a1d231e45,bridge,6,9,-1.81916081905365,0
5a72af155542992359bc316c,bridge,6,0,6.521457672119141,1
5a72af155542992359bc316c,bridge,2,1,0.33249765634536743,1
5a72af155542992359bc316c,bridge,1,2,-9.157987594604492,0
5a72af155542992359bc316c,bridge,3,3,-9.61107349395752,0
5a72af155542992359bc316c,bridge,7,4,-9.935406684875488,0
5a72af155542992359bc316c,bridge,4,5,-10.017452239990234,0
5a72af155542992359bc316c,bridge,8,6,-10.157079696655273,0
5a72af155542992359bc316c,bridge,0,7,-10.43083667755127,0
5a72af155542992359bc316c,bridge,5,8,-10.437479019165039,0
5a72af155542992359bc316c,bridge,9,9,-10.637802124023438,0
5abd6f0855429933744ab7d5,bridge,7,0,2.3481650352478027,1
5abd6f0855429933744ab7d5,bridge,8,1,1.7106566429138184,0
5abd6f0855429933744ab7d5,bridge,6,2,0.36106374859809875,1
5abd6f0855429933744ab7d5,bridge,9,3,-0.0066150398924946785,0
5abd6f0855429933744ab7d5,bridge,1,4,-0.4910179376602173,0
5abd6f0855429933744ab7d5,bridge,3,5,-1.308063268661499,0
5abd6f0855429933744ab7d5,bridge,0,6,-1.5491067171096802,0
5abd6f0855429933744ab7d5,bridge,2,7,-2.4218223094940186,0
5abd6f0855429933744ab7d5,bridge,4,8,-4.325225353240967,0
5abd6f0855429933744ab7d5,bridge,5,9,-5.434595108032227,0
5adefcf15542995ec70e8f4c,bridge,4,0,2.7338478565216064,1
5adefcf15542995ec70e8f4c,bridge,8,1,-2.0180604457855225,1
5adefcf15542995ec70e8f4c,bridge,9,2,-6.345818042755127,0
5adefcf15542995ec70e8f4c,bridge,1,3,-6.38087272644043,0
5adefcf15542995ec70e8f4c,bridge,3,4,-7.105706214904785,0
5adefcf15542995ec70e8f4c,bridge,5,5,-7.771020412445068,0
5adefcf15542995ec70e8f4c,bridge,6,6,-8.643599510192871,0
5adefcf15542995ec70e8f4c,bridge,0,7,-8.901116371154785,0
5adefcf15542995ec70e8f4c,bridge,2,8,-9.510140419006348,0
5adefcf15542995ec70e8f4c,bridge,7,9,-10.550192832946777,0
5ae15ae25542990adbacf767,bridge,5,0,6.013948440551758,0
5ae15ae25542990adbacf767,bridge,7,1,5.042945384979248,1
5ae15ae25542990adbacf767,bridge,3,2,3.3384616374969482,1
5ae15ae25542990adbacf767,bridge,2,3,1.1636265516281128,0
5ae15ae25542990adbacf767,bridge,9,4,0.6882002949714661,0
5ae15ae25542990adbacf767,bridge,6,5,0.19868944585323334,0
5ae15ae25542990adbacf767,bridge,1,6,-6.5829291343688965,0
5ae15ae25542990adbacf767,bridge,4,7,-9.044429779052734,0
5ae15ae25542990adbacf767,bridge,8,8,-9.83587646484375,0
5ae15ae25542990adbacf767,bridge,0,9,-10.991937637329102,0
5abbf43d5542993f40c73c2f,comparison,3,0,4.978153228759766,1
5abbf43d5542993f40c73c2f,comparison,5,1,4.468620300292969,1
5abbf43d5542993f40c73c2f,comparison,7,2,4.413726329803467,0
5abbf43d5542993f40c73c2f,comparison,4,3,3.2512288093566895,0
5abbf43d5542993f40c73c2f,comparison,1,4,2.552286148071289,0
5abbf43d5542993f40c73c2f,comparison,2,5,1.4286682605743408,0
5abbf43d5542993f40c73c2f,comparison,6,6,0.8202255964279175,0
5abbf43d5542993f40c73c2f,comparison,9,7,0.7060195207595825,0
5abbf43d5542993f40c73c2f,comparison,0,8,0.4456852078437805,0
5abbf43d5542993f40c73c2f,comparison,8,9,-0.6462522149085999,0
5a7ab1b055429927d897bef4,comparison,3,0,4.411327362060547,1
5a7ab1b055429927d897bef4,comparison,2,1,4.182563781738281,1
5a7ab1b055429927d897bef4,comparison,9,2,2.585557222366333,0
5a7ab1b055429927d897bef4,comparison,7,3,-1.4144682884216309,0
5a7ab1b055429927d897bef4,comparison,0,4,-1.667624592781067,0
5a7ab1b055429927d897bef4,comparison,4,5,-1.9674738645553589,0
5a7ab1b055429927d897bef4,comparison,5,6,-2.14892840385437,0
5a7ab1b055429927d897bef4,comparison,1,7,-2.880357027053833,0
5a7ab1b055429927d897bef4,comparison,8,8,-4.743891716003418,0
5a7ab1b055429927d897bef4,comparison,6,9,-5.698765277862549,0
5a7d2afd5542995f4f402221,comparison,2,0,3.961042881011963,1
5a7d2afd5542995f4f402221,comparison,3,1,2.657473087310791,1
5a7d2afd5542995f4f402221,comparison,4,2,-1.886979341506958,0
5a7d2afd5542995f4f402221,comparison,7,3,-2.3576250076293945,0
5a7d2afd5542995f4f402221,comparison,0,4,-3.380500555038452,0
5a7d2afd5542995f4f402221,comparison,5,5,-4.696049213409424,0
5a7d2afd5542995f4f402221,comparison,9,6,-5.0327863693237305,0
5a7d2afd5542995f4f402221,comparison,6,7,-5.283416271209717,0
5a7d2afd5542995f4f402221,comparison,8,8,-5.347733974456787,0
5a7d2afd5542995f4f402221,comparison,1,9,-5.723803520202637,0
5a84c0765542991dd0999dd9,bridge,8,0,8.135400772094727,1
5a84c0765542991dd0999dd9,bridge,6,1,4.332833766937256,0
5a84c0765542991dd0999dd9,bridge,1,2,3.768188238143921,0
5a84c0765542991dd0999dd9,bridge,4,3,-4.938608169555664,0
5a84c0765542991dd0999dd9,bridge,2,4,-6.506632328033447,0
5a84c0765542991dd0999dd9,bridge,7,5,-7.413671493530273,0
5a84c0765542991dd0999dd9,bridge,0,6,-7.862312316894531,0
5a84c0765542991dd0999dd9,bridge,9,7,-8.64061450958252,1
5a84c0765542991dd0999dd9,bridge,3,8,-8.740567207336426,0
5a84c0765542991dd0999dd9,bridge,5,9,-9.414566993713379,0
5ae0bc185542993d6555ec29,bridge,2,0,6.708921909332275,1
5ae0bc185542993d6555ec29,bridge,6,1,1.0309484004974365,0
5ae0bc185542993d6555ec29,bridge,1,2,0.9747270941734314,0
5ae0bc185542993d6555ec29,bridge,9,3,0.438284307718277,0
5ae0bc185542993d6555ec29,bridge,8,4,-0.29384666681289673,0
5ae0bc185542993d6555ec29,bridge,3,5,-1.7957346439361572,0
5ae0bc185542993d6555ec29,bridge,4,6,-2.774083137512207,0
5ae0bc185542993d6555ec29,bridge,5,7,-3.3684732913970947,0
5ae0bc185542993d6555ec29,bridge,0,8,-6.967644214630127,1
5ae0bc185542993d6555ec29,bridge,7,9,-9.952777862548828,0
5a7cef5d55429909bec768ac,bridge,8,0,9.293603897094727,1
5a7cef5d55429909bec768ac,bridge,7,1,6.946562767028809,0
5a7cef5d55429909bec768ac,bridge,2,2,6.677119255065918,1
5a7cef5d55429909bec768ac,bridge,4,3,6.265490531921387,0
5a7cef5d55429909bec768ac,bridge,6,4,5.4000244140625,0
5a7cef5d55429909bec768ac,bridge,9,5,5.203807353973389,0
5a7cef5d55429909bec768ac,bridge,3,6,4.899832248687744,0
5a7cef5d55429909bec768ac,bridge,0,7,4.090750217437744,0
5a7cef5d55429909bec768ac,bridge,1,8,3.901686429977417,0
5a7cef5d55429909bec768ac,bridge,5,9,0.8644247055053711,0
5a899f4955429946c8d6e971,bridge,9,0,6.9409260749816895,0
5a899f4955429946c8d6e971,bridge,1,1,5.301697731018066,1
5a899f4955429946c8d6e971,bridge,7,2,4.798741340637207,0
5a899f4955429946c8d6e971,bridge,3,3,4.369888782501221,0
5a899f4955429946c8d6e971,bridge,6,4,3.677628993988037,0
5a899f4955429946c8d6e971,bridge,8,5,2.7826387882232666,0
5a899f4955429946c8d6e971,bridge,4,6,2.621931791305542,0
5a899f4955429946c8d6e971,bridge,0,7,0.9408891201019287,0
5a899f4955429946c8d6e971,bridge,5,8,0.45948848128318787,1
5a899f4955429946c8d6e971,bridge,2,9,-0.8431115746498108,0
5a8ed7b455429917b4a5bdd1,bridge,5,0,7.723015785217285,1
5a8ed7b455429917b4a5bdd1,bridge,3,1,4.662148952484131,0
5a8ed7b455429917b4a5bdd1,bridge,9,2,4.014705181121826,0
5a8ed7b455429917b4a5bdd1,bridge,4,3,2.8446156978607178,0
5a8ed7b455429917b4a5bdd1,bridge,0,4,1.8031175136566162,1
5a8ed7b455429917b4a5bdd1,bridge,6,5,0.1171473041176796,0
5a8ed7b455429917b4a5bdd1,bridge,1,6,0.06331758201122284,0
5a8ed7b455429917b4a5bdd1,bridge,7,7,-0.269634872674942,0
5a8ed7b455429917b4a5bdd1,bridge,2,8,-2.924098014831543,0
5a8ed7b455429917b4a5bdd1,bridge,8,9,-5.161819934844971,0
5a835a265542992ef85e2281,comparison,0,0,3.081983804702759,1
5a835a265542992ef85e2281,comparison,5,1,2.4337334632873535,1
5a835a265542992ef85e2281,comparison,3,2,-1.375012755393982,0
5a835a265542992ef85e2281,comparison,2,3,-1.717517375946045,0
5a835a265542992ef85e2281,comparison,8,4,-1.742436170578003,0
5a835a265542992ef85e2281,comparison,1,5,-2.0157346725463867,0
5a835a265542992ef85e2281,comparison,4,6,-2.6882762908935547,0
5a835a265542992ef85e2281,comparison,6,7,-2.833357810974121,0
5a835a265542992ef85e2281,comparison,7,8,-2.8501505851745605,0
5a835a265542992ef85e2281,comparison,9,9,-3.311828851699829,0
5a8c52685542995e66a475bb,bridge,6,0,7.644490718841553,1
5a8c52685542995e66a475bb,bridge,5,1,-0.5729042887687683,0
5a8c52685542995e66a475bb,bridge,2,2,-3.426234483718872,0
5a8c52685542995e66a475bb,bridge,1,3,-3.7422573566436768,0
5a8c52685542995e66a475bb,bridge,7,4,-3.7499539852142334,0
5a8c52685542995e66a475bb,bridge,9,5,-4.086719512939453,0
5a8c52685542995e66a475bb,bridge,8,6,-4.362041473388672,1
5a8c52685542995e66a475bb,bridge,4,7,-4.577125549316406,0
5a8c52685542995e66a475bb,bridge,0,8,-4.7103376388549805,0
5a8c52685542995e66a475bb,bridge,3,9,-5.445095062255859,0
5ab4e48655429942dd415f9c,bridge,8,0,3.3366124629974365,1
5ab4e48655429942dd415f9c,bridge,2,1,-2.455599784851074,0
5ab4e48655429942dd415f9c,bridge,5,2,-4.422057151794434,0
5ab4e48655429942dd415f9c,bridge,3,3,-4.682392120361328,0
5ab4e48655429942dd415f9c,bridge,1,4,-4.744892597198486,0
5ab4e48655429942dd415f9c,bridge,6,5,-6.288628101348877,1
5ab4e48655429942dd415f9c,bridge,9,6,-7.499022006988525,0
5ab4e48655429942dd415f9c,bridge,7,7,-8.27062702178955,0
5ab4e48655429942dd415f9c,bridge,0,8,-9.056622505187988,0
5ab4e48655429942dd415f9c,bridge,4,9,-9.401613235473633,0
5ae67dba55429908198fa5f0,bridge,8,0,2.803940534591675,1
5ae67dba55429908198fa5f0,bridge,1,1,0.12478571385145187,0
5ae67dba55429908198fa5f0,bridge,7,2,0.120529405772686,1
5ae67dba55429908198fa5f0,bridge,4,3,0.0575106106698513,0
5ae67dba55429908198fa5f0,bridge,6,4,-0.13119423389434814,0
5ae67dba55429908198fa5f0,bridge,9,5,-0.8468716740608215,0
5ae67dba55429908198fa5f0,bridge,2,6,-2.453573703765869,0
5ae67dba55429908198fa5f0,bridge,5,7,-3.5377795696258545,0
5ae67dba55429908198fa5f0,bridge,3,8,-4.30900764465332,0
5ae67dba55429908198fa5f0,bridge,0,9,-6.029924392700195,0
5ae13c5155429920d5234336,bridge,3,0,4.510787487030029,1
5ae13c5155429920d5234336,bridge,5,1,-6.084024906158447,0
5ae13c5155429920d5234336,bridge,9,2,-6.71212100982666,1
5ae13c5155429920d5234336,bridge,2,3,-6.766936302185059,0
5ae13c5155429920d5234336,bridge,1,4,-7.957732200622559,0
5ae13c5155429920d5234336,bridge,0,5,-8.65984058380127,0
5ae13c5155429920d5234336,bridge,8,6,-9.348872184753418,0
5ae13c5155429920d5234336,bridge,6,7,-9.581807136535645,0
5ae13c5155429920d5234336,bridge,7,8,-10.05325698852539,0
5ae13c5155429920d5234336,bridge,4,9,-10.801579475402832,0
5ab2b7405542991669774069,comparison,9,0,2.7925949096679688,0
5ab2b7405542991669774069,comparison,0,1,1.8796778917312622,1
5ab2b7405542991669774069,comparison,8,2,0.4905255436897278,1
5ab2b7405542991669774069,comparison,3,3,-0.17548038065433502,0
5ab2b7405542991669774069,comparison,4,4,-0.38670897483825684,0
5ab2b7405542991669774069,comparison,7,5,-1.62580144405365,0
5ab2b7405542991669774069,comparison,2,6,-2.6433186531066895,0
5ab2b7405542991669774069,comparison,1,7,-3.905341625213623,0
5ab2b7405542991669774069,comparison,6,8,-4.637862205505371,0
5ab2b7405542991669774069,comparison,5,9,-5.354971885681152,0
5ab1c693554299722f9b4c66,bridge,2,0,6.4394659996032715,1
5ab1c693554299722f9b4c66,bridge,8,1,3.925442934036255,0
5ab1c693554299722f9b4c66,bridge,6,2,3.8738820552825928,0
5ab1c693554299722f9b4c66,bridge,7,3,3.6180033683776855,0
5ab1c693554299722f9b4c66,bridge,9,4,3.537865161895752,0
5ab1c693554299722f9b4c66,bridge,3,5,3.2762668132781982,0
5ab1c693554299722f9b4c66,bridge,0,6,1.927262783050537,0
5ab1c693554299722f9b4c66,bridge,1,7,0.8463354110717773,0
5ab1c693554299722f9b4c66,bridge,4,8,-2.4187965393066406,1
5ab1c693554299722f9b4c66,bridge,5,9,-3.0039377212524414,0
5ae692e35542996d980e7c0e,bridge,1,0,5.221004486083984,1
5ae692e35542996d980e7c0e,bridge,7,1,5.2147216796875,1
5ae692e35542996d980e7c0e,bridge,2,2,-0.22700588405132294,0
5ae692e35542996d980e7c0e,bridge,9,3,-1.7212698459625244,0
5ae692e35542996d980e7c0e,bridge,0,4,-2.21056866645813,0
5ae692e35542996d980e7c0e,bridge,5,5,-3.9960062503814697,0
5ae692e35542996d980e7c0e,bridge,8,6,-4.005393028259277,0
5ae692e35542996d980e7c0e,bridge,6,7,-4.0725297927856445,0
5ae692e35542996d980e7c0e,bridge,3,8,-4.782192230224609,0
5ae692e35542996d980e7c0e,bridge,4,9,-6.986045837402344,0
5a7f74975542992097ad2f77,bridge,6,0,1.978888750076294,1
5a7f74975542992097ad2f77,bridge,8,1,-4.172187328338623,0
5a7f74975542992097ad2f77,bridge,0,2,-5.26853084564209,0
5a7f74975542992097ad2f77,bridge,5,3,-6.38701868057251,0
5a7f74975542992097ad2f77,bridge,3,4,-6.401120662689209,0
5a7f74975542992097ad2f77,bridge,7,5,-6.741657733917236,0
5a7f74975542992097ad2f77,bridge,9,6,-7.044853687286377,0
5a7f74975542992097ad2f77,bridge,1,7,-7.197356224060059,0
5a7f74975542992097ad2f77,bridge,4,8,-7.945106029510498,1
5a7f74975542992097ad2f77,bridge,2,9,-9.21940803527832,0
5a7e30b255429934daa2fbeb,bridge,5,0,7.354792594909668,1
5a7e30b255429934daa2fbeb,bridge,7,1,0.3038240373134613,0
5a7e30b255429934daa2fbeb,bridge,8,2,-0.4229932427406311,1
5a7e30b255429934daa2fbeb,bridge,1,3,-1.2024503946304321,0
5a7e30b255429934daa2fbeb,bridge,4,4,-1.2842450141906738,0
5a7e30b255429934daa2fbeb,bridge,0,5,-2.0931499004364014,0
5a7e30b255429934daa2fbeb,bridge,3,6,-3.118431329727173,0
5a7e30b255429934daa2fbeb,bridge,6,7,-3.6472129821777344,0
5a7e30b255429934daa2fbeb,bridge,2,8,-4.260933876037598,0
5a7e30b255429934daa2fbeb,bridge,9,9,-4.877662181854248,0
5a7ca95b55429935c91b5287,comparison,4,0,5.433430194854736,1
5a7ca95b55429935c91b5287,comparison,8,1,4.610691547393799,0
5a7ca95b55429935c91b5287,comparison,5,2,3.738450765609741,1
5a7ca95b55429935c91b5287,comparison,7,3,3.249439239501953,0
5a7ca95b55429935c91b5287,comparison,3,4,3.099001407623291,0
5a7ca95b55429935c91b5287,comparison,2,5,2.958779811859131,0
5a7ca95b55429935c91b5287,comparison,0,6,2.9205238819122314,0
5a7ca95b55429935c91b5287,comparison,1,7,1.5866742134094238,0
5a7ca95b55429935c91b5287,comparison,9,8,0.3366383910179138,0
5a7ca95b55429935c91b5287,comparison,6,9,0.3090207278728485,0
5abfa18f5542990832d3a176,bridge,8,0,6.571802139282227,1
5abfa18f5542990832d3a176,bridge,5,1,4.64816427230835,1
5abfa18f5542990832d3a176,bridge,2,2,-4.229838848114014,0
5abfa18f5542990832d3a176,bridge,6,3,-6.30464506149292,0
5abfa18f5542990832d3a176,bridge,3,4,-7.220488548278809,0
5abfa18f5542990832d3a176,bridge,9,5,-7.737425327301025,0
5abfa18f5542990832d3a176,bridge,1,6,-8.350056648254395,0
5abfa18f5542990832d3a176,bridge,4,7,-8.437371253967285,0
5abfa18f5542990832d3a176,bridge,0,8,-8.454339981079102,0
5abfa18f5542990832d3a176,bridge,7,9,-8.928544998168945,0
5a8a39b355429930ff3c0d13,bridge,0,0,9.771799087524414,0
5a8a39b355429930ff3c0d13,bridge,8,1,6.222435474395752,1
5a8a39b355429930ff3c0d13,bridge,7,2,0.29310423135757446,0
5a8a39b355429930ff3c0d13,bridge,5,3,-0.019249044358730316,0
5a8a39b355429930ff3c0d13,bridge,1,4,-1.960703730583191,0
5a8a39b355429930ff3c0d13,bridge,2,5,-3.6350529193878174,0
5a8a39b355429930ff3c0d13,bridge,4,6,-4.323723316192627,0
5a8a39b355429930ff3c0d13,bridge,6,7,-5.45216178894043,0
5a8a39b355429930ff3c0d13,bridge,3,8,-5.967862129211426,1
5a8a39b355429930ff3c0d13,bridge,9,9,-7.172715663909912,0
5ab2958c554299449642c912,bridge,2,0,0.3974188566207886,1
5ab2958c554299449642c912,bridge,6,1,-1.515091061592102,0
5ab2958c554299449642c912,bridge,3,2,-2.9532558917999268,0
5ab2958c554299449642c912,bridge,1,3,-3.9052207469940186,0
5ab2958c554299449642c912,bridge,8,4,-4.996793746948242,1
5ab2958c554299449642c912,bridge,9,5,-5.168549060821533,0
5ab2958c554299449642c912,bridge,0,6,-5.87318754196167,0
5ab2958c554299449642c912,bridge,7,7,-6.484261512756348,0
5ab2958c554299449642c912,bridge,4,8,-6.859038352966309,0
5ab2958c554299449642c912,bridge,5,9,-9.315356254577637,0
5ae7eaf65542994a481bbe1d,bridge,3,0,6.388356685638428,1
5ae7eaf65542994a481bbe1d,bridge,2,1,4.165546894073486,0
5ae7eaf65542994a481bbe1d,bridge,1,2,3.448762893676758,1
5ae7eaf65542994a481bbe1d,bridge,0,3,1.4934180974960327,0
5ae7eaf65542994a481bbe1d,bridge,6,4,-0.1380709558725357,0
5ae7eaf65542994a481bbe1d,bridge,5,5,-1.8795881271362305,0
5ae7eaf65542994a481bbe1d,bridge,7,6,-2.6413164138793945,0
5ae7eaf65542994a481bbe1d,bridge,8,7,-4.383904457092285,0
5ae7eaf65542994a481bbe1d,bridge,4,8,-7.862184047698975,0
5ae7eaf65542994a481bbe1d,bridge,9,9,-8.12209415435791,0
5aba916c55429901930fa83b,bridge,9,0,4.736227035522461,0
5aba916c55429901930fa83b,bridge,5,1,4.057964324951172,0
5aba916c55429901930fa83b,bridge,7,2,2.5993027687072754,0
5aba916c55429901930fa83b,bridge,3,3,0.8591568470001221,1
5aba916c55429901930fa83b,bridge,4,4,0.7162063121795654,0
5aba916c55429901930fa83b,bridge,1,5,0.3974091708660126,0
5aba916c55429901930fa83b,bridge,2,6,-0.5311062932014465,0
5aba916c55429901930fa83b,bridge,8,7,-6.2760491371154785,0
5aba916c55429901930fa83b,bridge,0,8,-8.619888305664062,1
5aba916c55429901930fa83b,bridge,6,9,-8.7846097946167,0
5ac0d981554299012d1db646,bridge,0,0,6.603208065032959,1
5ac0d981554299012d1db646,bridge,3,1,6.531602382659912,1
5ac0d981554299012d1db646,bridge,7,2,0.3017041087150574,0
5ac0d981554299012d1db646,bridge,5,3,-0.26560497283935547,0
5ac0d981554299012d1db646,bridge,4,4,-0.8284842371940613,0
5ac0d981554299012d1db646,bridge,2,5,-0.9991843700408936,0
5ac0d981554299012d1db646,bridge,8,6,-1.2087962627410889,0
5ac0d981554299012d1db646,bridge,1,7,-2.485582113265991,0
5ac0d981554299012d1db646,bridge,9,8,-2.664602279663086,0
5ac0d981554299012d1db646,bridge,6,9,-6.244661331176758,0
5ade653f55429975fa854ebb,bridge,0,0,7.7084832191467285,1
5ade653f55429975fa854ebb,bridge,7,1,4.340023517608643,0
5ade653f55429975fa854ebb,bridge,8,2,3.509768009185791,0
5ade653f55429975fa854ebb,bridge,6,3,3.1891250610351562,0
5ade653f55429975fa854ebb,bridge,5,4,2.874427080154419,0
5ade653f55429975fa854ebb,bridge,9,5,2.551004409790039,1
5ade653f55429975fa854ebb,bridge,3,6,1.5453121662139893,0
5ade653f55429975fa854ebb,bridge,2,7,1.0377968549728394,0
5ade653f55429975fa854ebb,bridge,1,8,-0.5316019058227539,0
5ade653f55429975fa854ebb,bridge,4,9,-1.4411287307739258,0
5ab54e145542992aa134a2a1,bridge,4,0,2.9574129581451416,1
5ab54e145542992aa134a2a1,bridge,8,1,-1.3463994264602661,1
5ab54e145542992aa134a2a1,bridge,7,2,-1.653857946395874,0
5ab54e145542992aa134a2a1,bridge,3,3,-3.7259721755981445,0
5ab54e145542992aa134a2a1,bridge,1,4,-4.024275779724121,0
5ab54e145542992aa134a2a1,bridge,2,5,-4.230899333953857,0
5ab54e145542992aa134a2a1,bridge,0,6,-9.943171501159668,0
5ab54e145542992aa134a2a1,bridge,9,7,-10.50564193725586,0
5ab54e145542992aa134a2a1,bridge,5,8,-10.510311126708984,0
5ab54e145542992aa134a2a1,bridge,6,9,-11.023963928222656,0
5a8518a75542994c784ddaf7,comparison,7,0,3.33627986907959,1
5a8518a75542994c784ddaf7,comparison,8,1,2.224764347076416,0
5a8518a75542994c784ddaf7,comparison,1,2,1.7764065265655518,1
5a8518a75542994c784ddaf7,comparison,2,3,0.47929397225379944,0
5a8518a75542994c784ddaf7,comparison,6,4,-1.500505805015564,0
5a8518a75542994c784ddaf7,comparison,9,5,-1.8604295253753662,0
5a8518a75542994c784ddaf7,comparison,3,6,-2.2974350452423096,0
5a8518a75542994c784ddaf7,comparison,0,7,-3.20580792427063,0
5a8518a75542994c784ddaf7,comparison,4,8,-3.4044437408447266,0
5a8518a75542994c784ddaf7,comparison,5,9,-9.905393600463867,0
5ac175635542994ab5c67d4b,bridge,0,0,6.168316841125488,1
5ac175635542994ab5c67d4b,bridge,2,1,2.4621734619140625,0
5ac175635542994ab5c67d4b,bridge,9,2,2.3805654048919678,1
5ac175635542994ab5c67d4b,bridge,8,3,1.7812334299087524,0
5ac175635542994ab5c67d4b,bridge,4,4,-1.9560409784317017,0
5ac175635542994ab5c67d4b,bridge,1,5,-2.165585994720459,0
5ac175635542994ab5c67d4b,bridge,3,6,-3.268105983734131,0
5ac175635542994ab5c67d4b,bridge,5,7,-3.3684446811676025,0
5ac175635542994ab5c67d4b,bridge,6,8,-4.196846008300781,0
5ac175635542994ab5c67d4b,bridge,7,9,-5.706169605255127,0
5abd889f55429924427fd046,bridge,9,0,3.218613386154175,1
5abd889f55429924427fd046,bridge,1,1,2.758042812347412,0
5abd889f55429924427fd046,bridge,4,2,2.1033809185028076,1
5abd889f55429924427fd046,bridge,3,3,-3.304150342941284,0
5abd889f55429924427fd046,bridge,6,4,-3.323930501937866,0
5abd889f55429924427fd046,bridge,8,5,-4.495911598205566,0
5abd889f55429924427fd046,bridge,2,6,-4.987337112426758,0
5abd889f55429924427fd046,bridge,0,7,-5.012759685516357,0
5abd889f55429924427fd046,bridge,5,8,-5.554114818572998,0
5abd889f55429924427fd046,bridge,7,9,-5.977360248565674,0
5a772c925542993735360208,comparison,2,0,3.9222707748413086,1
5a772c925542993735360208,comparison,0,1,1.9791725873947144,1
5a772c925542993735360208,comparison,6,2,-1.6780120134353638,0
5a772c925542993735360208,comparison,3,3,-3.0151350498199463,0
5a772c925542993735360208,comparison,4,4,-3.732969045639038,0
5a772c925542993735360208,comparison,1,5,-5.061245918273926,0
5a772c925542993735360208,comparison,9,6,-8.157987594604492,0
5a772c925542993735360208,comparison,7,7,-8.454891204833984,0
5a772c925542993735360208,comparison,8,8,-9.287992477416992,0
5a772c925542993735360208,comparison,5,9,-10.000805854797363,0
5ab492155542991779162ce3,bridge,5,0,8.512024879455566,1
5ab492155542991779162ce3,bridge,6,1,0.5334132313728333,0
5ab492155542991779162ce3,bridge,4,2,-0.5943424105644226,0
5ab492155542991779162ce3,bridge,2,3,-0.721555769443512,0
5ab492155542991779162ce3,bridge,3,4,-4.639472007751465,0
5ab492155542991779162ce3,bridge,9,5,-4.692130088806152,0
5ab492155542991779162ce3,bridge,1,6,-5.010006427764893,0
5ab492155542991779162ce3,bridge,7,7,-5.874245643615723,0
5ab492155542991779162ce3,bridge,8,8,-6.511077880859375,0
5ab492155542991779162ce3,bridge,0,9,-6.558597087860107,1
5ae5ef105542996de7b71a72,bridge,7,0,0.7010619044303894,1
5ae5ef105542996de7b71a72,bridge,4,1,0.2011498212814331,0
5ae5ef105542996de7b71a72,bridge,6,2,-1.553950548171997,1
5ae5ef105542996de7b71a72,bridge,3,3,-3.844977617263794,0
5ae5ef105542996de7b71a72,bridge,5,4,-7.364615440368652,0
5ae5ef105542996de7b71a72,bridge,2,5,-8.212806701660156,0
5ae5ef105542996de7b71a72,bridge,9,6,-8.264311790466309,0
5ae5ef105542996de7b71a72,bridge,0,7,-8.356964111328125,0
5ae5ef105542996de7b71a72,bridge,1,8,-8.723442077636719,0
5ae5ef105542996de7b71a72,bridge,8,9,-10.215790748596191,0
5a8ad2f3554299515336138d,bridge,4,0,7.985533714294434,1
5a8ad2f3554299515336138d,bridge,9,1,6.666133880615234,0
5a8ad2f3554299515336138d,bridge,8,2,6.18497371673584,0
5a8ad2f3554299515336138d,bridge,3,3,5.210906982421875,0
5a8ad2f3554299515336138d,bridge,1,4,4.73919153213501,0
5a8ad2f3554299515336138d,bridge,6,5,4.042316913604736,0
5a8ad2f3554299515336138d,bridge,7,6,2.0518364906311035,0
5a8ad2f3554299515336138d,bridge,2,7,1.173863410949707,1
5a8ad2f3554299515336138d,bridge,0,8,0.20331282913684845,0
5a8ad2f3554299515336138d,bridge,5,9,-2.3019418716430664,0
5a7d07a455429907fabef0ae,bridge,6,0,6.3993144035339355,1
5a7d07a455429907fabef0ae,bridge,8,1,2.76788330078125,0
5a7d07a455429907fabef0ae,bridge,9,2,2.563088893890381,1
5a7d07a455429907fabef0ae,bridge,1,3,2.21722149848938,0
5a7d07a455429907fabef0ae,bridge,2,4,-0.9834442138671875,0
5a7d07a455429907fabef0ae,bridge,7,5,-2.7463326454162598,0
5a7d07a455429907fabef0ae,bridge,5,6,-3.4686989784240723,0
5a7d07a455429907fabef0ae,bridge,4,7,-3.538536548614502,0
5a7d07a455429907fabef0ae,bridge,0,8,-3.9607396125793457,0
5a7d07a455429907fabef0ae,bridge,3,9,-4.45348596572876,0
5aba89d555429901930fa816,bridge,5,0,3.4213223457336426,1
5aba89d555429901930fa816,bridge,1,1,2.262852668762207,0
5aba89d555429901930fa816,bridge,0,2,-0.5913421511650085,0
5aba89d555429901930fa816,bridge,7,3,-0.8173799514770508,1
5aba89d555429901930fa816,bridge,3,4,-2.4237356185913086,0
5aba89d555429901930fa816,bridge,6,5,-2.50616455078125,0
5aba89d555429901930fa816,bridge,8,6,-3.764476776123047,0
5aba89d555429901930fa816,bridge,4,7,-4.668383598327637,0
5aba89d555429901930fa816,bridge,9,8,-5.032625675201416,0
5aba89d555429901930fa816,bridge,2,9,-5.349445819854736,0
5a8c7623554299653c1aa07a,bridge,2,0,7.2878804206848145,1
5a8c7623554299653c1aa07a,bridge,7,1,2.448458671569824,1
5a8c7623554299653c1aa07a,bridge,3,2,2.343531608581543,0
5a8c7623554299653c1aa07a,bridge,8,3,1.769073247909546,0
5a8c7623554299653c1aa07a,bridge,9,4,0.7196836471557617,0
5a8c7623554299653c1aa07a,bridge,5,5,0.08538366109132767,0
5a8c7623554299653c1aa07a,bridge,0,6,-0.8147628307342529,0
5a8c7623554299653c1aa07a,bridge,4,7,-5.619897842407227,0
5a8c7623554299653c1aa07a,bridge,1,8,-6.092750072479248,0
5a8c7623554299653c1aa07a,bridge,6,9,-7.975115776062012,0
5a79ecd05542996c55b2dca1,bridge,6,0,3.5780298709869385,1
5a79ecd05542996c55b2dca1,bridge,4,1,3.0217249393463135,0
5a79ecd05542996c55b2dca1,bridge,8,2,0.3090682923793793,0
5a79ecd05542996c55b2dca1,bridge,7,3,-0.23234030604362488,0
5a79ecd05542996c55b2dca1,bridge,9,4,-0.592685341835022,0
5a79ecd05542996c55b2dca1,bridge,0,5,-0.6735513806343079,0
5a79ecd05542996c55b2dca1,bridge,1,6,-0.7081419825553894,0
5a79ecd05542996c55b2dca1,bridge,5,7,-1.1435095071792603,0
5a79ecd05542996c55b2dca1,bridge,2,8,-1.3608309030532837,1
5a79ecd05542996c55b2dca1,bridge,3,9,-2.3779964447021484,0
5adec4695542992fa25da83a,bridge,6,0,6.7177348136901855,1
5adec4695542992fa25da83a,bridge,2,1,3.401582956314087,1
5adec4695542992fa25da83a,bridge,4,2,-4.115683555603027,0
5adec4695542992fa25da83a,bridge,9,3,-6.951061248779297,0
5adec4695542992fa25da83a,bridge,8,4,-7.174468994140625,0
5adec4695542992fa25da83a,bridge,5,5,-8.008147239685059,0
5adec4695542992fa25da83a,bridge,1,6,-8.11292552947998,0
5adec4695542992fa25da83a,bridge,3,7,-9.236627578735352,0
5adec4695542992fa25da83a,bridge,0,8,-9.645515441894531,0
5adec4695542992fa25da83a,bridge,7,9,-10.653300285339355,0
5ae608f2554299546bf83026,bridge,9,0,5.697526931762695,1
5ae608f2554299546bf83026,bridge,5,1,0.994716465473175,1
5ae608f2554299546bf83026,bridge,4,2,0.3555837869644165,0
5ae608f2554299546bf83026,bridge,0,3,0.07606805860996246,0
5ae608f2554299546bf83026,bridge,8,4,-0.3896208107471466,0
5ae608f2554299546bf83026,bridge,3,5,-1.2934657335281372,0
5ae608f2554299546bf83026,bridge,2,6,-7.6130146980285645,0
5ae608f2554299546bf83026,bridge,1,7,-8.086148262023926,0
5ae608f2554299546bf83026,bridge,6,8,-9.298306465148926,0
5ae608f2554299546bf83026,bridge,7,9,-9.665026664733887,0
5abfd5c45542994516f4550e,bridge,5,0,5.624103546142578,1
5abfd5c45542994516f4550e,bridge,9,1,4.5668864250183105,0
5abfd5c45542994516f4550e,bridge,7,2,4.515900135040283,1
5abfd5c45542994516f4550e,bridge,3,3,3.628697395324707,0
5abfd5c45542994516f4550e,bridge,6,4,3.485069751739502,0
5abfd5c45542994516f4550e,bridge,4,5,3.1862826347351074,0
5abfd5c45542994516f4550e,bridge,1,6,2.9229342937469482,0
5abfd5c45542994516f4550e,bridge,2,7,1.6047658920288086,0
5abfd5c45542994516f4550e,bridge,8,8,1.4303805828094482,0
5abfd5c45542994516f4550e,bridge,0,9,0.11033961176872253,0
5adce12e5542990d50227d4f,bridge,6,0,4.0145134925842285,1
5adce12e5542990d50227d4f,bridge,8,1,-1.8520206212997437,0
5adce12e5542990d50227d4f,bridge,2,2,-1.9539659023284912,0
5adce12e5542990d50227d4f,bridge,4,3,-2.0329678058624268,1
5adce12e5542990d50227d4f,bridge,9,4,-3.6073763370513916,0
5adce12e5542990d50227d4f,bridge,7,5,-4.8958845138549805,0
5adce12e5542990d50227d4f,bridge,3,6,-7.387928485870361,0
5adce12e5542990d50227d4f,bridge,0,7,-7.431781768798828,0
5adce12e5542990d50227d4f,bridge,1,8,-8.08335018157959,0
5adce12e5542990d50227d4f,bridge,5,9,-8.643939971923828,0
5a851b0d5542997175ce1f7f,comparison,3,0,4.425421237945557,1
5a851b0d5542997175ce1f7f,comparison,1,1,2.2050280570983887,1
5a851b0d5542997175ce1f7f,comparison,4,2,0.6987408399581909,0
5a851b0d5542997175ce1f7f,comparison,2,3,-0.8136195540428162,0
5a851b0d5542997175ce1f7f,comparison,7,4,-1.1050353050231934,0
5a851b0d5542997175ce1f7f,comparison,6,5,-1.9806666374206543,0
5a851b0d5542997175ce1f7f,comparison,8,6,-2.975924015045166,0
5a851b0d5542997175ce1f7f,comparison,9,7,-3.1519434452056885,0
5a851b0d5542997175ce1f7f,comparison,5,8,-5.816653728485107,0
5a851b0d5542997175ce1f7f,comparison,0,9,-6.542264461517334,0
5ae164cf5542997b2ef7d1cd,bridge,6,0,6.936426162719727,1
5ae164cf5542997b2ef7d1cd,bridge,4,1,1.2174257040023804,1
5ae164cf5542997b2ef7d1cd,bridge,9,2,-0.08105218410491943,0
5ae164cf5542997b2ef7d1cd,bridge,1,3,-2.2054479122161865,0
5ae164cf5542997b2ef7d1cd,bridge,3,4,-5.708747386932373,0
5ae164cf5542997b2ef7d1cd,bridge,5,5,-6.093891143798828,0
5ae164cf5542997b2ef7d1cd,bridge,8,6,-6.265814781188965,0
5ae164cf5542997b2ef7d1cd,bridge,0,7,-7.2137579917907715,0
5ae164cf5542997b2ef7d1cd,bridge,2,8,-7.423078536987305,0
5ae164cf5542997b2ef7d1cd,bridge,7,9,-7.539645195007324,0
5a8c493e554299653c1aa020,bridge,8,0,-0.08859711140394211,1
5a8c493e554299653c1aa020,bridge,5,1,-0.6737509369850159,0
5a8c493e554299653c1aa020,bridge,4,2,-2.3743624687194824,0
5a8c493e554299653c1aa020,bridge,9,3,-2.48429274559021,0
5a8c493e554299653c1aa020,bridge,3,4,-3.632854461669922,0
5a8c493e554299653c1aa020,bridge,6,5,-3.7132716178894043,0
5a8c493e554299653c1aa020,bridge,1,6,-3.766037940979004,0
5a8c493e554299653c1aa020,bridge,2,7,-3.921375274658203,0
5a8c493e554299653c1aa020,bridge,7,8,-4.631773471832275,0
5a8c493e554299653c1aa020,bridge,0,9,-6.160178184509277,1
5a89dbec554299669944a5d6,bridge,3,0,8.45931625366211,1
5a89dbec554299669944a5d6,bridge,1,1,5.610744476318359,1
5a89dbec554299669944a5d6,bridge,8,2,4.331995487213135,0
5a89dbec554299669944a5d6,bridge,7,3,3.928274154663086,0
5a89dbec554299669944a5d6,bridge,0,4,1.832668423652649,0
5a89dbec554299669944a5d6,bridge,4,5,0.2662178575992584,0
5a89dbec554299669944a5d6,bridge,6,6,-1.3964126110076904,0
5a89dbec554299669944a5d6,bridge,2,7,-4.471358776092529,0
5a89dbec554299669944a5d6,bridge,5,8,-6.428301811218262,0
5a89dbec554299669944a5d6,bridge,9,9,-9.216265678405762,0
5ae1389655429901ffe4ae05,bridge,6,0,8.215585708618164,1
5ae1389655429901ffe4ae05,bridge,5,1,6.95330286026001,1
5ae1389655429901ffe4ae05,bridge,4,2,5.641164302825928,0
5ae1389655429901ffe4ae05,bridge,7,3,3.5001108646392822,0
5ae1389655429901ffe4ae05,bridge,0,4,2.745436668395996,0
5ae1389655429901ffe4ae05,bridge,1,5,-2.5939555168151855,0
5ae1389655429901ffe4ae05,bridge,9,6,-2.863138437271118,0
5ae1389655429901ffe4ae05,bridge,2,7,-3.0093331336975098,0
5ae1389655429901ffe4ae05,bridge,3,8,-3.1191799640655518,0
5ae1389655429901ffe4ae05,bridge,8,9,-4.784331321716309,0
5adc6a3b55429947ff173953,bridge,5,0,5.876046180725098,1
5adc6a3b55429947ff173953,bridge,9,1,-2.8303139209747314,0
5adc6a3b55429947ff173953,bridge,0,2,-3.857513904571533,0
5adc6a3b55429947ff173953,bridge,2,3,-3.9265875816345215,0
5adc6a3b55429947ff173953,bridge,7,4,-4.474331855773926,1
5adc6a3b55429947ff173953,bridge,6,5,-4.875095844268799,0
5adc6a3b55429947ff173953,bridge,4,6,-5.143222332000732,0
5adc6a3b55429947ff173953,bridge,1,7,-5.649235248565674,0
5adc6a3b55429947ff173953,bridge,3,8,-5.9636640548706055,0
5adc6a3b55429947ff173953,bridge,8,9,-6.3911285400390625,0
5ac02880554299012d1db5c0,bridge,2,0,5.238003253936768,1
5ac02880554299012d1db5c0,bridge,1,1,2.6895899772644043,0
5ac02880554299012d1db5c0,bridge,3,2,1.0826646089553833,0
5ac02880554299012d1db5c0,bridge,5,3,1.0770035982131958,0
5ac02880554299012d1db5c0,bridge,8,4,1.0598409175872803,0
5ac02880554299012d1db5c0,bridge,4,5,1.0100961923599243,0
5ac02880554299012d1db5c0,bridge,6,6,0.8281233906745911,1
5ac02880554299012d1db5c0,bridge,9,7,0.23769289255142212,0
5ac02880554299012d1db5c0,bridge,0,8,0.0962466299533844,0
5ac02880554299012d1db5c0,bridge,7,9,-0.009939044713973999,0
5aba0c2655429955dce3edb7,bridge,9,0,2.909900426864624,1
5aba0c2655429955dce3edb7,bridge,0,1,2.1816773414611816,0
5aba0c2655429955dce3edb7,bridge,6,2,1.6323614120483398,0
5aba0c2655429955dce3edb7,bridge,5,3,-1.021970272064209,0
5aba0c2655429955dce3edb7,bridge,8,4,-2.1485860347747803,0
5aba0c2655429955dce3edb7,bridge,7,5,-3.9015159606933594,0
5aba0c2655429955dce3edb7,bridge,3,6,-3.9374215602874756,0
5aba0c2655429955dce3edb7,bridge,2,7,-3.992894172668457,0
5aba0c2655429955dce3edb7,bridge,1,8,-3.9975109100341797,1
5aba0c2655429955dce3edb7,bridge,4,9,-5.432104587554932,0
5add44c25542997545bbbd0a,bridge,8,0,4.434507846832275,1
5add44c25542997545bbbd0a,bridge,6,1,3.168147325515747,0
5add44c25542997545bbbd0a,bridge,2,2,2.773542642593384,1
5add44c25542997545bbbd0a,bridge,0,3,1.4415212869644165,0
5add44c25542997545bbbd0a,bridge,9,4,-0.24863854050636292,0
5add44c25542997545bbbd0a,bridge,5,5,-1.0211212635040283,0
5add44c25542997545bbbd0a,bridge,1,6,-2.3288040161132812,0
5add44c25542997545bbbd0a,bridge,7,7,-3.753512144088745,0
5add44c25542997545bbbd0a,bridge,3,8,-4.05967378616333,0
5add44c25542997545bbbd0a,bridge,4,9,-7.70311975479126,0
5a7616755542992d0ec06028,bridge,9,0,7.1050333976745605,1
5a7616755542992d0ec06028,bridge,2,1,1.6434744596481323,0
5a7616755542992d0ec06028,bridge,3,2,1.5284448862075806,0
5a7616755542992d0ec06028,bridge,6,3,0.11924760043621063,0
5a7616755542992d0ec06028,bridge,5,4,-1.3190020322799683,0
5a7616755542992d0ec06028,bridge,1,5,-2.1282553672790527,1
5a7616755542992d0ec06028,bridge,0,6,-6.205111503601074,0
5a7616755542992d0ec06028,bridge,7,7,-6.677232265472412,0
5a7616755542992d0ec06028,bridge,4,8,-7.64704704284668,0
5a7616755542992d0ec06028,bridge,8,9,-8.883968353271484,0
5adcd1665542994d58a2f6e6,bridge,9,0,5.12908411026001,1
5adcd1665542994d58a2f6e6,bridge,5,1,1.4483745098114014,0
5adcd1665542994d58a2f6e6,bridge,8,2,1.4028371572494507,0
5adcd1665542994d58a2f6e6,bridge,0,3,1.3316453695297241,0
5adcd1665542994d58a2f6e6,bridge,7,4,0.9610216021537781,0
5adcd1665542994d58a2f6e6,bridge,4,5,0.6338275671005249,1
5adcd1665542994d58a2f6e6,bridge,2,6,-1.5008282661437988,0
5adcd1665542994d58a2f6e6,bridge,3,7,-2.2919418811798096,0
5adcd1665542994d58a2f6e6,bridge,1,8,-5.441021919250488,0
5adcd1665542994d58a2f6e6,bridge,6,9,-7.617032051086426,0
5ae4be5455429960a22e019c,comparison,2,0,5.234559059143066,0
5ae4be5455429960a22e019c,comparison,8,1,5.062704086303711,0
5ae4be5455429960a22e019c,comparison,7,2,4.851439952850342,0
5ae4be5455429960a22e019c,comparison,3,3,4.550146579742432,1
5ae4be5455429960a22e019c,comparison,0,4,4.490026473999023,0
5ae4be5455429960a22e019c,comparison,4,5,4.041676044464111,1
5ae4be5455429960a22e019c,comparison,5,6,3.6994879245758057,0
5ae4be5455429960a22e019c,comparison,1,7,3.50057053565979,0
5ae4be5455429960a22e019c,comparison,9,8,3.2570736408233643,0
5ae4be5455429960a22e019c,comparison,6,9,2.7289528846740723,0
5ae3263455429928c4239634,bridge,6,0,7.132288932800293,1
5ae3263455429928c4239634,bridge,2,1,0.4620024561882019,1
5ae3263455429928c4239634,bridge,3,2,-2.353588104248047,0
5ae3263455429928c4239634,bridge,5,3,-3.853062868118286,0
5ae3263455429928c4239634,bridge,8,4,-5.3483147621154785,0
5ae3263455429928c4239634,bridge,7,5,-8.022222518920898,0
5ae3263455429928c4239634,bridge,0,6,-8.136992454528809,0
5ae3263455429928c4239634,bridge,9,7,-8.496700286865234,0
5ae3263455429928c4239634,bridge,1,8,-10.02510929107666,0
5ae3263455429928c4239634,bridge,4,9,-10.595029830932617,0
5ac05fb55542997d64295a0b,bridge,1,0,6.816651821136475,1
5ac05fb55542997d64295a0b,bridge,4,1,0.6814984083175659,0
5ac05fb55542997d64295a0b,bridge,7,2,0.21531808376312256,0
5ac05fb55542997d64295a0b,bridge,2,3,-1.3790814876556396,1
5ac05fb55542997d64295a0b,bridge,8,4,-2.546069622039795,0
5ac05fb55542997d64295a0b,bridge,6,5,-2.6410436630249023,0
5ac05fb55542997d64295a0b,bridge,9,6,-4.130189895629883,0
5ac05fb55542997d64295a0b,bridge,3,7,-4.6437883377075195,0
5ac05fb55542997d64295a0b,bridge,5,8,-5.4847259521484375,0
5ac05fb55542997d64295a0b,bridge,0,9,-6.35113000869751,0
5ae1f596554299234fd04372,bridge,2,0,3.948728084564209,0
5ae1f596554299234fd04372,bridge,5,1,3.688309907913208,1
5ae1f596554299234fd04372,bridge,6,2,0.8152574896812439,0
5ae1f596554299234fd04372,bridge,4,3,-0.07836377620697021,0
5ae1f596554299234fd04372,bridge,3,4,-0.8911964297294617,1
5ae1f596554299234fd04372,bridge,1,5,-1.1138335466384888,0
5ae1f596554299234fd04372,bridge,9,6,-5.43215274810791,0
5ae1f596554299234fd04372,bridge,0,7,-6.672121047973633,0
5ae1f596554299234fd04372,bridge,7,8,-7.305827617645264,0
5ae1f596554299234fd04372,bridge,8,9,-7.829724311828613,0
5a8f47785542997ba9cb3217,comparison,3,0,5.66295862197876,1
5a8f47785542997ba9cb3217,comparison,9,1,4.028148651123047,1
5a8f47785542997ba9cb3217,comparison,7,2,2.766578435897827,0
5a8f47785542997ba9cb3217,comparison,0,3,2.16359806060791,0
5a8f47785542997ba9cb3217,comparison,6,4,2.1421546936035156,0
5a8f47785542997ba9cb3217,comparison,5,5,1.563683271408081,0
5a8f47785542997ba9cb3217,comparison,1,6,0.03802696242928505,0
5a8f47785542997ba9cb3217,comparison,2,7,-1.2422189712524414,0
5a8f47785542997ba9cb3217,comparison,8,8,-5.565910816192627,0
5a8f47785542997ba9cb3217,comparison,4,9,-7.714389801025391,0
5a74bc1555429929fddd84dd,comparison,8,0,5.3701934814453125,1
5a74bc1555429929fddd84dd,comparison,3,1,3.7806332111358643,1
5a74bc1555429929fddd84dd,comparison,7,2,3.249476194381714,0
5a74bc1555429929fddd84dd,comparison,6,3,2.9664671421051025,0
5a74bc1555429929fddd84dd,comparison,5,4,-0.11931513994932175,0
5a74bc1555429929fddd84dd,comparison,9,5,-0.30589917302131653,0
5a74bc1555429929fddd84dd,comparison,4,6,-1.6803488731384277,0
5a74bc1555429929fddd84dd,comparison,0,7,-4.354483127593994,0
5a74bc1555429929fddd84dd,comparison,2,8,-5.306575775146484,0
5a74bc1555429929fddd84dd,comparison,1,9,-9.175827980041504,0
5a88e605554299206df2b39c,bridge,2,0,4.828429698944092,1
5a88e605554299206df2b39c,bridge,7,1,2.4464540481567383,1
5a88e605554299206df2b39c,bridge,9,2,1.0274015665054321,0
5a88e605554299206df2b39c,bridge,0,3,-3.3467180728912354,0
5a88e605554299206df2b39c,bridge,4,4,-3.5493335723876953,0
5a88e605554299206df2b39c,bridge,8,5,-5.202021598815918,0
5a88e605554299206df2b39c,bridge,3,6,-5.463951587677002,0
5a88e605554299206df2b39c,bridge,6,7,-6.404207229614258,0
5a88e605554299206df2b39c,bridge,1,8,-6.835472583770752,0
5a88e605554299206df2b39c,bridge,5,9,-9.489619255065918,0
5ab57fc4554299488d4d99c0,bridge,6,0,4.091092586517334,1
5ab57fc4554299488d4d99c0,bridge,8,1,1.8450413942337036,0
5ab57fc4554299488d4d99c0,bridge,1,2,1.3841071128845215,0
5ab57fc4554299488d4d99c0,bridge,7,3,1.2732168436050415,0
5ab57fc4554299488d4d99c0,bridge,0,4,0.7692710757255554,0
5ab57fc4554299488d4d99c0,bridge,3,5,0.6914224028587341,0
5ab57fc4554299488d4d99c0,bridge,5,6,0.5744132995605469,0
5ab57fc4554299488d4d99c0,bridge,4,7,0.4242127537727356,0
5ab57fc4554299488d4d99c0,bridge,2,8,-1.7694838047027588,0
5ab57fc4554299488d4d99c0,bridge,9,9,-9.060567855834961,1
5a7b48b15542995eb53be8eb,bridge,3,0,4.886474132537842,1
5a7b48b15542995eb53be8eb,bridge,0,1,4.772373199462891,1
5a7b48b15542995eb53be8eb,bridge,7,2,-2.9481027126312256,0
5a7b48b15542995eb53be8eb,bridge,4,3,-3.578277111053467,0
5a7b48b15542995eb53be8eb,bridge,5,4,-4.894731044769287,0
5a7b48b15542995eb53be8eb,bridge,6,5,-6.312012195587158,0
5a7b48b15542995eb53be8eb,bridge,9,6,-6.794419288635254,0
5a7b48b15542995eb53be8eb,bridge,8,7,-7.375063896179199,0
5a7b48b15542995eb53be8eb,bridge,2,8,-9.724485397338867,0
5a7b48b15542995eb53be8eb,bridge,1,9,-9.822685241699219,0
5a8933fe55429951533612df,bridge,6,0,5.407577037811279,1
5a8933fe55429951533612df,bridge,3,1,-0.6516668200492859,0
5a8933fe55429951533612df,bridge,9,2,-1.4503425359725952,0
5a8933fe55429951533612df,bridge,7,3,-1.5410053730010986,0
5a8933fe55429951533612df,bridge,4,4,-1.5882360935211182,0
5a8933fe55429951533612df,bridge,5,5,-3.5559780597686768,0
5a8933fe55429951533612df,bridge,2,6,-3.6124696731567383,1
5a8933fe55429951533612df,bridge,8,7,-5.367985725402832,0
5a8933fe55429951533612df,bridge,0,8,-5.658565998077393,0
5a8933fe55429951533612df,bridge,1,9,-5.734253406524658,0
5a80e4b255429938b6142239,bridge,6,0,7.345266342163086,1
5a80e4b255429938b6142239,bridge,0,1,2.8252463340759277,0
5a80e4b255429938b6142239,bridge,9,2,1.58566153049469,0
5a80e4b255429938b6142239,bridge,1,3,0.41413217782974243,0
5a80e4b255429938b6142239,bridge,5,4,-0.2921617329120636,0
5a80e4b255429938b6142239,bridge,4,5,-0.6049728393554688,0
5a80e4b255429938b6142239,bridge,3,6,-1.2343014478683472,0
5a80e4b255429938b6142239,bridge,2,7,-2.6760339736938477,1
5a80e4b255429938b6142239,bridge,7,8,-4.581528663635254,0
5a80e4b255429938b6142239,bridge,8,9,-6.3367815017700195,0
5adc8cb45542994d58a2f651,bridge,1,0,7.92828369140625,1
5adc8cb45542994d58a2f651,bridge,8,1,0.10118178278207779,0
5adc8cb45542994d58a2f651,bridge,7,2,0.07794953882694244,0
5adc8cb45542994d58a2f651,bridge,2,3,0.06219475716352463,0
5adc8cb45542994d58a2f651,bridge,3,4,-0.294431209564209,0
5adc8cb45542994d58a2f651,bridge,4,5,-2.5176780223846436,0
5adc8cb45542994d58a2f651,bridge,6,6,-3.2188735008239746,0
5adc8cb45542994d58a2f651,bridge,9,7,-4.3281450271606445,0
5adc8cb45542994d58a2f651,bridge,0,8,-5.452332019805908,0
5adc8cb45542994d58a2f651,bridge,5,9,-8.916154861450195,1
5abde0655542991f6610608b,bridge,3,0,3.5967679023742676,1
5abde0655542991f6610608b,bridge,8,1,3.129983425140381,1
5abde0655542991f6610608b,bridge,9,2,1.300335168838501,0
5abde0655542991f6610608b,bridge,5,3,0.6091470718383789,0
5abde0655542991f6610608b,bridge,4,4,-1.9304922819137573,0
5abde0655542991f6610608b,bridge,7,5,-4.189231872558594,0
5abde0655542991f6610608b,bridge,1,6,-5.014718055725098,0
5abde0655542991f6610608b,bridge,0,7,-5.468761920928955,0
5abde0655542991f6610608b,bridge,2,8,-5.763627052307129,0
5abde0655542991f6610608b,bridge,6,9,-7.980463981628418,0
5ae26af3554299492dc91c1c,comparison,2,0,5.271923542022705,1
5ae26af3554299492dc91c1c,comparison,9,1,4.6548027992248535,1
5ae26af3554299492dc91c1c,comparison,5,2,4.160947799682617,0
5ae26af3554299492dc91c1c,comparison,8,3,2.710592746734619,0
5ae26af3554299492dc91c1c,comparison,6,4,2.399322509765625,0
5ae26af3554299492dc91c1c,comparison,0,5,1.9315768480300903,0
5ae26af3554299492dc91c1c,comparison,4,6,1.0354702472686768,0
5ae26af3554299492dc91c1c,comparison,3,7,0.6820793151855469,0
5ae26af3554299492dc91c1c,comparison,1,8,0.30512601137161255,0
5ae26af3554299492dc91c1c,comparison,7,9,0.24096128344535828,0
5a73471a5542991f9a20c6d7,bridge,4,0,7.30012321472168,1
5a73471a5542991f9a20c6d7,bridge,2,1,4.921573638916016,1
5a73471a5542991f9a20c6d7,bridge,1,2,1.9583271741867065,0
5a73471a5542991f9a20c6d7,bridge,9,3,1.8467010259628296,0
5a73471a5542991f9a20c6d7,bridge,3,4,-0.12709639966487885,0
5a73471a5542991f9a20c6d7,bridge,5,5,-0.8451803922653198,0
5a73471a5542991f9a20c6d7,bridge,7,6,-2.378720998764038,0
5a73471a5542991f9a20c6d7,bridge,0,7,-2.43544340133667,0
5a73471a5542991f9a20c6d7,bridge,6,8,-6.519453525543213,0
5a73471a5542991f9a20c6d7,bridge,8,9,-7.673492908477783,0
5a877df15542993e715abf7a,comparison,6,0,2.1065468788146973,1
5a877df15542993e715abf7a,comparison,9,1,1.7946327924728394,1
5a877df15542993e715abf7a,comparison,1,2,-1.1869014501571655,0
5a877df15542993e715abf7a,comparison,4,3,-1.5674290657043457,0
5a877df15542993e715abf7a,comparison,5,4,-2.443661689758301,0
5a877df15542993e715abf7a,comparison,0,5,-2.6482815742492676,0
5a877df15542993e715abf7a,comparison,8,6,-2.7207369804382324,0
5a877df15542993e715abf7a,comparison,2,7,-3.49841570854187,0
5a877df15542993e715abf7a,comparison,3,8,-3.6871557235717773,0
5a877df15542993e715abf7a,comparison,7,9,-4.134371280670166,0
5a7e4414554299495941995c,bridge,0,0,7.175405502319336,1
5a7e4414554299495941995c,bridge,1,1,5.289623737335205,1
5a7e4414554299495941995c,bridge,6,2,0.09671567380428314,0
5a7e4414554299495941995c,bridge,9,3,-2.369993209838867,0
5a7e4414554299495941995c,bridge,7,4,-2.4157538414001465,0
5a7e4414554299495941995c,bridge,2,5,-3.7344346046447754,0
5a7e4414554299495941995c,bridge,8,6,-4.591561794281006,0
5a7e4414554299495941995c,bridge,3,7,-6.1347551345825195,0
5a7e4414554299495941995c,bridge,5,8,-10.853260040283203,0
5a7e4414554299495941995c,bridge,4,9,-10.99808120727539,0
5adf227a5542992d7e9f92a6,bridge,5,0,6.128780364990234,1
5adf227a5542992d7e9f92a6,bridge,7,1,2.117011070251465,0
5adf227a5542992d7e9f92a6,bridge,0,2,0.23129762709140778,0
5adf227a5542992d7e9f92a6,bridge,4,3,-0.8352487087249756,0
5adf227a5542992d7e9f92a6,bridge,6,4,-3.8690438270568848,0
5adf227a5542992d7e9f92a6,bridge,3,5,-4.659256458282471,1
5adf227a5542992d7e9f92a6,bridge,8,6,-5.6055803298950195,0
5adf227a5542992d7e9f92a6,bridge,9,7,-6.98298978805542,0
5adf227a5542992d7e9f92a6,bridge,1,8,-9.605920791625977,0
5adf227a5542992d7e9f92a6,bridge,2,9,-10.311481475830078,0
5a7f8b8c5542995d8a8ddea1,bridge,9,0,7.025781154632568,1
5a7f8b8c5542995d8a8ddea1,bridge,3,1,0.29003679752349854,0
5a7f8b8c5542995d8a8ddea1,bridge,0,2,-2.7393624782562256,0
5a7f8b8c5542995d8a8ddea1,bridge,8,3,-3.600668430328369,0
5a7f8b8c5542995d8a8ddea1,bridge,2,4,-3.6863908767700195,0
5a7f8b8c5542995d8a8ddea1,bridge,4,5,-5.739136219024658,0
5a7f8b8c5542995d8a8ddea1,bridge,5,6,-6.111206531524658,0
5a7f8b8c5542995d8a8ddea1,bridge,6,7,-6.170925617218018,1
5a7f8b8c5542995d8a8ddea1,bridge,7,8,-7.325682163238525,0
5a7f8b8c5542995d8a8ddea1,bridge,1,9,-8.396832466125488,0
5a8d8f77554299068b959d3e,bridge,6,0,8.03173828125,1
5a8d8f77554299068b959d3e,bridge,7,1,6.731579303741455,1
5a8d8f77554299068b959d3e,bridge,0,2,1.2304773330688477,0
5a8d8f77554299068b959d3e,bridge,1,3,-1.9941359758377075,0
5a8d8f77554299068b959d3e,bridge,9,4,-2.217503547668457,0
5a8d8f77554299068b959d3e,bridge,5,5,-2.2282402515411377,0
5a8d8f77554299068b959d3e,bridge,4,6,-3.2094337940216064,0
5a8d8f77554299068b959d3e,bridge,8,7,-3.53055477142334,0
5a8d8f77554299068b959d3e,bridge,2,8,-3.5595076084136963,0
5a8d8f77554299068b959d3e,bridge,3,9,-5.197829723358154,0
5a84ee4c5542997175ce1f2b,comparison,9,0,7.079901695251465,1
5a84ee4c5542997175ce1f2b,comparison,4,1,3.820154905319214,0
5a84ee4c5542997175ce1f2b,comparison,1,2,2.9855198860168457,1
5a84ee4c5542997175ce1f2b,comparison,0,3,1.1885253190994263,0
5a84ee4c5542997175ce1f2b,comparison,6,4,-0.3690929114818573,0
5a84ee4c5542997175ce1f2b,comparison,7,5,-0.5350867509841919,0
5a84ee4c5542997175ce1f2b,comparison,5,6,-0.9558525085449219,0
5a84ee4c5542997175ce1f2b,comparison,3,7,-4.7420854568481445,0
5a84ee4c5542997175ce1f2b,comparison,2,8,-5.016560077667236,0
5a84ee4c5542997175ce1f2b,comparison,8,9,-5.651602268218994,0
5ac1a3fa5542991316484b7d,bridge,9,0,7.743406295776367,0
5ac1a3fa5542991316484b7d,bridge,7,1,7.682823181152344,1
5ac1a3fa5542991316484b7d,bridge,3,2,0.5169916152954102,1
5ac1a3fa5542991316484b7d,bridge,2,3,-1.6256191730499268,0
5ac1a3fa5542991316484b7d,bridge,4,4,-3.3756439685821533,0
5ac1a3fa5542991316484b7d,bridge,5,5,-5.4092817306518555,0
5ac1a3fa5542991316484b7d,bridge,0,6,-6.162380695343018,0
5ac1a3fa5542991316484b7d,bridge,8,7,-6.707616329193115,0
5ac1a3fa5542991316484b7d,bridge,6,8,-7.458302974700928,0
5ac1a3fa5542991316484b7d,bridge,1,9,-9.7813081741333,0
5a8a1a9c5542992d82986ebb,bridge,6,0,3.820455551147461,1
5a8a1a9c5542992d82986ebb,bridge,1,1,0.5900934338569641,1
5a8a1a9c5542992d82986ebb,bridge,5,2,-0.32742437720298767,0
5a8a1a9c5542992d82986ebb,bridge,8,3,-1.0784575939178467,0
5a8a1a9c5542992d82986ebb,bridge,7,4,-1.6519639492034912,0
5a8a1a9c5542992d82986ebb,bridge,9,5,-1.918573260307312,0
5a8a1a9c5542992d82986ebb,bridge,3,6,-3.066469669342041,0
5a8a1a9c5542992d82986ebb,bridge,4,7,-3.7089366912841797,0
5a8a1a9c5542992d82986ebb,bridge,0,8,-4.232593059539795,0
5a8a1a9c5542992d82986ebb,bridge,2,9,-7.6924238204956055,0
5a8ccea555429941ae14deeb,bridge,3,0,4.8092427253723145,1
5a8ccea555429941ae14deeb,bridge,6,1,3.3889517784118652,0
5a8ccea555429941ae14deeb,bridge,2,2,3.2693428993225098,0
5a8ccea555429941ae14deeb,bridge,0,3,3.213026523590088,0
5a8ccea555429941ae14deeb,bridge,8,4,2.125561237335205,0
5a8ccea555429941ae14deeb,bridge,5,5,1.9209073781967163,0
5a8ccea555429941ae14deeb,bridge,7,6,1.7086595296859741,0
5a8ccea555429941ae14deeb,bridge,9,7,1.5323925018310547,1
5a8ccea555429941ae14deeb,bridge,4,8,0.1107882559299469,0
5a8ccea555429941ae14deeb,bridge,1,9,-1.4988247156143188,0
5ae1b8075542997283cd2262,bridge,9,0,4.074632167816162,1
5ae1b8075542997283cd2262,bridge,7,1,2.31501841545105,0
5ae1b8075542997283cd2262,bridge,0,2,0.22319912910461426,0
5ae1b8075542997283cd2262,bridge,5,3,0.09734154492616653,0
5ae1b8075542997283cd2262,bridge,6,4,-0.7424419522285461,1
5ae1b8075542997283cd2262,bridge,2,5,-6.517435073852539,0
5ae1b8075542997283cd2262,bridge,4,6,-7.9652419090271,0
5ae1b8075542997283cd2262,bridge,1,7,-8.854724884033203,0
5ae1b8075542997283cd2262,bridge,8,8,-9.778308868408203,0
5ae1b8075542997283cd2262,bridge,3,9,-9.971988677978516,0
5ab56f3e5542992aa134a317,comparison,6,0,5.500431060791016,1
5ab56f3e5542992aa134a317,comparison,7,1,4.369442939758301,1
5ab56f3e5542992aa134a317,comparison,2,2,3.5445995330810547,0
5ab56f3e5542992aa134a317,comparison,0,3,1.6967360973358154,0
5ab56f3e5542992aa134a317,comparison,1,4,1.268354892730713,0
5ab56f3e5542992aa134a317,comparison,9,5,0.571365475654602,0
5ab56f3e5542992aa134a317,comparison,4,6,-0.34010419249534607,0
5ab56f3e5542992aa134a317,comparison,8,7,-2.4901669025421143,0
5ab56f3e5542992aa134a317,comparison,5,8,-3.577096462249756,0
5ab56f3e5542992aa134a317,comparison,3,9,-5.612823486328125,0
5a8d40585542994ba4e3dc39,bridge,7,0,8.287958145141602,1
5a8d40585542994ba4e3dc39,bridge,1,1,2.807405710220337,0
5a8d40585542994ba4e3dc39,bridge,4,2,0.9818909764289856,0
5a8d40585542994ba4e3dc39,bridge,3,3,0.6950438022613525,1
5a8d40585542994ba4e3dc39,bridge,6,4,-5.7657012939453125,0
5a8d40585542994ba4e3dc39,bridge,9,5,-6.105838775634766,0
5a8d40585542994ba4e3dc39,bridge,0,6,-7.863677024841309,0
5a8d40585542994ba4e3dc39,bridge,2,7,-8.366698265075684,0
5a8d40585542994ba4e3dc39,bridge,5,8,-8.656246185302734,0
5a8d40585542994ba4e3dc39,bridge,8,9,-9.173534393310547,0
5ae1a8c05542997f29b3c0ec,bridge,1,0,5.534628868103027,1
5ae1a8c05542997f29b3c0ec,bridge,2,1,3.938723564147949,0
5ae1a8c05542997f29b3c0ec,bridge,0,2,1.6339287757873535,0
5ae1a8c05542997f29b3c0ec,bridge,6,3,1.0973708629608154,0
5ae1a8c05542997f29b3c0ec,bridge,4,4,0.5650312304496765,0
5ae1a8c05542997f29b3c0ec,bridge,5,5,0.38647812604904175,0
5ae1a8c05542997f29b3c0ec,bridge,7,6,-2.057343006134033,1
5ae1a8c05542997f29b3c0ec,bridge,3,7,-3.3041694164276123,0
5ae1a8c05542997f29b3c0ec,bridge,9,8,-4.877653121948242,0
5ae1a8c05542997f29b3c0ec,bridge,8,9,-7.155147552490234,0
5ab4b7d15542996a3a969fbc,bridge,3,0,3.7686965465545654,1
5ab4b7d15542996a3a969fbc,bridge,8,1,-1.7303295135498047,1
5ab4b7d15542996a3a969fbc,bridge,1,2,-2.176410675048828,0
5ab4b7d15542996a3a969fbc,bridge,5,3,-5.353734970092773,0
5ab4b7d15542996a3a969fbc,bridge,6,4,-5.601118087768555,0
5ab4b7d15542996a3a969fbc,bridge,4,5,-8.665740966796875,0
5ab4b7d15542996a3a969fbc,bridge,9,6,-9.784762382507324,0
5ab4b7d15542996a3a969fbc,bridge,0,7,-10.018512725830078,0
5ab4b7d15542996a3a969fbc,bridge,7,8,-10.309629440307617,0
5ab4b7d15542996a3a969fbc,bridge,2,9,-10.64423942565918,0
5a89fc305542993b751ca9dc,bridge,6,0,8.67003345489502,1
5a89fc305542993b751ca9dc,bridge,7,1,-1.183769702911377,1
5a89fc305542993b751ca9dc,bridge,5,2,-1.9823250770568848,0
5a89fc305542993b751ca9dc,bridge,0,3,-3.1046009063720703,0
5a89fc305542993b751ca9dc,bridge,1,4,-4.228082656860352,0
5a89fc305542993b751ca9dc,bridge,8,5,-7.076000690460205,0
5a89fc305542993b751ca9dc,bridge,3,6,-7.109002590179443,0
5a89fc305542993b751ca9dc,bridge,2,7,-7.704640865325928,0
5a89fc305542993b751ca9dc,bridge,9,8,-10.075236320495605,0
5a89fc305542993b751ca9dc,bridge,4,9,-10.320344924926758,0
5ae164685542997b2ef7d1cb,bridge,4,0,6.275436878204346,1
5ae164685542997b2ef7d1cb,bridge,7,1,3.657047748565674,0
5ae164685542997b2ef7d1cb,bridge,3,2,3.1723132133483887,0
5ae164685542997b2ef7d1cb,bridge,5,3,0.2566847503185272,0
5ae164685542997b2ef7d1cb,bridge,6,4,-0.4364177882671356,0
5ae164685542997b2ef7d1cb,bridge,8,5,-1.2633445262908936,1
5ae164685542997b2ef7d1cb,bridge,0,6,-1.7662725448608398,0
5ae164685542997b2ef7d1cb,bridge,2,7,-2.684990882873535,0
5ae164685542997b2ef7d1cb,bridge,1,8,-3.3699400424957275,0
5ae164685542997b2ef7d1cb,bridge,9,9,-3.929396390914917,0
5a84b8555542991dd0999db2,bridge,2,0,5.655426979064941,1
5a84b8555542991dd0999db2,bridge,8,1,-5.674036026000977,0
5a84b8555542991dd0999db2,bridge,6,2,-6.703182220458984,0
5a84b8555542991dd0999db2,bridge,9,3,-7.743896961212158,0
5a84b8555542991dd0999db2,bridge,4,4,-7.843918323516846,0
5a84b8555542991dd0999db2,bridge,5,5,-7.9341654777526855,1
5a84b8555542991dd0999db2,bridge,1,6,-7.995752334594727,0
5a84b8555542991dd0999db2,bridge,0,7,-8.095892906188965,0
5a84b8555542991dd0999db2,bridge,7,8,-9.001357078552246,0
5a84b8555542991dd0999db2,bridge,3,9,-10.037511825561523,0
5ab327bc554299233954ff33,bridge,5,0,5.017420768737793,1
5ab327bc554299233954ff33,bridge,9,1,1.7951085567474365,1
5ab327bc554299233954ff33,bridge,4,2,0.32631760835647583,0
5ab327bc554299233954ff33,bridge,0,3,-0.7923402190208435,0
5ab327bc554299233954ff33,bridge,1,4,-2.312922716140747,0
5ab327bc554299233954ff33,bridge,7,5,-3.2943172454833984,0
5ab327bc554299233954ff33,bridge,8,6,-3.3773412704467773,0
5ab327bc554299233954ff33,bridge,3,7,-7.71240758895874,0
5ab327bc554299233954ff33,bridge,6,8,-8.155008316040039,0
5ab327bc554299233954ff33,bridge,2,9,-9.539663314819336,0
5a82f05255429966c78a6aa2,bridge,1,0,8.413126945495605,0
5a82f05255429966c78a6aa2,bridge,4,1,7.569565773010254,1
5a82f05255429966c78a6aa2,bridge,3,2,0.3542477786540985,1
5a82f05255429966c78a6aa2,bridge,2,3,-1.1947641372680664,0
5a82f05255429966c78a6aa2,bridge,7,4,-3.2401795387268066,0
5a82f05255429966c78a6aa2,bridge,0,5,-4.006018161773682,0
5a82f05255429966c78a6aa2,bridge,5,6,-5.740603923797607,0
5a82f05255429966c78a6aa2,bridge,8,7,-6.509095668792725,0
5a82f05255429966c78a6aa2,bridge,6,8,-7.7765069007873535,0
5a82f05255429966c78a6aa2,bridge,9,9,-8.697917938232422,0
5ae0818e55429924de1b70e9,bridge,2,0,6.079758644104004,1
5ae0818e55429924de1b70e9,bridge,6,1,0.552890419960022,0
5ae0818e55429924de1b70e9,bridge,7,2,-0.1003558561205864,0
5ae0818e55429924de1b70e9,bridge,3,3,-1.0460925102233887,0
5ae0818e55429924de1b70e9,bridge,9,4,-4.168989658355713,0
5ae0818e55429924de1b70e9,bridge,5,5,-4.750298976898193,1
5ae0818e55429924de1b70e9,bridge,0,6,-5.166659355163574,0
5ae0818e55429924de1b70e9,bridge,4,7,-5.184200286865234,0
5ae0818e55429924de1b70e9,bridge,8,8,-5.5356292724609375,0
5ae0818e55429924de1b70e9,bridge,1,9,-6.429416656494141,0
5adc760c5542994650320d11,bridge,0,0,7.622177600860596,1
5adc760c5542994650320d11,bridge,3,1,7.337831974029541,0
5adc760c5542994650320d11,bridge,5,2,6.796316623687744,1
5adc760c5542994650320d11,bridge,4,3,4.376656532287598,0
5adc760c5542994650320d11,bridge,2,4,4.234652042388916,0
5adc760c5542994650320d11,bridge,1,5,3.4996426105499268,0
5adc760c5542994650320d11,bridge,7,6,3.396178722381592,0
5adc760c5542994650320d11,bridge,6,7,3.1602180004119873,0
5adc760c5542994650320d11,bridge,8,8,1.6149576902389526,0
5adc760c5542994650320d11,bridge,9,9,1.4711593389511108,0
5a7fa97d5542994857a767a9,bridge,3,0,6.058261394500732,1
5a7fa97d5542994857a767a9,bridge,6,1,5.679257869720459,1
5a7fa97d5542994857a767a9,bridge,2,2,3.565307855606079,0
5a7fa97d5542994857a767a9,bridge,5,3,-3.3139967918395996,0
5a7fa97d5542994857a767a9,bridge,0,4,-3.4956510066986084,0
5a7fa97d5542994857a767a9,bridge,7,5,-4.0585618019104,0
5a7fa97d5542994857a767a9,bridge,9,6,-4.156342506408691,0
5a7fa97d5542994857a767a9,bridge,4,7,-5.560371398925781,0
5a7fa97d5542994857a767a9,bridge,1,8,-5.614756107330322,0
5a7fa97d5542994857a767a9,bridge,8,9,-6.4231767654418945,0
5ab815865542995dae37ea2d,bridge,1,0,6.032767295837402,1
5ab815865542995dae37ea2d,bridge,3,1,4.890554428100586,1
5ab815865542995dae37ea2d,bridge,8,2,2.2925376892089844,0
5ab815865542995dae37ea2d,bridge,9,3,1.7970086336135864,0
5ab815865542995dae37ea2d,bridge,2,4,1.4128071069717407,0
5ab815865542995dae37ea2d,bridge,6,5,1.3296010494232178,0
5ab815865542995dae37ea2d,bridge,4,6,-4.071561813354492,0
5ab815865542995dae37ea2d,bridge,5,7,-6.196878433227539,0
5ab815865542995dae37ea2d,bridge,7,8,-6.373869895935059,0
5ab815865542995dae37ea2d,bridge,0,9,-6.688142776489258,0
5a7a3a2a5542996c55b2dd41,bridge,3,0,6.356644630432129,1
5a7a3a2a5542996c55b2dd41,bridge,8,1,0.983761191368103,0
5a7a3a2a5542996c55b2dd41,bridge,1,2,0.07260644435882568,0
5a7a3a2a5542996c55b2dd41,bridge,6,3,-3.2837696075439453,0
5a7a3a2a5542996c55b2dd41,bridge,7,4,-4.914398670196533,0
5a7a3a2a5542996c55b2dd41,bridge,9,5,-5.443488121032715,0
5a7a3a2a5542996c55b2dd41,bridge,2,6,-5.570953369140625,0
5a7a3a2a5542996c55b2dd41,bridge,4,7,-7.531853199005127,0
5a7a3a2a5542996c55b2dd41,bridge,5,8,-8.02580451965332,0
5a7a3a2a5542996c55b2dd41,bridge,0,9,-10.03329849243164,1
5ab5487b554299494045ef68,bridge,5,0,7.9240264892578125,1
5ab5487b554299494045ef68,bridge,6,1,0.5001895427703857,0
5ab5487b554299494045ef68,bridge,1,2,-1.1784281730651855,1
5ab5487b554299494045ef68,bridge,3,3,-2.039900779724121,0
5ab5487b554299494045ef68,bridge,8,4,-3.3947951793670654,0
5ab5487b554299494045ef68,bridge,7,5,-4.954803466796875,0
5ab5487b554299494045ef68,bridge,0,6,-6.839817047119141,0
5ab5487b554299494045ef68,bridge,2,7,-7.583593845367432,0
5ab5487b554299494045ef68,bridge,4,8,-9.175151824951172,0
5ab5487b554299494045ef68,bridge,9,9,-9.757277488708496,0
5a8c51f0554299240d9c2111,bridge,6,0,4.837448596954346,1
5a8c51f0554299240d9c2111,bridge,9,1,3.149691581726074,1
5a8c51f0554299240d9c2111,bridge,2,2,-0.9399821758270264,0
5a8c51f0554299240d9c2111,bridge,0,3,-0.9786955714225769,0
5a8c51f0554299240d9c2111,bridge,7,4,-1.3572591543197632,0
5a8c51f0554299240d9c2111,bridge,4,5,-1.9289125204086304,0
5a8c51f0554299240d9c2111,bridge,5,6,-2.0635933876037598,0
5a8c51f0554299240d9c2111,bridge,1,7,-3.038900375366211,0
5a8c51f0554299240d9c2111,bridge,3,8,-5.09618616104126,0
5a8c51f0554299240d9c2111,bridge,8,9,-5.1329426765441895,0
5a84c0885542994c784dda28,bridge,6,0,4.591847896575928,1
5a84c0885542994c784dda28,bridge,8,1,2.163501262664795,1
5a84c0885542994c784dda28,bridge,1,2,-0.15258240699768066,0
5a84c0885542994c784dda28,bridge,0,3,-1.3630784749984741,0
5a84c0885542994c784dda28,bridge,7,4,-1.5857760906219482,0
5a84c0885542994c784dda28,bridge,5,5,-2.2962493896484375,0
5a84c0885542994c784dda28,bridge,9,6,-2.454789400100708,0
5a84c0885542994c784dda28,bridge,2,7,-2.8311314582824707,0
5a84c0885542994c784dda28,bridge,4,8,-3.0753843784332275,0
5a84c0885542994c784dda28,bridge,3,9,-4.383396625518799,0
5a89a74e554299669944a562,bridge,0,0,8.98194694519043,1
5a89a74e554299669944a562,bridge,5,1,8.720523834228516,0
5a89a74e554299669944a562,bridge,1,2,7.989030838012695,1
5a89a74e554299669944a562,bridge,7,3,4.895706653594971,0
5a89a74e554299669944a562,bridge,3,4,2.4970738887786865,0
5a89a74e554299669944a562,bridge,4,5,2.1720316410064697,0
5a89a74e554299669944a562,bridge,2,6,0.827721118927002,0
5a89a74e554299669944a562,bridge,9,7,-1.479667067527771,0
5a89a74e554299669944a562,bridge,6,8,-3.034846782684326,0
5a89a74e554299669944a562,bridge,8,9,-3.292384624481201,0
5a83c9445542992ef85e2360,bridge,9,0,9.561094284057617,1
5a83c9445542992ef85e2360,bridge,7,1,6.142383098602295,0
5a83c9445542992ef85e2360,bridge,2,2,5.652204513549805,0
5a83c9445542992ef85e2360,bridge,5,3,5.524731636047363,0
5a83c9445542992ef85e2360,bridge,8,4,5.496617317199707,0
5a83c9445542992ef85e2360,bridge,6,5,4.991421222686768,0
5a83c9445542992ef85e2360,bridge,3,6,0.6313011646270752,1
5a83c9445542992ef85e2360,bridge,1,7,0.21906307339668274,0
5a83c9445542992ef85e2360,bridge,0,8,-2.018732786178589,0
5a83c9445542992ef85e2360,bridge,4,9,-4.308065891265869,0
5ac3ce74554299204fd21e71,bridge,0,0,5.1607208251953125,1
5ac3ce74554299204fd21e71,bridge,2,1,4.129312038421631,0
5ac3ce74554299204fd21e71,bridge,4,2,1.9315780401229858,0
5ac3ce74554299204fd21e71,bridge,8,3,1.0853527784347534,0
5ac3ce74554299204fd21e71,bridge,5,4,0.5895155072212219,0
5ac3ce74554299204fd21e71,bridge,7,5,0.5164988040924072,1
5ac3ce74554299204fd21e71,bridge,3,6,0.49733659625053406,0
5ac3ce74554299204fd21e71,bridge,1,7,0.3335254192352295,0
5ac3ce74554299204fd21e71,bridge,6,8,-2.4165048599243164,0
5ac3ce74554299204fd21e71,bridge,9,9,-6.704946517944336,0
5abea85f5542990832d3a070,bridge,2,0,7.679946422576904,1
5abea85f5542990832d3a070,bridge,6,1,6.478886127471924,1
5abea85f5542990832d3a070,bridge,0,2,-3.4800851345062256,0
5abea85f5542990832d3a070,bridge,3,3,-4.71631383895874,0
5abea85f5542990832d3a070,bridge,5,4,-5.031149387359619,0
5abea85f5542990832d3a070,bridge,9,5,-6.060550689697266,0
5abea85f5542990832d3a070,bridge,4,6,-7.213070392608643,0
5abea85f5542990832d3a070,bridge,8,7,-7.573078632354736,0
5abea85f5542990832d3a070,bridge,7,8,-7.898580074310303,0
5abea85f5542990832d3a070,bridge,1,9,-8.316847801208496,0
5a7f75e95542992e7d278d09,comparison,2,0,1.1155612468719482,1
5a7f75e95542992e7d278d09,comparison,1,1,-0.006579201202839613,1
5a7f75e95542992e7d278d09,comparison,8,2,-1.9596149921417236,0
5a7f75e95542992e7d278d09,comparison,6,3,-1.9723745584487915,0
5a7f75e95542992e7d278d09,comparison,5,4,-2.02522349357605,0
5a7f75e95542992e7d278d09,comparison,0,5,-2.4688332080841064,0
5a7f75e95542992e7d278d09,comparison,7,6,-2.4769256114959717,0
5a7f75e95542992e7d278d09,comparison,9,7,-2.507054567337036,0
5a7f75e95542992e7d278d09,comparison,3,8,-3.2504284381866455,0
5a7f75e95542992e7d278d09,comparison,4,9,-3.4609320163726807,0
5a8b19f45542996c9b8d5f9e,bridge,8,0,4.243483066558838,1
5a8b19f45542996c9b8d5f9e,bridge,9,1,-5.1878743171691895,1
5a8b19f45542996c9b8d5f9e,bridge,0,2,-5.538251876831055,0
5a8b19f45542996c9b8d5f9e,bridge,1,3,-6.193331241607666,0
5a8b19f45542996c9b8d5f9e,bridge,7,4,-6.8123040199279785,0
5a8b19f45542996c9b8d5f9e,bridge,4,5,-7.539546966552734,0
5a8b19f45542996c9b8d5f9e,bridge,2,6,-7.961799144744873,0
5a8b19f45542996c9b8d5f9e,bridge,3,7,-8.108302116394043,0
5a8b19f45542996c9b8d5f9e,bridge,6,8,-8.730399131774902,0
5a8b19f45542996c9b8d5f9e,bridge,5,9,-9.067483901977539,0
5ab5e4e15542997d4ad1f229,bridge,5,0,6.709442615509033,1
5ab5e4e15542997d4ad1f229,bridge,8,1,-0.4074806869029999,0
5ab5e4e15542997d4ad1f229,bridge,6,2,-0.4475041925907135,0
5ab5e4e15542997d4ad1f229,bridge,0,3,-2.064286470413208,0
5ab5e4e15542997d4ad1f229,bridge,4,4,-3.535733938217163,0
5ab5e4e15542997d4ad1f229,bridge,7,5,-4.189944267272949,0
5ab5e4e15542997d4ad1f229,bridge,2,6,-4.87925910949707,1
5ab5e4e15542997d4ad1f229,bridge,3,7,-5.052424907684326,0
5ab5e4e15542997d4ad1f229,bridge,1,8,-5.119104385375977,0
5ab5e4e15542997d4ad1f229,bridge,9,9,-6.409231185913086,0
5a7736d85542994aec3b722b,comparison,7,0,5.004734039306641,1
5a7736d85542994aec3b722b,comparison,1,1,4.905556678771973,0
5a7736d85542994aec3b722b,comparison,4,2,4.621212959289551,1
5a7736d85542994aec3b722b,comparison,0,3,3.7364444732666016,0
5a7736d85542994aec3b722b,comparison,9,4,3.659785509109497,0
5a7736d85542994aec3b722b,comparison,6,5,3.2494468688964844,0
5a7736d85542994aec3b722b,comparison,3,6,2.67128324508667,0
5a7736d85542994aec3b722b,comparison,5,7,1.9434958696365356,0
5a7736d85542994aec3b722b,comparison,2,8,1.7946999073028564,0
5a7736d85542994aec3b722b,comparison,8,9,-5.262021064758301,0
5a77ba6c55429967ab10524c,bridge,8,0,8.188129425048828,1
5a77ba6c55429967ab10524c,bridge,6,1,0.21565167605876923,0
5a77ba6c55429967ab10524c,bridge,4,2,-0.4106874465942383,0
5a77ba6c55429967ab10524c,bridge,3,3,-1.5657479763031006,0
5a77ba6c55429967ab10524c,bridge,2,4,-2.7260019779205322,0
5a77ba6c55429967ab10524c,bridge,1,5,-3.4327051639556885,0
5a77ba6c55429967ab10524c,bridge,5,6,-3.7100789546966553,0
5a77ba6c55429967ab10524c,bridge,9,7,-5.585540771484375,0
5a77ba6c55429967ab10524c,bridge,7,8,-6.188440799713135,0
5a77ba6c55429967ab10524c,bridge,0,9,-6.424307346343994,1
5adf9ea05542992d7e9f93bf,bridge,5,0,4.520556926727295,1
5adf9ea05542992d7e9f93bf,bridge,8,1,-0.06485132873058319,1
5adf9ea05542992d7e9f93bf,bridge,2,2,-1.5996735095977783,0
5adf9ea05542992d7e9f93bf,bridge,4,3,-2.441230058670044,0
5adf9ea05542992d7e9f93bf,bridge,3,4,-3.0788121223449707,0
5adf9ea05542992d7e9f93bf,bridge,7,5,-3.312955856323242,0
5adf9ea05542992d7e9f93bf,bridge,1,6,-3.3289151191711426,0
5adf9ea05542992d7e9f93bf,bridge,9,7,-3.9822895526885986,0
5adf9ea05542992d7e9f93bf,bridge,0,8,-4.768801689147949,0
5adf9ea05542992d7e9f93bf,bridge,6,9,-4.802779674530029,0
5abbe188554299642a094ba0,bridge,0,0,3.0424907207489014,1
5abbe188554299642a094ba0,bridge,7,1,-0.8326466083526611,1
5abbe188554299642a094ba0,bridge,8,2,-1.259602427482605,0
5abbe188554299642a094ba0,bridge,2,3,-1.744618535041809,0
5abbe188554299642a094ba0,bridge,9,4,-6.403336048126221,0
5abbe188554299642a094ba0,bridge,5,5,-7.154121398925781,0
5abbe188554299642a094ba0,bridge,3,6,-7.348634243011475,0
5abbe188554299642a094ba0,bridge,4,7,-7.598001956939697,0
5abbe188554299642a094ba0,bridge,6,8,-7.955290794372559,0
5abbe188554299642a094ba0,bridge,1,9,-7.990784168243408,0
5a8319b255429940e5e1a960,bridge,8,0,5.671319007873535,1
5a8319b255429940e5e1a960,bridge,4,1,2.919987916946411,1
5a8319b255429940e5e1a960,bridge,5,2,-0.3553934097290039,0
5a8319b255429940e5e1a960,bridge,3,3,-0.5835036039352417,0
5a8319b255429940e5e1a960,bridge,9,4,-0.6098800301551819,0
5a8319b255429940e5e1a960,bridge,0,5,-0.7539235353469849,0
5a8319b255429940e5e1a960,bridge,2,6,-1.566379427909851,0
5a8319b255429940e5e1a960,bridge,7,7,-2.1603567600250244,0
5a8319b255429940e5e1a960,bridge,1,8,-3.5296661853790283,0
5a8319b255429940e5e1a960,bridge,6,9,-5.114694595336914,0
5ac21ac05542991316484bee,comparison,0,0,5.447484493255615,1
5ac21ac05542991316484bee,comparison,6,1,4.921098232269287,1
5ac21ac05542991316484bee,comparison,8,2,2.375591993331909,0
5ac21ac05542991316484bee,comparison,3,3,0.3614828288555145,0
5ac21ac05542991316484bee,comparison,5,4,-1.800589919090271,0
5ac21ac05542991316484bee,comparison,4,5,-2.461660623550415,0
5ac21ac05542991316484bee,comparison,7,6,-2.7785539627075195,0
5ac21ac05542991316484bee,comparison,9,7,-2.917271137237549,0
5ac21ac05542991316484bee,comparison,1,8,-4.748603820800781,0
5ac21ac05542991316484bee,comparison,2,9,-7.904531478881836,0
5a721bbc55429971e9dc9279,bridge,8,0,-0.33843812346458435,1
5a721bbc55429971e9dc9279,bridge,1,1,-3.0819597244262695,1
5a721bbc55429971e9dc9279,bridge,7,2,-3.633291244506836,0
5a721bbc55429971e9dc9279,bridge,0,3,-4.569226264953613,0
5a721bbc55429971e9dc9279,bridge,2,4,-4.712384223937988,0
5a721bbc55429971e9dc9279,bridge,3,5,-5.361946105957031,0
5a721bbc55429971e9dc9279,bridge,5,6,-6.5302958488464355,0
5a721bbc55429971e9dc9279,bridge,9,7,-6.5679216384887695,0
5a721bbc55429971e9dc9279,bridge,6,8,-7.141223907470703,0
5a721bbc55429971e9dc9279,bridge,4,9,-7.786035060882568,0
5ab915ad55429919ba4e239c,bridge,7,0,4.346505165100098,0
5ab915ad55429919ba4e239c,bridge,0,1,3.9794068336486816,1
5ab915ad55429919ba4e239c,bridge,9,2,3.0974130630493164,0
5ab915ad55429919ba4e239c,bridge,6,3,3.077080488204956,0
5ab915ad55429919ba4e239c,bridge,1,4,2.616621732711792,0
5ab915ad55429919ba4e239c,bridge,2,5,1.9103423357009888,1
5ab915ad55429919ba4e239c,bridge,4,6,1.8182096481323242,0
5ab915ad55429919ba4e239c,bridge,5,7,0.4583529233932495,0
5ab915ad55429919ba4e239c,bridge,3,8,-2.1137242317199707,0
5ab915ad55429919ba4e239c,bridge,8,9,-2.830442190170288,0
5ab250b9554299722f9b4cd9,bridge,9,0,6.1126017570495605,1
5ab250b9554299722f9b4cd9,bridge,5,1,-3.886702299118042,0
5ab250b9554299722f9b4cd9,bridge,2,2,-4.592747688293457,0
5ab250b9554299722f9b4cd9,bridge,7,3,-5.050436496734619,0
5ab250b9554299722f9b4cd9,bridge,4,4,-5.053631782531738,1
5ab250b9554299722f9b4cd9,bridge,0,5,-5.681563377380371,0
5ab250b9554299722f9b4cd9,bridge,6,6,-6.432860374450684,0
5ab250b9554299722f9b4cd9,bridge,1,7,-6.601909160614014,0
5ab250b9554299722f9b4cd9,bridge,8,8,-6.993424415588379,0
5ab250b9554299722f9b4cd9,bridge,3,9,-8.279078483581543,0
5a886211554299206df2b24a,comparison,5,0,5.848926067352295,0
5a886211554299206df2b24a,comparison,9,1,5.300302028656006,1
5a886211554299206df2b24a,comparison,4,2,5.1421990394592285,0
5a886211554299206df2b24a,comparison,1,3,5.091249942779541,0
5a886211554299206df2b24a,comparison,6,4,4.710797309875488,0
5a886211554299206df2b24a,comparison,2,5,4.229301452636719,0
5a886211554299206df2b24a,comparison,8,6,2.0574142932891846,1
5a886211554299206df2b24a,comparison,7,7,1.9828485250473022,0
5a886211554299206df2b24a,comparison,0,8,1.2214345932006836,0
5a886211554299206df2b24a,comparison,3,9,-2.041600227355957,0
5a7633ad5542992db9473741,comparison,1,0,4.356173515319824,1
5a7633ad5542992db9473741,comparison,7,1,3.1672415733337402,1
5a7633ad5542992db9473741,comparison,2,2,2.4879305362701416,0
5a7633ad5542992db9473741,comparison,0,3,2.389312982559204,0
5a7633ad5542992db9473741,comparison,4,4,-0.5312778353691101,0
5a7633ad5542992db9473741,comparison,9,5,-0.785515546798706,0
5a7633ad5542992db9473741,comparison,8,6,-1.3455085754394531,0
5a7633ad5542992db9473741,comparison,6,7,-2.4195406436920166,0
5a7633ad5542992db9473741,comparison,3,8,-2.5193731784820557,0
5a7633ad5542992db9473741,comparison,5,9,-8.976970672607422,0
5ab34a76554299233954ff3f,bridge,2,0,5.381924152374268,1
5ab34a76554299233954ff3f,bridge,6,1,-1.3360052108764648,1
5ab34a76554299233954ff3f,bridge,7,2,-3.56860089302063,0
5ab34a76554299233954ff3f,bridge,9,3,-5.707255840301514,0
5ab34a76554299233954ff3f,bridge,8,4,-6.429701328277588,0
5ab34a76554299233954ff3f,bridge,1,5,-7.01062536239624,0
5ab34a76554299233954ff3f,bridge,3,6,-7.403214454650879,0
5ab34a76554299233954ff3f,bridge,4,7,-7.61736536026001,0
5ab34a76554299233954ff3f,bridge,5,8,-8.081330299377441,0
5ab34a76554299233954ff3f,bridge,0,9,-8.70206356048584,0
5ab204795542993be8fa98ad,bridge,8,0,7.471409797668457,1
5ab204795542993be8fa98ad,bridge,9,1,0.6080730557441711,0
5ab204795542993be8fa98ad,bridge,4,2,-0.6135327816009521,1
5ab204795542993be8fa98ad,bridge,3,3,-0.9913117289543152,0
5ab204795542993be8fa98ad,bridge,2,4,-1.8583528995513916,0
5ab204795542993be8fa98ad,bridge,0,5,-4.295711994171143,0
5ab204795542993be8fa98ad,bridge,5,6,-5.319560527801514,0
5ab204795542993be8fa98ad,bridge,7,7,-5.554333686828613,0
5ab204795542993be8fa98ad,bridge,1,8,-5.625118732452393,0
5ab204795542993be8fa98ad,bridge,6,9,-9.454378128051758,0
5a87f3cb5542994846c1ce03,bridge,8,0,0.9150117635726929,1
5a87f3cb5542994846c1ce03,bridge,4,1,-2.7569072246551514,0
5a87f3cb5542994846c1ce03,bridge,5,2,-2.968916416168213,0
5a87f3cb5542994846c1ce03,bridge,0,3,-4.3106865882873535,1
5a87f3cb5542994846c1ce03,bridge,2,4,-4.671791076660156,0
5a87f3cb5542994846c1ce03,bridge,1,5,-5.050337314605713,0
5a87f3cb5542994846c1ce03,bridge,9,6,-5.401732921600342,0
5a87f3cb5542994846c1ce03,bridge,7,7,-5.895036220550537,0
5a87f3cb5542994846c1ce03,bridge,6,8,-10.570005416870117,0
5a87f3cb5542994846c1ce03,bridge,3,9,-10.598431587219238,0
5abc805a554299658360045b,comparison,9,0,4.281055450439453,1
5abc805a554299658360045b,comparison,3,1,1.9847612380981445,1
5abc805a554299658360045b,comparison,8,2,1.0537327527999878,0
5abc805a554299658360045b,comparison,7,3,-5.590651988983154,0
5abc805a554299658360045b,comparison,0,4,-6.420467376708984,0
5abc805a554299658360045b,comparison,1,5,-6.53759765625,0
5abc805a554299658360045b,comparison,4,6,-6.683588027954102,0
5abc805a554299658360045b,comparison,5,7,-7.646724224090576,0
5abc805a554299658360045b,comparison,2,8,-8.735454559326172,0
5abc805a554299658360045b,comparison,6,9,-9.355145454406738,0
5a866c04554299211dda2b25,comparison,4,0,5.005648612976074,1
5a866c04554299211dda2b25,comparison,9,1,4.336672782897949,1
5a866c04554299211dda2b25,comparison,1,2,2.557872772216797,0
5a866c04554299211dda2b25,comparison,8,3,2.2412171363830566,0
5a866c04554299211dda2b25,comparison,3,4,1.5118467807769775,0
5a866c04554299211dda2b25,comparison,5,5,-3.8337602615356445,0
5a866c04554299211dda2b25,comparison,0,6,-6.822054862976074,0
5a866c04554299211dda2b25,comparison,6,7,-7.721775054931641,0
5a866c04554299211dda2b25,comparison,2,8,-9.574492454528809,0
5a866c04554299211dda2b25,comparison,7,9,-9.803299903869629,0
5ab42b8955429942dd415ea6,bridge,2,0,7.377108573913574,1
5ab42b8955429942dd415ea6,bridge,3,1,4.837615013122559,0
5ab42b8955429942dd415ea6,bridge,8,2,2.822206974029541,0
5ab42b8955429942dd415ea6,bridge,0,3,2.7751259803771973,1
5ab42b8955429942dd415ea6,bridge,9,4,2.4160044193267822,0
5ab42b8955429942dd415ea6,bridge,4,5,1.7019503116607666,0
5ab42b8955429942dd415ea6,bridge,1,6,1.4739551544189453,0
5ab42b8955429942dd415ea6,bridge,7,7,-0.2761630713939667,0
5ab42b8955429942dd415ea6,bridge,5,8,-1.7263691425323486,0
5ab42b8955429942dd415ea6,bridge,6,9,-3.3670601844787598,0
5ac4920d5542996feb3fe8d3,bridge,3,0,3.8858001232147217,1
5ac4920d5542996feb3fe8d3,bridge,5,1,2.639092445373535,1
5ac4920d5542996feb3fe8d3,bridge,4,2,1.6574950218200684,0
5ac4920d5542996feb3fe8d3,bridge,1,3,1.3476758003234863,0
5ac4920d5542996feb3fe8d3,bridge,0,4,-0.4898656904697418,0
5ac4920d5542996feb3fe8d3,bridge,2,5,-2.7503509521484375,0
5ac4920d5542996feb3fe8d3,bridge,8,6,-2.770244836807251,0
5ac4920d5542996feb3fe8d3,bridge,7,7,-3.2887721061706543,0
5ac4920d5542996feb3fe8d3,bridge,6,8,-4.065056800842285,0
5ac4920d5542996feb3fe8d3,bridge,9,9,-8.318727493286133,0
5a90991d5542990a9849366b,bridge,5,0,6.587921619415283,1
5a90991d5542990a9849366b,bridge,9,1,-3.953101873397827,0
5a90991d5542990a9849366b,bridge,0,2,-5.179147720336914,0
5a90991d5542990a9849366b,bridge,2,3,-5.655091285705566,0
5a90991d5542990a9849366b,bridge,8,4,-6.3262152671813965,0
5a90991d5542990a9849366b,bridge,6,5,-6.645229816436768,1
5a90991d5542990a9849366b,bridge,7,6,-7.294928073883057,0
5a90991d5542990a9849366b,bridge,1,7,-8.826024055480957,0
5a90991d5542990a9849366b,bridge,4,8,-8.879559516906738,0
5a90991d5542990a9849366b,bridge,3,9,-9.987735748291016,0
5a8ff83c55429916514e73f3,bridge,1,0,7.470541477203369,1
5a8ff83c55429916514e73f3,bridge,5,1,2.487124443054199,1
5a8ff83c55429916514e73f3,bridge,7,2,0.682968258857727,0
5a8ff83c55429916514e73f3,bridge,6,3,0.44230225682258606,0
5a8ff83c55429916514e73f3,bridge,8,4,-1.0123560428619385,0
5a8ff83c55429916514e73f3,bridge,3,5,-1.7927899360656738,0
5a8ff83c55429916514e73f3,bridge,9,6,-3.785875082015991,0
5a8ff83c55429916514e73f3,bridge,0,7,-6.4846038818359375,0
5a8ff83c55429916514e73f3,bridge,2,8,-6.593442916870117,0
5a8ff83c55429916514e73f3,bridge,4,9,-9.434003829956055,0
5ab8750255429934fafe6dd1,bridge,5,0,4.77117395401001,1
5ab8750255429934fafe6dd1,bridge,1,1,-4.403060436248779,0
5ab8750255429934fafe6dd1,bridge,9,2,-4.560530185699463,0
5ab8750255429934fafe6dd1,bridge,3,3,-4.744386196136475,0
5ab8750255429934fafe6dd1,bridge,2,4,-4.85864782333374,0
5ab8750255429934fafe6dd1,bridge,0,5,-6.359407901763916,1
5ab8750255429934fafe6dd1,bridge,7,6,-8.101049423217773,0
5ab8750255429934fafe6dd1,bridge,6,7,-9.417237281799316,0
5ab8750255429934fafe6dd1,bridge,4,8,-9.762982368469238,0
5ab8750255429934fafe6dd1,bridge,8,9,-9.781583786010742,0
5a8f03855542997ba9cb3186,bridge,6,0,4.285414218902588,1
5a8f03855542997ba9cb3186,bridge,1,1,1.1628689765930176,1
5a8f03855542997ba9cb3186,bridge,0,2,-5.2031707763671875,0
5a8f03855542997ba9cb3186,bridge,7,3,-5.827495574951172,0
5a8f03855542997ba9cb3186,bridge,9,4,-6.051591873168945,0
5a8f03855542997ba9cb3186,bridge,3,5,-6.185563087463379,0
5a8f03855542997ba9cb3186,bridge,8,6,-6.598478317260742,0
5a8f03855542997ba9cb3186,bridge,5,7,-6.63243293762207,0
5a8f03855542997ba9cb3186,bridge,4,8,-8.474136352539062,0
5a8f03855542997ba9cb3186,bridge,2,9,-9.906620025634766,0
5ab3fa095542992ade7c6f0a,bridge,9,0,6.6241374015808105,1
5ab3fa095542992ade7c6f0a,bridge,2,1,-1.7997812032699585,0
5ab3fa095542992ade7c6f0a,bridge,4,2,-4.387635231018066,0
5ab3fa095542992ade7c6f0a,bridge,5,3,-4.86344575881958,0
5ab3fa095542992ade7c6f0a,bridge,0,4,-4.919501304626465,0
5ab3fa095542992ade7c6f0a,bridge,8,5,-6.09398078918457,0
5ab3fa095542992ade7c6f0a,bridge,1,6,-6.6486406326293945,1
5ab3fa095542992ade7c6f0a,bridge,3,7,-7.1702046394348145,0
5ab3fa095542992ade7c6f0a,bridge,7,8,-8.330230712890625,0
5ab3fa095542992ade7c6f0a,bridge,6,9,-8.973196029663086,0
5aded04755429975fa854fa7,bridge,7,0,5.3798627853393555,0
5aded04755429975fa854fa7,bridge,5,1,5.243062496185303,1
5aded04755429975fa854fa7,bridge,8,2,2.32552433013916,1
5aded04755429975fa854fa7,bridge,6,3,1.7756669521331787,0
5aded04755429975fa854fa7,bridge,4,4,1.6582443714141846,0
5aded04755429975fa854fa7,bridge,2,5,0.9742767214775085,0
5aded04755429975fa854fa7,bridge,9,6,0.8588760495185852,0
5aded04755429975fa854fa7,bridge,0,7,0.5467368960380554,0
5aded04755429975fa854fa7,bridge,3,8,0.06709330528974533,0
5aded04755429975fa854fa7,bridge,1,9,-4.578817844390869,0
5a7292385542994cef4bc342,bridge,7,0,6.326608180999756,1
5a7292385542994cef4bc342,bridge,6,1,5.85991907119751,1
5a7292385542994cef4bc342,bridge,0,2,5.577349662780762,0
5a7292385542994cef4bc342,bridge,1,3,4.329092025756836,0
5a7292385542994cef4bc342,bridge,4,4,1.3193215131759644,0
5a7292385542994cef4bc342,bridge,5,5,0.4588453769683838,0
5a7292385542994cef4bc342,bridge,8,6,0.040874771773815155,0
5a7292385542994cef4bc342,bridge,2,7,-0.4914620518684387,0
5a7292385542994cef4bc342,bridge,3,8,-0.8614007830619812,0
5a7292385542994cef4bc342,bridge,9,9,-1.6583119630813599,0
5ae14b5c55429920d52343aa,bridge,2,0,7.5666279792785645,1
5ae14b5c55429920d52343aa,bridge,4,1,4.9328532218933105,1
5ae14b5c55429920d52343aa,bridge,5,2,1.4730814695358276,0
5ae14b5c55429920d52343aa,bridge,3,3,-1.4536019563674927,0
5ae14b5c55429920d52343aa,bridge,6,4,-3.6106021404266357,0
5ae14b5c55429920d52343aa,bridge,1,5,-3.956576108932495,0
5ae14b5c55429920d52343aa,bridge,7,6,-4.160637378692627,0
5ae14b5c55429920d52343aa,bridge,9,7,-4.465968608856201,0
5ae14b5c55429920d52343aa,bridge,8,8,-4.9244513511657715,0
5ae14b5c55429920d52343aa,bridge,0,9,-5.1211371421813965,0
5a74581555429979e2882912,bridge,3,0,4.779879093170166,1
5a74581555429979e2882912,bridge,6,1,3.9566519260406494,1
5a74581555429979e2882912,bridge,0,2,-1.2554965019226074,0
5a74581555429979e2882912,bridge,1,3,-1.3906819820404053,0
5a74581555429979e2882912,bridge,7,4,-3.987563371658325,0
5a74581555429979e2882912,bridge,4,5,-5.601835250854492,0
5a74581555429979e2882912,bridge,9,6,-5.723152160644531,0
5a74581555429979e2882912,bridge,5,7,-7.11737585067749,0
5a74581555429979e2882912,bridge,2,8,-8.236319541931152,0
5a74581555429979e2882912,bridge,8,9,-9.414163589477539,0
5ae4b5935542995ad6573e27,comparison,7,0,-0.006226599216461182,1
5ae4b5935542995ad6573e27,comparison,3,1,-2.7801504135131836,1
5ae4b5935542995ad6573e27,comparison,6,2,-3.0660598278045654,0
5ae4b5935542995ad6573e27,comparison,1,3,-3.9998676776885986,0
5ae4b5935542995ad6573e27,comparison,5,4,-5.522953987121582,0
5ae4b5935542995ad6573e27,comparison,8,5,-5.665102481842041,0
5ae4b5935542995ad6573e27,comparison,0,6,-6.293369293212891,0
5ae4b5935542995ad6573e27,comparison,2,7,-7.317375183105469,0
5ae4b5935542995ad6573e27,comparison,9,8,-7.788376331329346,0
5ae4b5935542995ad6573e27,comparison,4,9,-9.9403715133667,0
5ac4d717554299076e296e0e,bridge,1,0,2.8442912101745605,1
5ac4d717554299076e296e0e,bridge,5,1,-0.3466470539569855,0
5ac4d717554299076e296e0e,bridge,0,2,-1.1462149620056152,0
5ac4d717554299076e296e0e,bridge,8,3,-2.7235002517700195,1
5ac4d717554299076e296e0e,bridge,7,4,-3.6356892585754395,0
5ac4d717554299076e296e0e,bridge,6,5,-3.782261848449707,0
5ac4d717554299076e296e0e,bridge,2,6,-8.793926239013672,0
5ac4d717554299076e296e0e,bridge,3,7,-9.447452545166016,0
5ac4d717554299076e296e0e,bridge,4,8,-9.5211763381958,0
5ac4d717554299076e296e0e,bridge,9,9,-10.636603355407715,0
5abe436455429976d4830ac6,bridge,7,0,8.15071964263916,1
5abe436455429976d4830ac6,bridge,2,1,-2.2541708946228027,0
5abe436455429976d4830ac6,bridge,6,2,-2.322421073913574,0
5abe436455429976d4830ac6,bridge,3,3,-2.4454150199890137,0
5abe436455429976d4830ac6,bridge,0,4,-4.268185138702393,1
5abe436455429976d4830ac6,bridge,4,5,-4.311877250671387,0
5abe436455429976d4830ac6,bridge,9,6,-4.999075889587402,0
5abe436455429976d4830ac6,bridge,5,7,-8.202248573303223,0
5abe436455429976d4830ac6,bridge,1,8,-8.463987350463867,0
5abe436455429976d4830ac6,bridge,8,9,-9.467174530029297,0
5a7a954855429941d65f26cd,bridge,3,0,7.435706615447998,1
5a7a954855429941d65f26cd,bridge,1,1,6.3881306648254395,0
5a7a954855429941d65f26cd,bridge,6,2,5.834630012512207,0
5a7a954855429941d65f26cd,bridge,0,3,5.640191555023193,0
5a7a954855429941d65f26cd,bridge,4,4,5.53543758392334,0
5a7a954855429941d65f26cd,bridge,5,5,5.506610870361328,1
5a7a954855429941d65f26cd,bridge,9,6,5.135638236999512,0
5a7a954855429941d65f26cd,bridge,7,7,5.045078277587891,0
5a7a954855429941d65f26cd,bridge,8,8,4.70511531829834,0
5a7a954855429941d65f26cd,bridge,2,9,4.276401519775391,0
5a90b3c65542990a984936b7,bridge,6,0,1.6746824979782104,1
5a90b3c65542990a984936b7,bridge,7,1,0.1428615152835846,0
5a90b3c65542990a984936b7,bridge,0,2,-2.6984200477600098,0
5a90b3c65542990a984936b7,bridge,9,3,-4.161970138549805,0
5a90b3c65542990a984936b7,bridge,4,4,-5.695228099822998,0
5a90b3c65542990a984936b7,bridge,1,5,-6.125730514526367,0
5a90b3c65542990a984936b7,bridge,3,6,-6.9564008712768555,0
5a90b3c65542990a984936b7,bridge,2,7,-7.776144981384277,1
5a90b3c65542990a984936b7,bridge,5,8,-8.263704299926758,0
5a90b3c65542990a984936b7,bridge,8,9,-8.282063484191895,0
5abb7ff15542996cc5e4a015,bridge,3,0,5.165430068969727,1
5abb7ff15542996cc5e4a015,bridge,6,1,1.3514301776885986,0
5abb7ff15542996cc5e4a015,bridge,1,2,-2.3999407291412354,0
5abb7ff15542996cc5e4a015,bridge,0,3,-3.0185489654541016,0
5abb7ff15542996cc5e4a015,bridge,5,4,-3.491454601287842,0
5abb7ff15542996cc5e4a015,bridge,7,5,-5.801870346069336,0
5abb7ff15542996cc5e4a015,bridge,9,6,-5.826223373413086,0
5abb7ff15542996cc5e4a015,bridge,2,7,-6.491738319396973,1
5abb7ff15542996cc5e4a015,bridge,4,8,-6.705904960632324,0
5abb7ff15542996cc5e4a015,bridge,8,9,-7.958332538604736,0
5a84c4bb5542991dd0999dec,bridge,8,0,8.520415306091309,1
5a84c4bb5542991dd0999dec,bridge,4,1,-0.4210170805454254,0
5a84c4bb5542991dd0999dec,bridge,1,2,-3.0167150497436523,1
5a84c4bb5542991dd0999dec,bridge,6,3,-6.153350830078125,0
5a84c4bb5542991dd0999dec,bridge,7,4,-6.596893310546875,0
5a84c4bb5542991dd0999dec,bridge,9,5,-7.388304233551025,0
5a84c4bb5542991dd0999dec,bridge,2,6,-8.01675033569336,0
5a84c4bb5542991dd0999dec,bridge,3,7,-8.563395500183105,0
5a84c4bb5542991dd0999dec,bridge,5,8,-9.808591842651367,0
5a84c4bb5542991dd0999dec,bridge,0,9,-10.325940132141113,0
5ab48ec25542991779162cdc,bridge,3,0,4.854679107666016,1
5ab48ec25542991779162cdc,bridge,7,1,4.837807655334473,1
5ab48ec25542991779162cdc,bridge,5,2,2.557851552963257,0
5ab48ec25542991779162cdc,bridge,2,3,0.3598785400390625,0
5ab48ec25542991779162cdc,bridge,6,4,-2.566816806793213,0
5ab48ec25542991779162cdc,bridge,9,5,-3.4042470455169678,0
5ab48ec25542991779162cdc,bridge,8,6,-3.5907950401306152,0
5ab48ec25542991779162cdc,bridge,4,7,-3.6338751316070557,0
5ab48ec25542991779162cdc,bridge,1,8,-6.12214469909668,0
5ab48ec25542991779162cdc,bridge,0,9,-6.963950157165527,0
5ae35b035542992e3233c3ae,bridge,2,0,6.010573387145996,1
5ae35b035542992e3233c3ae,bridge,5,1,-4.748376369476318,0
5ae35b035542992e3233c3ae,bridge,8,2,-5.849167346954346,1
5ae35b035542992e3233c3ae,bridge,9,3,-5.853867053985596,0
5ae35b035542992e3233c3ae,bridge,7,4,-6.405110836029053,0
5ae35b035542992e3233c3ae,bridge,4,5,-6.904636859893799,0
5ae35b035542992e3233c3ae,bridge,6,6,-6.982423782348633,0
5ae35b035542992e3233c3ae,bridge,3,7,-7.580715179443359,0
5ae35b035542992e3233c3ae,bridge,0,8,-8.454754829406738,0
5ae35b035542992e3233c3ae,bridge,1,9,-8.675482749938965,0
5a7f010955429934daa2fc8b,comparison,0,0,1.0418379306793213,1
5a7f010955429934daa2fc8b,comparison,6,1,0.9590654373168945,1
5a7f010955429934daa2fc8b,comparison,1,2,-0.7231902480125427,0
5a7f010955429934daa2fc8b,comparison,2,3,-1.0768946409225464,0
5a7f010955429934daa2fc8b,comparison,8,4,-2.2638370990753174,0
5a7f010955429934daa2fc8b,comparison,4,5,-2.9980640411376953,0
5a7f010955429934daa2fc8b,comparison,9,6,-3.7054951190948486,0
5a7f010955429934daa2fc8b,comparison,7,7,-4.698256969451904,0
5a7f010955429934daa2fc8b,comparison,5,8,-5.085976600646973,0
5a7f010955429934daa2fc8b,comparison,3,9,-5.835127353668213,0
5a8ce9ed554299585d9e3764,bridge,5,0,7.493833065032959,1
5a8ce9ed554299585d9e3764,bridge,4,1,5.070494651794434,0
5a8ce9ed554299585d9e3764,bridge,6,2,4.8561835289001465,1
5a8ce9ed554299585d9e3764,bridge,1,3,3.663985013961792,0
5a8ce9ed554299585d9e3764,bridge,7,4,3.3064470291137695,0
5a8ce9ed554299585d9e3764,bridge,2,5,3.2548575401306152,0
5a8ce9ed554299585d9e3764,bridge,9,6,3.069375514984131,0
5a8ce9ed554299585d9e3764,bridge,8,7,0.4860164523124695,0
5a8ce9ed554299585d9e3764,bridge,3,8,-2.577348470687866,0
5a8ce9ed554299585d9e3764,bridge,0,9,-7.1080827713012695,0
5ac285335542996773102552,bridge,9,0,7.925622940063477,1
5ac285335542996773102552,bridge,5,1,0.5836940407752991,0
5ac285335542996773102552,bridge,6,2,-3.6103556156158447,0
5ac285335542996773102552,bridge,2,3,-4.283292770385742,1
5ac285335542996773102552,bridge,4,4,-4.69620418548584,0
5ac285335542996773102552,bridge,3,5,-5.029590129852295,0
5ac285335542996773102552,bridge,8,6,-5.354802131652832,0
5ac285335542996773102552,bridge,1,7,-5.768301010131836,0
5ac285335542996773102552,bridge,7,8,-6.191491603851318,0
5ac285335542996773102552,bridge,0,9,-6.651589393615723,0
5adbcc085542996e6852523c,bridge,5,0,0.37631699442863464,1
5adbcc085542996e6852523c,bridge,9,1,-5.703045845031738,1
5adbcc085542996e6852523c,bridge,8,2,-6.4135050773620605,0
5adbcc085542996e6852523c,bridge,3,3,-8.915751457214355,0
5adbcc085542996e6852523c,bridge,4,4,-9.815120697021484,0
5adbcc085542996e6852523c,bridge,0,5,-10.396952629089355,0
5adbcc085542996e6852523c,bridge,2,6,-10.849002838134766,0
5adbcc085542996e6852523c,bridge,7,7,-10.908349990844727,0
5adbcc085542996e6852523c,bridge,1,8,-10.947035789489746,0
5adbcc085542996e6852523c,bridge,6,9,-11.033079147338867,0
5a8c2adc554299240d9c20a9,bridge,3,0,-0.308546245098114,1
5a8c2adc554299240d9c20a9,bridge,8,1,-0.7059605121612549,1
5a8c2adc554299240d9c20a9,bridge,4,2,-3.453265905380249,0
5a8c2adc554299240d9c20a9,bridge,1,3,-3.5551204681396484,0
5a8c2adc554299240d9c20a9,bridge,9,4,-4.1055216789245605,0
5a8c2adc554299240d9c20a9,bridge,6,5,-4.897427558898926,0
5a8c2adc554299240d9c20a9,bridge,7,6,-5.090443134307861,0
5a8c2adc554299240d9c20a9,bridge,5,7,-5.715914249420166,0
5a8c2adc554299240d9c20a9,bridge,0,8,-6.208146572113037,0
5a8c2adc554299240d9c20a9,bridge,2,9,-6.21257209777832,0
5ae731c4554299572ea54781,bridge,4,0,9.328046798706055,1
5ae731c4554299572ea54781,bridge,3,1,6.082086563110352,0
5ae731c4554299572ea54781,bridge,5,2,5.832253932952881,0
5ae731c4554299572ea54781,bridge,2,3,4.782557964324951,0
5ae731c4554299572ea54781,bridge,8,4,3.417081356048584,0
5ae731c4554299572ea54781,bridge,1,5,3.3220925331115723,0
5ae731c4554299572ea54781,bridge,9,6,3.3196070194244385,0
5ae731c4554299572ea54781,bridge,0,7,2.791835308074951,0
5ae731c4554299572ea54781,bridge,7,8,0.87009197473526,0
5ae731c4554299572ea54781,bridge,6,9,-1.3542580604553223,1
5a77152355429966f1a36c2e,bridge,8,0,6.41765832901001,1
5a77152355429966f1a36c2e,bridge,1,1,4.436805248260498,0
5a77152355429966f1a36c2e,bridge,5,2,2.6810901165008545,0
5a77152355429966f1a36c2e,bridge,0,3,2.648465156555176,0
5a77152355429966f1a36c2e,bridge,7,4,2.306118965148926,0
5a77152355429966f1a36c2e,bridge,4,5,1.824341893196106,0
5a77152355429966f1a36c2e,bridge,9,6,1.7756173610687256,1
5a77152355429966f1a36c2e,bridge,3,7,1.57991623878479,0
5a77152355429966f1a36c2e,bridge,2,8,1.5683670043945312,0
5a77152355429966f1a36c2e,bridge,6,9,1.5591862201690674,0
5ae71d2d554299572ea546f7,bridge,9,0,5.559606552124023,1
5ae71d2d554299572ea546f7,bridge,6,1,0.412717342376709,1
5ae71d2d554299572ea546f7,bridge,1,2,-4.240212440490723,0
5ae71d2d554299572ea546f7,bridge,8,3,-5.161746025085449,0
5ae71d2d554299572ea546f7,bridge,2,4,-6.563148498535156,0
5ae71d2d554299572ea546f7,bridge,7,5,-6.816738605499268,0
5ae71d2d554299572ea546f7,bridge,5,6,-7.056344032287598,0
5ae71d2d554299572ea546f7,bridge,3,7,-7.455349922180176,0
5ae71d2d554299572ea546f7,bridge,4,8,-7.600038528442383,0
5ae71d2d554299572ea546f7,bridge,0,9,-8.044921875,0
5a7b1d3b5542992d025e677a,bridge,2,0,7.666676998138428,1
5a7b1d3b5542992d025e677a,bridge,9,1,5.915313243865967,0
5a7b1d3b5542992d025e677a,bridge,7,2,2.4326632022857666,0
5a7b1d3b5542992d025e677a,bridge,5,3,1.9175976514816284,0
5a7b1d3b5542992d025e677a,bridge,4,4,1.4665555953979492,0
5a7b1d3b5542992d025e677a,bridge,0,5,-0.5486342906951904,0
5a7b1d3b5542992d025e677a,bridge,8,6,-5.118085861206055,0
5a7b1d3b5542992d025e677a,bridge,1,7,-5.5126776695251465,1
5a7b1d3b5542992d025e677a,bridge,6,8,-6.0855913162231445,0
5a7b1d3b5542992d025e677a,bridge,3,9,-7.267259120941162,0
5abaf3195542996cc5e49f2c,bridge,6,0,4.073683738708496,0
5abaf3195542996cc5e49f2c,bridge,4,1,2.613586664199829,1
5abaf3195542996cc5e49f2c,bridge,7,2,2.393178701400757,0
5abaf3195542996cc5e49f2c,bridge,2,3,1.6448335647583008,0
5abaf3195542996cc5e49f2c,bridge,0,4,-0.6407172083854675,0
5abaf3195542996cc5e49f2c,bridge,8,5,-1.411069631576538,0
5abaf3195542996cc5e49f2c,bridge,1,6,-1.5344774723052979,0
5abaf3195542996cc5e49f2c,bridge,3,7,-5.249290943145752,0
5abaf3195542996cc5e49f2c,bridge,9,8,-6.756635665893555,1
5abaf3195542996cc5e49f2c,bridge,5,9,-8.774545669555664,0
5ac2768d5542990b17b153a8,bridge,2,0,8.008496284484863,1
5ac2768d5542990b17b153a8,bridge,4,1,-2.6114118099212646,0
5ac2768d5542990b17b153a8,bridge,0,2,-2.764388084411621,0
5ac2768d5542990b17b153a8,bridge,9,3,-2.8922359943389893,0
5ac2768d5542990b17b153a8,bridge,8,4,-5.47055196762085,1
5ac2768d5542990b17b153a8,bridge,7,5,-5.5579729080200195,0
5ac2768d5542990b17b153a8,bridge,1,6,-5.603832244873047,0
5ac2768d5542990b17b153a8,bridge,6,7,-6.559266567230225,0
5ac2768d5542990b17b153a8,bridge,3,8,-7.567169666290283,0
5ac2768d5542990b17b153a8,bridge,5,9,-9.079935073852539,0
5ac2ad5355429921a00ab02c,bridge,2,0,7.501345634460449,1
5ac2ad5355429921a00ab02c,bridge,0,1,4.964604377746582,0
5ac2ad5355429921a00ab02c,bridge,9,2,4.875040531158447,1
5ac2ad5355429921a00ab02c,bridge,1,3,0.4648822844028473,0
5ac2ad5355429921a00ab02c,bridge,5,4,-1.135544776916504,0
5ac2ad5355429921a00ab02c,bridge,3,5,-1.626025676727295,0
5ac2ad5355429921a00ab02c,bridge,7,6,-1.6503987312316895,0
5ac2ad5355429921a00ab02c,bridge,4,7,-3.3134052753448486,0
5ac2ad5355429921a00ab02c,bridge,6,8,-4.005080223083496,0
5ac2ad5355429921a00ab02c,bridge,8,9,-4.801858901977539,0
5ab201765542993be8fa98a4,bridge,0,0,8.408653259277344,1
5ab201765542993be8fa98a4,bridge,9,1,2.098872661590576,0
5ab201765542993be8fa98a4,bridge,1,2,0.5119991898536682,0
5ab201765542993be8fa98a4,bridge,8,3,-0.7866781949996948,0
5ab201765542993be8fa98a4,bridge,7,4,-1.8843884468078613,0
5ab201765542993be8fa98a4,bridge,3,5,-2.2405922412872314,0
5ab201765542993be8fa98a4,bridge,5,6,-2.524728536605835,0
5ab201765542993be8fa98a4,bridge,2,7,-6.991135120391846,0
5ab201765542993be8fa98a4,bridge,6,8,-7.453599452972412,1
5ab201765542993be8fa98a4,bridge,4,9,-7.868159294128418,0
5adf9d135542995534e8c817,comparison,9,0,5.282390117645264,1
5adf9d135542995534e8c817,comparison,2,1,3.4915716648101807,0
5adf9d135542995534e8c817,comparison,0,2,1.9150593280792236,1
5adf9d135542995534e8c817,comparison,3,3,-1.0211700201034546,0
5adf9d135542995534e8c817,comparison,1,4,-5.93572473526001,0
5adf9d135542995534e8c817,comparison,8,5,-6.716597557067871,0
5adf9d135542995534e8c817,comparison,6,6,-6.787227630615234,0
5adf9d135542995534e8c817,comparison,4,7,-7.42688512802124,0
5adf9d135542995534e8c817,comparison,5,8,-7.502351760864258,0
5adf9d135542995534e8c817,comparison,7,9,-7.569511890411377,0
5ac3e5de554299204fd21ebc,bridge,7,0,6.823527812957764,1
5ac3e5de554299204fd21ebc,bridge,8,1,1.7653460502624512,1
5ac3e5de554299204fd21ebc,bridge,0,2,0.3771074712276459,0
5ac3e5de554299204fd21ebc,bridge,4,3,-2.6706128120422363,0
5ac3e5de554299204fd21ebc,bridge,2,4,-4.9943437576293945,0
5ac3e5de554299204fd21ebc,bridge,1,5,-5.400524139404297,0
5ac3e5de554299204fd21ebc,bridge,9,6,-6.998261451721191,0
5ac3e5de554299204fd21ebc,bridge,6,7,-8.17469310760498,0
5ac3e5de554299204fd21ebc,bridge,5,8,-8.524373054504395,0
5ac3e5de554299204fd21ebc,bridge,3,9,-10.498714447021484,0
5adf67e95542993344016c72,bridge,0,0,7.107499599456787,1
5adf67e95542993344016c72,bridge,6,1,6.434353828430176,1
5adf67e95542993344016c72,bridge,5,2,5.019806385040283,0
5adf67e95542993344016c72,bridge,8,3,4.338724613189697,0
5adf67e95542993344016c72,bridge,7,4,2.4242453575134277,0
5adf67e95542993344016c72,bridge,1,5,1.8525097370147705,0
5adf67e95542993344016c72,bridge,4,6,1.671682596206665,0
5adf67e95542993344016c72,bridge,2,7,0.6441419124603271,0
5adf67e95542993344016c72,bridge,3,8,0.5129727125167847,0
5adf67e95542993344016c72,bridge,9,9,-4.381056785583496,0
5ade982f554299728e26c753,bridge,6,0,6.54525899887085,1
5ade982f554299728e26c753,bridge,0,1,-0.7134156823158264,0
5ade982f554299728e26c753,bridge,3,2,-2.7296361923217773,0
5ade982f554299728e26c753,bridge,4,3,-2.8901968002319336,1
5ade982f554299728e26c753,bridge,1,4,-3.134986400604248,0
5ade982f554299728e26c753,bridge,9,5,-3.318746566772461,0
5ade982f554299728e26c753,bridge,7,6,-4.229976177215576,0
5ade982f554299728e26c753,bridge,8,7,-4.27379035949707,0
5ade982f554299728e26c753,bridge,2,8,-4.521055221557617,0
5ade982f554299728e26c753,bridge,5,9,-6.218212127685547,0
5ab96ab755429970cfb8eacd,bridge,3,0,6.43621301651001,1
5ab96ab755429970cfb8eacd,bridge,7,1,5.798182487487793,1
5ab96ab755429970cfb8eacd,bridge,8,2,5.302255153656006,0
5ab96ab755429970cfb8eacd,bridge,0,3,4.9473161697387695,0
5ab96ab755429970cfb8eacd,bridge,5,4,4.8657708168029785,0
5ab96ab755429970cfb8eacd,bridge,4,5,4.726260185241699,0
5ab96ab755429970cfb8eacd,bridge,9,6,4.445132732391357,0
5ab96ab755429970cfb8eacd,bridge,1,7,4.294768810272217,0
5ab96ab755429970cfb8eacd,bridge,2,8,2.909926414489746,0
5ab96ab755429970cfb8eacd,bridge,6,9,1.3222461938858032,0
5adc99d95542994ed6169baa,bridge,6,0,9.021378517150879,1
5adc99d95542994ed6169baa,bridge,1,1,6.177624225616455,0
5adc99d95542994ed6169baa,bridge,8,2,2.2114593982696533,1
5adc99d95542994ed6169baa,bridge,7,3,0.9120771288871765,0
5adc99d95542994ed6169baa,bridge,9,4,0.11938042938709259,0
5adc99d95542994ed6169baa,bridge,4,5,0.011438211426138878,0
5adc99d95542994ed6169baa,bridge,0,6,-0.7252855896949768,0
5adc99d95542994ed6169baa,bridge,3,7,-6.692148208618164,0
5adc99d95542994ed6169baa,bridge,2,8,-7.514526844024658,0
5adc99d95542994ed6169baa,bridge,5,9,-7.729006290435791,0
5a8534305542997b5ce3ffc4,comparison,9,0,5.484022617340088,1
5a8534305542997b5ce3ffc4,comparison,0,1,3.0726075172424316,1
5a8534305542997b5ce3ffc4,comparison,4,2,-1.180586576461792,0
5a8534305542997b5ce3ffc4,comparison,3,3,-2.681370258331299,0
5a8534305542997b5ce3ffc4,comparison,1,4,-2.68450927734375,0
5a8534305542997b5ce3ffc4,comparison,7,5,-2.8792104721069336,0
5a8534305542997b5ce3ffc4,comparison,8,6,-3.14739727973938,0
5a8534305542997b5ce3ffc4,comparison,5,7,-3.7104201316833496,0
5a8534305542997b5ce3ffc4,comparison,6,8,-6.3449273109436035,0
5a8534305542997b5ce3ffc4,comparison,2,9,-6.5297746658325195,0
5abdc8e755429965af743e3f,bridge,0,0,9.071646690368652,1
5abdc8e755429965af743e3f,bridge,3,1,-2.5945611000061035,1
5abdc8e755429965af743e3f,bridge,2,2,-3.1112942695617676,0
5abdc8e755429965af743e3f,bridge,5,3,-5.767358779907227,0
5abdc8e755429965af743e3f,bridge,8,4,-6.68114709854126,0
5abdc8e755429965af743e3f,bridge,1,5,-7.078799247741699,0
5abdc8e755429965af743e3f,bridge,6,6,-7.08315372467041,0
5abdc8e755429965af743e3f,bridge,4,7,-7.396720886230469,0
5abdc8e755429965af743e3f,bridge,9,8,-8.272655487060547,0
5abdc8e755429965af743e3f,bridge,7,9,-8.504791259765625,0
5ac3e01d5542997ea680c969,bridge,8,0,5.0338616371154785,1
5ac3e01d5542997ea680c969,bridge,2,1,-0.15986616909503937,0
5ac3e01d5542997ea680c969,bridge,3,2,-0.2608015835285187,0
5ac3e01d5542997ea680c969,bridge,7,3,-0.6231484413146973,0
5ac3e01d5542997ea680c969,bridge,9,4,-1.7773213386535645,0
5ac3e01d5542997ea680c969,bridge,0,5,-2.5974597930908203,0
5ac3e01d5542997ea680c969,bridge,5,6,-3.3447680473327637,0
5ac3e01d5542997ea680c969,bridge,1,7,-5.55188512802124,0
5ac3e01d5542997ea680c969,bridge,4,8,-6.137024402618408,0
5ac3e01d5542997ea680c969,bridge,6,9,-9.336409568786621,1
5a747a9a55429929fddd8444,comparison,7,0,5.676788330078125,1
5a747a9a55429929fddd8444,comparison,0,1,4.703583240509033,1
5a747a9a55429929fddd8444,comparison,4,2,3.2590556144714355,0
5a747a9a55429929fddd8444,comparison,1,3,3.1052448749542236,0
5a747a9a55429929fddd8444,comparison,6,4,0.5160377621650696,0
5a747a9a55429929fddd8444,comparison,3,5,0.4131571352481842,0
5a747a9a55429929fddd8444,comparison,8,6,0.31136995553970337,0
5a747a9a55429929fddd8444,comparison,5,7,0.2191118746995926,0
5a747a9a55429929fddd8444,comparison,2,8,-2.541485548019409,0
5a747a9a55429929fddd8444,comparison,9,9,-9.74381160736084,0
5addc2b75542997dc7907017,bridge,3,0,5.154896259307861,1
5addc2b75542997dc7907017,bridge,9,1,4.423103332519531,1
5addc2b75542997dc7907017,bridge,6,2,1.597056269645691,0
5addc2b75542997dc7907017,bridge,0,3,1.0294713973999023,0
5addc2b75542997dc7907017,bridge,5,4,-0.4815804958343506,0
5addc2b75542997dc7907017,bridge,8,5,-0.4931228458881378,0
5addc2b75542997dc7907017,bridge,4,6,-1.0928351879119873,0
5addc2b75542997dc7907017,bridge,7,7,-1.6271607875823975,0
5addc2b75542997dc7907017,bridge,2,8,-1.7327263355255127,0
5addc2b75542997dc7907017,bridge,1,9,-2.4053707122802734,0
5a7b4073554299042af8f733,bridge,6,0,1.2939614057540894,1
5a7b4073554299042af8f733,bridge,0,1,-1.240403652191162,1
5a7b4073554299042af8f733,bridge,2,2,-3.1803808212280273,0
5a7b4073554299042af8f733,bridge,9,3,-4.482249736785889,0
5a7b4073554299042af8f733,bridge,8,4,-4.498508930206299,0
5a7b4073554299042af8f733,bridge,4,5,-4.564785480499268,0
5a7b4073554299042af8f733,bridge,1,6,-4.8878326416015625,0
5a7b4073554299042af8f733,bridge,5,7,-4.9239912033081055,0
5a7b4073554299042af8f733,bridge,3,8,-5.538487434387207,0
5a7b4073554299042af8f733,bridge,7,9,-5.558899879455566,0
5abdf72055429976d4830a37,bridge,4,0,6.146045684814453,1
5abdf72055429976d4830a37,bridge,0,1,1.1903440952301025,0
5abdf72055429976d4830a37,bridge,8,2,1.0642563104629517,1
5abdf72055429976d4830a37,bridge,9,3,-1.3927953243255615,0
5abdf72055429976d4830a37,bridge,5,4,-1.6255828142166138,0
5abdf72055429976d4830a37,bridge,7,5,-3.929753065109253,0
5abdf72055429976d4830a37,bridge,1,6,-4.392221927642822,0
5abdf72055429976d4830a37,bridge,2,7,-5.380089282989502,0
5abdf72055429976d4830a37,bridge,3,8,-6.519686222076416,0
5abdf72055429976d4830a37,bridge,6,9,-8.622822761535645,0
5a778a165542995d831811a9,comparison,8,0,4.335999965667725,1
5a778a165542995d831811a9,comparison,7,1,3.754981756210327,0
5a778a165542995d831811a9,comparison,5,2,3.188404083251953,0
5a778a165542995d831811a9,comparison,6,3,2.26396107673645,1
5a778a165542995d831811a9,comparison,3,4,2.0635182857513428,0
5a778a165542995d831811a9,comparison,1,5,-2.6789183616638184,0
5a778a165542995d831811a9,comparison,0,6,-3.250732421875,0
5a778a165542995d831811a9,comparison,2,7,-3.9513752460479736,0
5a778a165542995d831811a9,comparison,9,8,-4.187142372131348,0
5a778a165542995d831811a9,comparison,4,9,-5.903010845184326,0
5abde4595542991f66106095,bridge,6,0,1.4161921739578247,0
5abde4595542991f66106095,bridge,3,1,0.9830464124679565,1
5abde4595542991f66106095,bridge,8,2,0.9299095273017883,0
5abde4595542991f66106095,bridge,7,3,-0.1450604796409607,0
5abde4595542991f66106095,bridge,5,4,-0.6559556126594543,0
5abde4595542991f66106095,bridge,1,5,-1.6614406108856201,1
5abde4595542991f66106095,bridge,9,6,-3.2353811264038086,0
5abde4595542991f66106095,bridge,2,7,-6.63845157623291,0
5abde4595542991f66106095,bridge,4,8,-7.269135475158691,0
5abde4595542991f66106095,bridge,0,9,-9.78925895690918,0
5ae74818554299572ea547ad,bridge,3,0,6.483241081237793,1
5ae74818554299572ea547ad,bridge,1,1,4.617029190063477,1
5ae74818554299572ea547ad,bridge,7,2,2.4137094020843506,0
5ae74818554299572ea547ad,bridge,4,3,2.247519016265869,0
5ae74818554299572ea547ad,bridge,8,4,1.2336573600769043,0
5ae74818554299572ea547ad,bridge,0,5,-0.4768403172492981,0
5ae74818554299572ea547ad,bridge,6,6,-2.294848680496216,0
5ae74818554299572ea547ad,bridge,2,7,-4.145457744598389,0
5ae74818554299572ea547ad,bridge,9,8,-5.364987373352051,0
5ae74818554299572ea547ad,bridge,5,9,-5.945186614990234,0
5adfa22655429942ec259ac4,bridge,0,0,3.8579671382904053,1
5adfa22655429942ec259ac4,bridge,1,1,-4.257035255432129,1
5adfa22655429942ec259ac4,bridge,7,2,-6.651251792907715,0
5adfa22655429942ec259ac4,bridge,2,3,-7.986412048339844,0
5adfa22655429942ec259ac4,bridge,4,4,-8.360322952270508,0
5adfa22655429942ec259ac4,bridge,9,5,-9.264817237854004,0
5adfa22655429942ec259ac4,bridge,5,6,-9.799508094787598,0
5adfa22655429942ec259ac4,bridge,6,7,-10.034690856933594,0
5adfa22655429942ec259ac4,bridge,8,8,-10.667459487915039,0
5adfa22655429942ec259ac4,bridge,3,9,-11.000394821166992,0
5a7228f655429971e9dc9312,bridge,7,0,7.297308444976807,1
5a7228f655429971e9dc9312,bridge,2,1,3.3115992546081543,0
5a7228f655429971e9dc9312,bridge,0,2,3.2802634239196777,0
5a7228f655429971e9dc9312,bridge,8,3,0.2226019948720932,1
5a7228f655429971e9dc9312,bridge,6,4,-0.020651154220104218,0
5a7228f655429971e9dc9312,bridge,4,5,-0.4889638423919678,0
5a7228f655429971e9dc9312,bridge,5,6,-2.4343302249908447,0
5a7228f655429971e9dc9312,bridge,9,7,-3.1474223136901855,0
5a7228f655429971e9dc9312,bridge,1,8,-3.711534023284912,0
5a7228f655429971e9dc9312,bridge,3,9,-3.7383220195770264,0
5ab430f655429942dd415eca,bridge,5,0,7.82138204574585,1
5ab430f655429942dd415eca,bridge,4,1,-1.6358178853988647,0
5ab430f655429942dd415eca,bridge,8,2,-2.3522799015045166,0
5ab430f655429942dd415eca,bridge,9,3,-2.3803672790527344,0
5ab430f655429942dd415eca,bridge,6,4,-2.506387948989868,0
5ab430f655429942dd415eca,bridge,0,5,-3.4192733764648438,0
5ab430f655429942dd415eca,bridge,7,6,-4.0522074699401855,0
5ab430f655429942dd415eca,bridge,1,7,-5.460364818572998,1
5ab430f655429942dd415eca,bridge,3,8,-7.041712760925293,0
5ab430f655429942dd415eca,bridge,2,9,-8.201681137084961,0
5a75436155429974ef308cbc,bridge,6,0,6.861217975616455,1
5a75436155429974ef308cbc,bridge,0,1,0.5010281801223755,0
5a75436155429974ef308cbc,bridge,3,2,0.40280094742774963,1
5a75436155429974ef308cbc,bridge,7,3,-0.22642552852630615,0
5a75436155429974ef308cbc,bridge,9,4,-2.0365774631500244,0
5a75436155429974ef308cbc,bridge,8,5,-2.14504075050354,0
5a75436155429974ef308cbc,bridge,2,6,-4.869626998901367,0
5a75436155429974ef308cbc,bridge,4,7,-5.459690093994141,0
5a75436155429974ef308cbc,bridge,5,8,-7.099740028381348,0
5a75436155429974ef308cbc,bridge,1,9,-7.608116626739502,0
5a86141f5542996432c571a5,bridge,0,0,6.12907600402832,1
5a86141f5542996432c571a5,bridge,5,1,4.34798526763916,1
5a86141f5542996432c571a5,bridge,4,2,-0.21151532232761383,0
5a86141f5542996432c571a5,bridge,6,3,-0.24099089205265045,0
5a86141f5542996432c571a5,bridge,1,4,-0.2774491608142853,0
5a86141f5542996432c571a5,bridge,8,5,-0.4065537750720978,0
5a86141f5542996432c571a5,bridge,9,6,-0.46079185605049133,0
5a86141f5542996432c571a5,bridge,7,7,-0.5426508188247681,0
5a86141f5542996432c571a5,bridge,3,8,-1.898776888847351,0
5a86141f5542996432c571a5,bridge,2,9,-2.060472011566162,0
5a734e6d5542994cef4bc528,comparison,1,0,6.503046035766602,1
5a734e6d5542994cef4bc528,comparison,2,1,3.8810369968414307,1
5a734e6d5542994cef4bc528,comparison,7,2,1.8367867469787598,0
5a734e6d5542994cef4bc528,comparison,4,3,-1.1042933464050293,0
5a734e6d5542994cef4bc528,comparison,0,4,-2.669437885284424,0
5a734e6d5542994cef4bc528,comparison,9,5,-3.7139387130737305,0
5a734e6d5542994cef4bc528,comparison,3,6,-4.288973808288574,0
5a734e6d5542994cef4bc528,comparison,6,7,-5.407846450805664,0
5a734e6d5542994cef4bc528,comparison,8,8,-5.751461029052734,0
5a734e6d5542994cef4bc528,comparison,5,9,-6.687399864196777,0
5ac3dc9e5542997ea680c950,bridge,3,0,6.041899681091309,1
5ac3dc9e5542997ea680c950,bridge,9,1,-0.5861166715621948,0
5ac3dc9e5542997ea680c950,bridge,8,2,-1.5042983293533325,0
5ac3dc9e5542997ea680c950,bridge,2,3,-2.866551399230957,0
5ac3dc9e5542997ea680c950,bridge,7,4,-2.923489809036255,0
5ac3dc9e5542997ea680c950,bridge,6,5,-3.9438223838806152,0
5ac3dc9e5542997ea680c950,bridge,4,6,-4.295372486114502,0
5ac3dc9e5542997ea680c950,bridge,5,7,-4.414675235748291,0
5ac3dc9e5542997ea680c950,bridge,1,8,-5.0082526206970215,0
5ac3dc9e5542997ea680c950,bridge,0,9,-5.036255359649658,1
5adf8c375542995534e8c7dd,bridge,7,0,6.188713073730469,1
5adf8c375542995534e8c7dd,bridge,1,1,1.019413948059082,0
5adf8c375542995534e8c7dd,bridge,9,2,0.8886443972587585,0
5adf8c375542995534e8c7dd,bridge,6,3,0.4329802691936493,0
5adf8c375542995534e8c7dd,bridge,3,4,-0.16752994060516357,0
5adf8c375542995534e8c7dd,bridge,2,5,-0.5949633121490479,0
5adf8c375542995534e8c7dd,bridge,5,6,-1.5213358402252197,1
5adf8c375542995534e8c7dd,bridge,4,7,-3.331040859222412,0
5adf8c375542995534e8c7dd,bridge,0,8,-4.860218524932861,0
5adf8c375542995534e8c7dd,bridge,8,9,-5.013492584228516,0
5adfb698554299603e418385,bridge,9,0,7.7852020263671875,1
5adfb698554299603e418385,bridge,7,1,2.0150928497314453,0
5adfb698554299603e418385,bridge,6,2,0.5486688613891602,0
5adfb698554299603e418385,bridge,4,3,0.548203706741333,0
5adfb698554299603e418385,bridge,1,4,-0.8470959067344666,0
5adfb698554299603e418385,bridge,8,5,-1.0462373495101929,0
5adfb698554299603e418385,bridge,5,6,-1.1534929275512695,0
5adfb698554299603e418385,bridge,3,7,-1.4102436304092407,0
5adfb698554299603e418385,bridge,0,8,-1.9412884712219238,0
5adfb698554299603e418385,bridge,2,9,-4.145906448364258,1
5ae5faf555429929b0807a4c,bridge,4,0,6.446547508239746,1
5ae5faf555429929b0807a4c,bridge,8,1,2.7620432376861572,0
5ae5faf555429929b0807a4c,bridge,5,2,1.9853174686431885,1
5ae5faf555429929b0807a4c,bridge,0,3,1.828984260559082,0
5ae5faf555429929b0807a4c,bridge,2,4,0.42051392793655396,0
5ae5faf555429929b0807a4c,bridge,6,5,-3.50937557220459,0
5ae5faf555429929b0807a4c,bridge,7,6,-7.326502799987793,0
5ae5faf555429929b0807a4c,bridge,3,7,-7.537678241729736,0
5ae5faf555429929b0807a4c,bridge,9,8,-7.916446685791016,0
5ae5faf555429929b0807a4c,bridge,1,9,-10.179163932800293,0
5a84c66a5542994c784dda45,bridge,1,0,5.256078243255615,1
5a84c66a5542994c784dda45,bridge,8,1,-0.10871907323598862,1
5a84c66a5542994c784dda45,bridge,2,2,-1.440638542175293,0
5a84c66a5542994c784dda45,bridge,6,3,-1.9691416025161743,0
5a84c66a5542994c784dda45,bridge,3,4,-2.402946949005127,0
5a84c66a5542994c784dda45,bridge,7,5,-5.129909515380859,0
5a84c66a5542994c784dda45,bridge,4,6,-8.531961441040039,0
5a84c66a5542994c784dda45,bridge,0,7,-9.352742195129395,0
5a84c66a5542994c784dda45,bridge,5,8,-10.919258117675781,0
5a84c66a5542994c784dda45,bridge,9,9,-10.92431354522705,0
5ab85a1155429934fafe6d7c,comparison,5,0,2.8379085063934326,1
5ab85a1155429934fafe6d7c,comparison,1,1,1.9565024375915527,1
5ab85a1155429934fafe6d7c,comparison,8,2,0.8061426877975464,0
5ab85a1155429934fafe6d7c,comparison,0,3,-3.5944714546203613,0
5ab85a1155429934fafe6d7c,comparison,9,4,-5.103867053985596,0
5ab85a1155429934fafe6d7c,comparison,4,5,-5.194849014282227,0
5ab85a1155429934fafe6d7c,comparison,7,6,-7.180464744567871,0
5ab85a1155429934fafe6d7c,comparison,2,7,-7.255590438842773,0
5ab85a1155429934fafe6d7c,comparison,6,8,-7.480618000030518,0
5ab85a1155429934fafe6d7c,comparison,3,9,-9.082176208496094,0
5ae2e8e05542991a06ce98fb,bridge,6,0,3.5665063858032227,1
5ae2e8e05542991a06ce98fb,bridge,0,1,1.8937134742736816,0
5ae2e8e05542991a06ce98fb,bridge,2,2,1.8862701654434204,1
5ae2e8e05542991a06ce98fb,bridge,3,3,1.874285340309143,0
5ae2e8e05542991a06ce98fb,bridge,4,4,1.0447118282318115,0
5ae2e8e05542991a06ce98fb,bridge,5,5,0.36801400780677795,0
5ae2e8e05542991a06ce98fb,bridge,9,6,0.35877445340156555,0
5ae2e8e05542991a06ce98fb,bridge,7,7,-0.3264877200126648,0
5ae2e8e05542991a06ce98fb,bridge,8,8,-0.7980667352676392,0
5ae2e8e05542991a06ce98fb,bridge,1,9,-2.503565788269043,0
5ac2a35055429967731025ce,bridge,8,0,7.494325160980225,1
5ac2a35055429967731025ce,bridge,7,1,2.2721455097198486,1
5ac2a35055429967731025ce,bridge,5,2,-4.462398052215576,0
5ac2a35055429967731025ce,bridge,6,3,-4.526460647583008,0
5ac2a35055429967731025ce,bridge,0,4,-4.61411714553833,0
5ac2a35055429967731025ce,bridge,4,5,-5.106391429901123,0
5ac2a35055429967731025ce,bridge,3,6,-5.107142925262451,0
5ac2a35055429967731025ce,bridge,9,7,-5.116490364074707,0
5ac2a35055429967731025ce,bridge,2,8,-6.138081073760986,0
5ac2a35055429967731025ce,bridge,1,9,-10.122143745422363,0
5a8e36835542995085b373e2,comparison,4,0,4.1051716804504395,1
5a8e36835542995085b373e2,comparison,6,1,3.83490252494812,1
5a8e36835542995085b373e2,comparison,5,2,1.036644697189331,0
5a8e36835542995085b373e2,comparison,7,3,0.8119919896125793,0
5a8e36835542995085b373e2,comparison,1,4,0.16051088273525238,0
5a8e36835542995085b373e2,comparison,2,5,-0.3857882022857666,0
5a8e36835542995085b373e2,comparison,0,6,-1.0770736932754517,0
5a8e36835542995085b373e2,comparison,9,7,-1.4355968236923218,0
5a8e36835542995085b373e2,comparison,3,8,-1.5079289674758911,0
5a8e36835542995085b373e2,comparison,8,9,-6.491617202758789,0
5ab3c270554299233954ff9e,bridge,4,0,7.567306995391846,1
5ab3c270554299233954ff9e,bridge,1,1,7.090638160705566,1
5ab3c270554299233954ff9e,bridge,7,2,0.25323086977005005,0
5ab3c270554299233954ff9e,bridge,5,3,0.03708156943321228,0
5ab3c270554299233954ff9e,bridge,2,4,-3.018892765045166,0
5ab3c270554299233954ff9e,bridge,9,5,-3.0644326210021973,0
5ab3c270554299233954ff9e,bridge,6,6,-3.129718065261841,0
5ab3c270554299233954ff9e,bridge,8,7,-3.4498023986816406,0
5ab3c270554299233954ff9e,bridge,3,8,-4.5071492195129395,0
5ab3c270554299233954ff9e,bridge,0,9,-5.774401664733887,0
5adce88b5542992c1e3a249a,bridge,8,0,4.216862201690674,1
5adce88b5542992c1e3a249a,bridge,6,1,2.305222749710083,0
5adce88b5542992c1e3a249a,bridge,3,2,-1.4013651609420776,0
5adce88b5542992c1e3a249a,bridge,2,3,-2.0999155044555664,0
5adce88b5542992c1e3a249a,bridge,7,4,-3.0090138912200928,0
5adce88b5542992c1e3a249a,bridge,5,5,-5.150383472442627,0
5adce88b5542992c1e3a249a,bridge,9,6,-5.354404449462891,0
5adce88b5542992c1e3a249a,bridge,0,7,-8.847068786621094,1
5adce88b5542992c1e3a249a,bridge,1,8,-9.25993824005127,0
5adce88b5542992c1e3a249a,bridge,4,9,-10.335592269897461,0
5ae65e6a5542996d980e7b1d,bridge,6,0,3.9167380332946777,1
5ae65e6a5542996d980e7b1d,bridge,8,1,-2.397495985031128,0
5ae65e6a5542996d980e7b1d,bridge,3,2,-8.564796447753906,0
5ae65e6a5542996d980e7b1d,bridge,9,3,-8.680554389953613,0
5ae65e6a5542996d980e7b1d,bridge,1,4,-8.810476303100586,0
5ae65e6a5542996d980e7b1d,bridge,2,5,-8.978124618530273,0
5ae65e6a5542996d980e7b1d,bridge,0,6,-9.130533218383789,1
5ae65e6a5542996d980e7b1d,bridge,4,7,-10.17718505859375,0
5ae65e6a5542996d980e7b1d,bridge,7,8,-10.570677757263184,0
5ae65e6a5542996d980e7b1d,bridge,5,9,-10.736797332763672,0
5ac4a7615542996feb3fe92a,bridge,7,0,3.3624706268310547,1
5ac4a7615542996feb3fe92a,bridge,5,1,2.5400962829589844,0
5ac4a7615542996feb3fe92a,bridge,3,2,2.4419002532958984,0
5ac4a7615542996feb3fe92a,bridge,0,3,0.6860961318016052,0
5ac4a7615542996feb3fe92a,bridge,9,4,0.32279276847839355,0
5ac4a7615542996feb3fe92a,bridge,6,5,0.132610023021698,1
5ac4a7615542996feb3fe92a,bridge,4,6,0.03538725525140762,0
5ac4a7615542996feb3fe92a,bridge,1,7,-0.0061555770225822926,0
5ac4a7615542996feb3fe92a,bridge,2,8,-0.3004835247993469,0
5ac4a7615542996feb3fe92a,bridge,8,9,-1.6638569831848145,0
5ab28120554299449642c8cc,comparison,3,0,7.44256067276001,1
5ab28120554299449642c8cc,comparison,8,1,3.5800256729125977,0
5ab28120554299449642c8cc,comparison,9,2,3.2753005027770996,1
5ab28120554299449642c8cc,comparison,1,3,2.244283676147461,0
5ab28120554299449642c8cc,comparison,6,4,-4.583679676055908,0
5ab28120554299449642c8cc,comparison,7,5,-5.133101463317871,0
5ab28120554299449642c8cc,comparison,0,6,-6.31843900680542,0
5ab28120554299449642c8cc,comparison,4,7,-6.539424896240234,0
5ab28120554299449642c8cc,comparison,5,8,-8.077308654785156,0
5ab28120554299449642c8cc,comparison,2,9,-8.158737182617188,0
5ab4313a554299233955004c,bridge,7,0,5.824844837188721,1
5ab4313a554299233955004c,bridge,6,1,4.568704605102539,1
5ab4313a554299233955004c,bridge,9,2,-0.08417583256959915,0
5ab4313a554299233955004c,bridge,1,3,-3.0682342052459717,0
5ab4313a554299233955004c,bridge,0,4,-3.1061789989471436,0
5ab4313a554299233955004c,bridge,5,5,-3.3728742599487305,0
5ab4313a554299233955004c,bridge,4,6,-3.5013785362243652,0
5ab4313a554299233955004c,bridge,2,7,-3.95710825920105,0
5ab4313a554299233955004c,bridge,3,8,-5.809042453765869,0
5ab4313a554299233955004c,bridge,8,9,-6.195175647735596,0
5ab682dc55429954757d3318,bridge,8,0,7.256884574890137,1
5ab682dc55429954757d3318,bridge,5,1,5.114932060241699,0
5ab682dc55429954757d3318,bridge,3,2,4.264328479766846,1
5ab682dc55429954757d3318,bridge,6,3,1.6926523447036743,0
5ab682dc55429954757d3318,bridge,0,4,-10.105269432067871,0
5ab682dc55429954757d3318,bridge,4,5,-10.173542022705078,0
5ab682dc55429954757d3318,bridge,1,6,-10.510461807250977,0
5ab682dc55429954757d3318,bridge,7,7,-10.695389747619629,0
5ab682dc55429954757d3318,bridge,9,8,-10.863471984863281,0
5ab682dc55429954757d3318,bridge,2,9,-11.117313385009766,0
5adf86355542993344016cbd,bridge,0,0,7.95713472366333,1
5adf86355542993344016cbd,bridge,6,1,3.5593714714050293,1
5adf86355542993344016cbd,bridge,4,2,1.192826509475708,0
5adf86355542993344016cbd,bridge,3,3,-3.968639850616455,0
5adf86355542993344016cbd,bridge,9,4,-4.759326934814453,0
5adf86355542993344016cbd,bridge,7,5,-4.943127155303955,0
5adf86355542993344016cbd,bridge,1,6,-5.007816314697266,0
5adf86355542993344016cbd,bridge,2,7,-5.030080795288086,0
5adf86355542993344016cbd,bridge,5,8,-5.158842086791992,0
5adf86355542993344016cbd,bridge,8,9,-5.7979350090026855,0
5ab7a1f65542991d3222378f,bridge,7,0,7.373290061950684,1
5ab7a1f65542991d3222378f,bridge,1,1,2.0817856788635254,0
5ab7a1f65542991d3222378f,bridge,0,2,1.2770049571990967,0
5ab7a1f65542991d3222378f,bridge,3,3,0.34725216031074524,0
5ab7a1f65542991d3222378f,bridge,5,4,-1.125552773475647,0
5ab7a1f65542991d3222378f,bridge,2,5,-3.4687840938568115,0
5ab7a1f65542991d3222378f,bridge,8,6,-3.927929401397705,0
5ab7a1f65542991d3222378f,bridge,4,7,-5.523121356964111,1
5ab7a1f65542991d3222378f,bridge,6,8,-8.227469444274902,0
5ab7a1f65542991d3222378f,bridge,9,9,-9.490626335144043,0
5ac24a035542992f1f2b3832,bridge,3,0,6.304117679595947,1
5ac24a035542992f1f2b3832,bridge,8,1,1.572545051574707,0
5ac24a035542992f1f2b3832,bridge,9,2,0.9051326513290405,0
5ac24a035542992f1f2b3832,bridge,2,3,0.4217236340045929,0
5ac24a035542992f1f2b3832,bridge,7,4,-0.5666452646255493,0
5ac24a035542992f1f2b3832,bridge,4,5,-1.3608372211456299,0
5ac24a035542992f1f2b3832,bridge,5,6,-3.12325382232666,0
5ac24a035542992f1f2b3832,bridge,6,7,-4.503205299377441,0
5ac24a035542992f1f2b3832,bridge,0,8,-4.54972505569458,1
5ac24a035542992f1f2b3832,bridge,1,9,-5.385461807250977,0
5a8f91c755429918e830d26c,bridge,6,0,3.554600715637207,1
5a8f91c755429918e830d26c,bridge,0,1,2.9862637519836426,1
5a8f91c755429918e830d26c,bridge,7,2,-0.1263578236103058,0
5a8f91c755429918e830d26c,bridge,8,3,-4.711886405944824,0
5a8f91c755429918e830d26c,bridge,9,4,-4.88206148147583,0
5a8f91c755429918e830d26c,bridge,1,5,-5.346302509307861,0
5a8f91c755429918e830d26c,bridge,3,6,-5.860531330108643,0
5a8f91c755429918e830d26c,bridge,5,7,-6.7115254402160645,0
5a8f91c755429918e830d26c,bridge,2,8,-6.947686195373535,0
5a8f91c755429918e830d26c,bridge,4,9,-7.387009143829346,0
5ac4db1d554299076e296e1a,bridge,6,0,7.767050743103027,1
5ac4db1d554299076e296e1a,bridge,7,1,7.636104106903076,0
5ac4db1d554299076e296e1a,bridge,8,2,7.4174089431762695,0
5ac4db1d554299076e296e1a,bridge,3,3,7.288759708404541,1
5ac4db1d554299076e296e1a,bridge,2,4,6.8263163566589355,0
5ac4db1d554299076e296e1a,bridge,5,5,6.548577308654785,0
5ac4db1d554299076e296e1a,bridge,9,6,6.257511138916016,0
5ac4db1d554299076e296e1a,bridge,4,7,5.0260233879089355,0
5ac4db1d554299076e296e1a,bridge,1,8,-0.08075615763664246,0
5ac4db1d554299076e296e1a,bridge,0,9,-1.8587226867675781,0
5a77474855429972597f14e4,comparison,1,0,5.933923721313477,1
5a77474855429972597f14e4,comparison,7,1,5.531461238861084,1
5a77474855429972597f14e4,comparison,9,2,1.9497783184051514,0
5a77474855429972597f14e4,comparison,8,3,0.8219367265701294,0
5a77474855429972597f14e4,comparison,3,4,-0.24345368146896362,0
5a77474855429972597f14e4,comparison,0,5,-3.760066270828247,0
5a77474855429972597f14e4,comparison,4,6,-4.772974491119385,0
5a77474855429972597f14e4,comparison,6,7,-5.302567481994629,0
5a77474855429972597f14e4,comparison,2,8,-6.641294479370117,0
5a77474855429972597f14e4,comparison,5,9,-6.817316055297852,0
5a717d4c5542994082a3e854,comparison,2,0,4.51106071472168,1
5a717d4c5542994082a3e854,comparison,6,1,3.140181541442871,1
5a717d4c5542994082a3e854,comparison,4,2,1.3976056575775146,0
5a717d4c5542994082a3e854,comparison,9,3,-1.9476733207702637,0
5a717d4c5542994082a3e854,comparison,1,4,-2.1153998374938965,0
5a717d4c5542994082a3e854,comparison,5,5,-4.019382476806641,0
5a717d4c5542994082a3e854,comparison,7,6,-4.473176956176758,0
5a717d4c5542994082a3e854,comparison,3,7,-4.958488464355469,0
5a717d4c5542994082a3e854,comparison,8,8,-5.281551361083984,0
5a717d4c5542994082a3e854,comparison,0,9,-6.499947547912598,0
5ae762985542995703ce8c04,bridge,9,0,6.3842597007751465,1
5ae762985542995703ce8c04,bridge,8,1,4.213406562805176,1
5ae762985542995703ce8c04,bridge,2,2,-0.7976126670837402,0
5ae762985542995703ce8c04,bridge,6,3,-1.6820114850997925,0
5ae762985542995703ce8c04,bridge,3,4,-3.797105550765991,0
5ae762985542995703ce8c04,bridge,4,5,-4.835289478302002,0
5ae762985542995703ce8c04,bridge,1,6,-5.254312038421631,0
5ae762985542995703ce8c04,bridge,5,7,-5.500167369842529,0
5ae762985542995703ce8c04,bridge,7,8,-5.513063430786133,0
5ae762985542995703ce8c04,bridge,0,9,-7.943588733673096,0
5a8c5eca554299240d9c213d,bridge,0,0,5.055907726287842,1
5a8c5eca554299240d9c213d,bridge,1,1,0.507314145565033,0
5a8c5eca554299240d9c213d,bridge,2,2,-0.2714708745479584,0
5a8c5eca554299240d9c213d,bridge,4,3,-0.3599511682987213,0
5a8c5eca554299240d9c213d,bridge,7,4,-0.7036976218223572,0
5a8c5eca554299240d9c213d,bridge,5,5,-1.5222572088241577,1
5a8c5eca554299240d9c213d,bridge,9,6,-2.1557583808898926,0
5a8c5eca554299240d9c213d,bridge,8,7,-2.392530918121338,0
5a8c5eca554299240d9c213d,bridge,6,8,-2.514761447906494,0
5a8c5eca554299240d9c213d,bridge,3,9,-2.8197104930877686,0
5a778cae55429949eeb29eeb,bridge,6,0,6.038121223449707,1
5a778cae55429949eeb29eeb,bridge,9,1,4.681013107299805,1
5a778cae55429949eeb29eeb,bridge,2,2,2.9212918281555176,0
5a778cae55429949eeb29eeb,bridge,4,3,-0.6205254197120667,0
5a778cae55429949eeb29eeb,bridge,0,4,-0.9720980525016785,0
5a778cae55429949eeb29eeb,bridge,3,5,-5.365975856781006,0
5a778cae55429949eeb29eeb,bridge,8,6,-5.931678771972656,0
5a778cae55429949eeb29eeb,bridge,5,7,-7.758823871612549,0
5a778cae55429949eeb29eeb,bridge,7,8,-8.003093719482422,0
5a778cae55429949eeb29eeb,bridge,1,9,-9.65427017211914,0
5a8af94455429971feec45b6,bridge,7,0,6.631350040435791,1
5a8af94455429971feec45b6,bridge,5,1,4.933929443359375,1
5a8af94455429971feec45b6,bridge,4,2,-1.2759443521499634,0
5a8af94455429971feec45b6,bridge,8,3,-1.317656397819519,0
5a8af94455429971feec45b6,bridge,6,4,-2.275139093399048,0
5a8af94455429971feec45b6,bridge,2,5,-3.1966373920440674,0
5a8af94455429971feec45b6,bridge,0,6,-3.9497838020324707,0
5a8af94455429971feec45b6,bridge,3,7,-4.966587066650391,0
5a8af94455429971feec45b6,bridge,9,8,-6.131053924560547,0
5a8af94455429971feec45b6,bridge,1,9,-11.000716209411621,0
5ac30a79554299657fa290e2,bridge,7,0,4.09542179107666,1
5ac30a79554299657fa290e2,bridge,1,1,3.766113758087158,1
5ac30a79554299657fa290e2,bridge,8,2,1.1792186498641968,0
5ac30a79554299657fa290e2,bridge,4,3,0.8506640791893005,0
5ac30a79554299657fa290e2,bridge,6,4,-0.41507524251937866,0
5ac30a79554299657fa290e2,bridge,2,5,-0.43163156509399414,0
5ac30a79554299657fa290e2,bridge,0,6,-2.6774821281433105,0
5ac30a79554299657fa290e2,bridge,9,7,-2.697354316711426,0
5ac30a79554299657fa290e2,bridge,3,8,-2.759021520614624,0
5ac30a79554299657fa290e2,bridge,5,9,-2.8100438117980957,0
5a74ee175542996c70cfae41,bridge,2,0,6.045668125152588,0
5a74ee175542996c70cfae41,bridge,6,1,5.936375141143799,1
5a74ee175542996c70cfae41,bridge,9,2,5.814182758331299,1
5a74ee175542996c70cfae41,bridge,7,3,2.625566244125366,0
5a74ee175542996c70cfae41,bridge,1,4,2.387230396270752,0
5a74ee175542996c70cfae41,bridge,8,5,2.1261284351348877,0
5a74ee175542996c70cfae41,bridge,4,6,1.0695624351501465,0
5a74ee175542996c70cfae41,bridge,3,7,0.9871888160705566,0
5a74ee175542996c70cfae41,bridge,0,8,0.7709795832633972,0
5a74ee175542996c70cfae41,bridge,5,9,0.088046133518219,0
5a76f5b155429972597f1400,bridge,1,0,7.176126956939697,1
5a76f5b155429972597f1400,bridge,7,1,4.769952297210693,1
5a76f5b155429972597f1400,bridge,2,2,4.189265727996826,0
5a76f5b155429972597f1400,bridge,6,3,1.6138274669647217,0
5a76f5b155429972597f1400,bridge,0,4,-0.5001736879348755,0
5a76f5b155429972597f1400,bridge,4,5,-0.7614313960075378,0
5a76f5b155429972597f1400,bridge,9,6,-0.8119398951530457,0
5a76f5b155429972597f1400,bridge,3,7,-1.0450016260147095,0
5a76f5b155429972597f1400,bridge,5,8,-1.8414372205734253,0
5a76f5b155429972597f1400,bridge,8,9,-2.130481481552124,0
5adf9b415542995ec70e904c,bridge,5,0,4.841883182525635,1
5adf9b415542995ec70e904c,bridge,9,1,1.2496894598007202,1
5adf9b415542995ec70e904c,bridge,1,2,-1.5522865056991577,0
5adf9b415542995ec70e904c,bridge,4,3,-4.592755317687988,0
5adf9b415542995ec70e904c,bridge,8,4,-5.737659454345703,0
5adf9b415542995ec70e904c,bridge,3,5,-7.511455059051514,0
5adf9b415542995ec70e904c,bridge,7,6,-7.5825090408325195,0
5adf9b415542995ec70e904c,bridge,0,7,-10.2908296585083,0
5adf9b415542995ec70e904c,bridge,2,8,-10.385931015014648,0
5adf9b415542995ec70e904c,bridge,6,9,-10.684666633605957,0
5abfdfcb5542997d642958fe,bridge,3,0,6.422089576721191,1
5abfdfcb5542997d642958fe,bridge,8,1,4.3692851066589355,1
5abfdfcb5542997d642958fe,bridge,4,2,-0.3784741163253784,0
5abfdfcb5542997d642958fe,bridge,7,3,-0.5635109543800354,0
5abfdfcb5542997d642958fe,bridge,0,4,-1.5083789825439453,0
5abfdfcb5542997d642958fe,bridge,9,5,-1.528530240058899,0
5abfdfcb5542997d642958fe,bridge,2,6,-2.008467674255371,0
5abfdfcb5542997d642958fe,bridge,1,7,-2.1493637561798096,0
5abfdfcb5542997d642958fe,bridge,6,8,-2.455272912979126,0
5abfdfcb5542997d642958fe,bridge,5,9,-2.870555877685547,0
5a7787b655429949eeb29ed3,bridge,2,0,7.524026870727539,1
5a7787b655429949eeb29ed3,bridge,1,1,4.8921403884887695,0
5a7787b655429949eeb29ed3,bridge,0,2,4.307314395904541,0
5a7787b655429949eeb29ed3,bridge,7,3,2.4497954845428467,0
5a7787b655429949eeb29ed3,bridge,5,4,2.4108917713165283,0
5a7787b655429949eeb29ed3,bridge,8,5,0.5187548398971558,0
5a7787b655429949eeb29ed3,bridge,6,6,-0.8678411841392517,0
5a7787b655429949eeb29ed3,bridge,9,7,-1.594780445098877,0
5a7787b655429949eeb29ed3,bridge,3,8,-1.859806776046753,0
5a7787b655429949eeb29ed3,bridge,4,9,-2.327049493789673,1
5a72e4375542992359bc31bf,bridge,1,0,5.85091495513916,1
5a72e4375542992359bc31bf,bridge,8,1,0.3376227915287018,0
5a72e4375542992359bc31bf,bridge,6,2,-0.2636011242866516,1
5a72e4375542992359bc31bf,bridge,2,3,-2.7881975173950195,0
5a72e4375542992359bc31bf,bridge,9,4,-5.763092517852783,0
5a72e4375542992359bc31bf,bridge,0,5,-5.895839214324951,0
5a72e4375542992359bc31bf,bridge,5,6,-6.581650733947754,0
5a72e4375542992359bc31bf,bridge,3,7,-6.754725456237793,0
5a72e4375542992359bc31bf,bridge,7,8,-7.9406256675720215,0
5a72e4375542992359bc31bf,bridge,4,9,-8.737170219421387,0
5ae75c6e5542991bbc9761f8,bridge,3,0,5.986290454864502,1
5ae75c6e5542991bbc9761f8,bridge,5,1,4.554747104644775,1
5ae75c6e5542991bbc9761f8,bridge,1,2,4.325361728668213,0
5ae75c6e5542991bbc9761f8,bridge,0,3,2.3412697315216064,0
5ae75c6e5542991bbc9761f8,bridge,2,4,1.0203218460083008,0
5ae75c6e5542991bbc9761f8,bridge,4,5,0.6153483986854553,0
5ae75c6e5542991bbc9761f8,bridge,8,6,-0.18233275413513184,0
5ae75c6e5542991bbc9761f8,bridge,9,7,-0.22695568203926086,0
5ae75c6e5542991bbc9761f8,bridge,6,8,-0.9271091818809509,0
5ae75c6e5542991bbc9761f8,bridge,7,9,-2.8698487281799316,0
5a75e16055429976ec32bc6a,bridge,9,0,6.126735687255859,1
5a75e16055429976ec32bc6a,bridge,6,1,5.7770161628723145,0
5a75e16055429976ec32bc6a,bridge,5,2,5.253289222717285,0
5a75e16055429976ec32bc6a,bridge,7,3,1.3290855884552002,1
5a75e16055429976ec32bc6a,bridge,1,4,1.0058085918426514,0
5a75e16055429976ec32bc6a,bridge,2,5,-0.8750836849212646,0
5a75e16055429976ec32bc6a,bridge,3,6,-2.4609060287475586,0
5a75e16055429976ec32bc6a,bridge,0,7,-5.120560646057129,0
5a75e16055429976ec32bc6a,bridge,8,8,-5.745865345001221,0
5a75e16055429976ec32bc6a,bridge,4,9,-7.498166561126709,0
5ab82d345542990e739ec854,bridge,6,0,3.8726274967193604,1
5ab82d345542990e739ec854,bridge,9,1,3.4654006958007812,1
5ab82d345542990e739ec854,bridge,7,2,1.3821464776992798,0
5ab82d345542990e739ec854,bridge,4,3,-1.258288025856018,0
5ab82d345542990e739ec854,bridge,8,4,-1.7077099084854126,0
5ab82d345542990e739ec854,bridge,5,5,-1.7837375402450562,0
5ab82d345542990e739ec854,bridge,1,6,-2.4700639247894287,0
5ab82d345542990e739ec854,bridge,3,7,-3.4482431411743164,0
5ab82d345542990e739ec854,bridge,0,8,-5.47593879699707,0
5ab82d345542990e739ec854,bridge,2,9,-7.790986061096191,0
5a7663665542992d0ec060d3,bridge,1,0,8.702512741088867,1
5a7663665542992d0ec060d3,bridge,0,1,7.326527118682861,1
5a7663665542992d0ec060d3,bridge,8,2,3.5009326934814453,0
5a7663665542992d0ec060d3,bridge,3,3,3.0784173011779785,0
5a7663665542992d0ec060d3,bridge,9,4,2.7871499061584473,0
5a7663665542992d0ec060d3,bridge,6,5,2.142836570739746,0
5a7663665542992d0ec060d3,bridge,5,6,1.9137011766433716,0
5a7663665542992d0ec060d3,bridge,4,7,0.8669516444206238,0
5a7663665542992d0ec060d3,bridge,2,8,-0.4635888338088989,0
5a7663665542992d0ec060d3,bridge,7,9,-0.4833846092224121,0
5ae4094655429970de88d896,bridge,3,0,8.882798194885254,1
5ae4094655429970de88d896,bridge,1,1,4.624329566955566,1
5ae4094655429970de88d896,bridge,2,2,1.7673475742340088,0
5ae4094655429970de88d896,bridge,9,3,0.10377219319343567,0
5ae4094655429970de88d896,bridge,5,4,-0.6362543106079102,0
5ae4094655429970de88d896,bridge,8,5,-0.8131781816482544,0
5ae4094655429970de88d896,bridge,6,6,-0.9371472597122192,0
5ae4094655429970de88d896,bridge,4,7,-1.19780695438385,0
5ae4094655429970de88d896,bridge,0,8,-2.18290638923645,0
5ae4094655429970de88d896,bridge,7,9,-5.729966640472412,0
5ab42b24554299753aec5a43,bridge,5,0,5.803104877471924,1
5ab42b24554299753aec5a43,bridge,2,1,2.147510290145874,0
5ab42b24554299753aec5a43,bridge,6,2,-1.5712788105010986,0
5ab42b24554299753aec5a43,bridge,9,3,-3.0386390686035156,0
5ab42b24554299753aec5a43,bridge,3,4,-3.158989429473877,0
5ab42b24554299753aec5a43,bridge,7,5,-4.317325592041016,0
5ab42b24554299753aec5a43,bridge,1,6,-4.585919380187988,0
5ab42b24554299753aec5a43,bridge,0,7,-5.47874116897583,0
5ab42b24554299753aec5a43,bridge,8,8,-7.670926570892334,1
5ab42b24554299753aec5a43,bridge,4,9,-9.485567092895508,0
5ab28c89554299340b525513,bridge,6,0,3.0197231769561768,1
5ab28c89554299340b525513,bridge,3,1,2.964024305343628,1
5ab28c89554299340b525513,bridge,9,2,-1.3175123929977417,0
5ab28c89554299340b525513,bridge,1,3,-1.4802511930465698,0
5ab28c89554299340b525513,bridge,0,4,-2.3165650367736816,0
5ab28c89554299340b525513,bridge,4,5,-2.753199577331543,0
5ab28c89554299340b525513,bridge,8,6,-3.0669033527374268,0
5ab28c89554299340b525513,bridge,5,7,-3.3168234825134277,0
5ab28c89554299340b525513,bridge,7,8,-3.785383462905884,0
5ab28c89554299340b525513,bridge,2,9,-8.017878532409668,0
5ab6bf6d55429953192ad372,comparison,4,0,5.625455856323242,1
5ab6bf6d55429953192ad372,comparison,8,1,3.8817622661590576,0
5ab6bf6d55429953192ad372,comparison,2,2,0.27632617950439453,1
5ab6bf6d55429953192ad372,comparison,0,3,-0.5828613042831421,0
5ab6bf6d55429953192ad372,comparison,6,4,-1.1409744024276733,0
5ab6bf6d55429953192ad372,comparison,9,5,-1.3744380474090576,0
5ab6bf6d55429953192ad372,comparison,5,6,-1.6492177248001099,0
5ab6bf6d55429953192ad372,comparison,7,7,-1.8830887079238892,0
5ab6bf6d55429953192ad372,comparison,3,8,-2.756176471710205,0
5ab6bf6d55429953192ad372,comparison,1,9,-3.485311985015869,0
5a7f35015542992e7d278c8a,bridge,6,0,5.702474117279053,1
5a7f35015542992e7d278c8a,bridge,4,1,-0.35779666900634766,0
5a7f35015542992e7d278c8a,bridge,1,2,-1.8475687503814697,0
5a7f35015542992e7d278c8a,bridge,2,3,-2.885035514831543,0
5a7f35015542992e7d278c8a,bridge,7,4,-6.387377738952637,0
5a7f35015542992e7d278c8a,bridge,0,5,-7.014665126800537,1
5a7f35015542992e7d278c8a,bridge,9,6,-9.550494194030762,0
5a7f35015542992e7d278c8a,bridge,3,7,-9.565041542053223,0
5a7f35015542992e7d278c8a,bridge,5,8,-10.00135326385498,0
5a7f35015542992e7d278c8a,bridge,8,9,-10.202716827392578,0
5abd6bf055429933744ab7c8,bridge,4,0,2.2056844234466553,1
5abd6bf055429933744ab7c8,bridge,6,1,0.438524454832077,0
5abd6bf055429933744ab7c8,bridge,9,2,0.023955922573804855,0
5abd6bf055429933744ab7c8,bridge,8,3,-1.0934981107711792,0
5abd6bf055429933744ab7c8,bridge,2,4,-1.6924359798431396,1
5abd6bf055429933744ab7c8,bridge,1,5,-1.8179435729980469,0
5abd6bf055429933744ab7c8,bridge,3,6,-1.8600687980651855,0
5abd6bf055429933744ab7c8,bridge,0,7,-1.8729647397994995,0
5abd6bf055429933744ab7c8,bridge,7,8,-2.6478118896484375,0
5abd6bf055429933744ab7c8,bridge,5,9,-4.239718437194824,0
5ae2dd2055429928c423950d,bridge,7,0,8.472963333129883,1
5ae2dd2055429928c423950d,bridge,9,1,8.07138442993164,0
5ae2dd2055429928c423950d,bridge,1,2,4.215071201324463,0
5ae2dd2055429928c423950d,bridge,0,3,3.0490529537200928,0
5ae2dd2055429928c423950d,bridge,2,4,2.6442294120788574,1
5ae2dd2055429928c423950d,bridge,6,5,2.634659767150879,0
5ae2dd2055429928c423950d,bridge,3,6,0.2247646003961563,0
5ae2dd2055429928c423950d,bridge,5,7,0.15574835240840912,0
5ae2dd2055429928c423950d,bridge,4,8,-0.15412157773971558,0
5ae2dd2055429928c423950d,bridge,8,9,-7.813528060913086,0
5ade89d855429975fa854ef7,bridge,0,0,5.535360813140869,1
5ade89d855429975fa854ef7,bridge,9,1,1.3780710697174072,0
5ade89d855429975fa854ef7,bridge,3,2,-1.6283655166625977,1
5ade89d855429975fa854ef7,bridge,6,3,-3.5313429832458496,0
5ade89d855429975fa854ef7,bridge,8,4,-3.654158353805542,0
5ade89d855429975fa854ef7,bridge,2,5,-3.865671396255493,0
5ade89d855429975fa854ef7,bridge,5,6,-3.965343952178955,0
5ade89d855429975fa854ef7,bridge,1,7,-4.753194332122803,0
5ade89d855429975fa854ef7,bridge,4,8,-7.223673343658447,0
5ade89d855429975fa854ef7,bridge,7,9,-9.75534725189209,0
5ae2075f5542994d89d5b315,bridge,7,0,6.659820556640625,1
5ae2075f5542994d89d5b315,bridge,2,1,5.8366498947143555,0
5ae2075f5542994d89d5b315,bridge,3,2,4.874233722686768,0
5ae2075f5542994d89d5b315,bridge,1,3,4.711606502532959,0
5ae2075f5542994d89d5b315,bridge,0,4,4.585543632507324,0
5ae2075f5542994d89d5b315,bridge,8,5,2.026214599609375,0
5ae2075f5542994d89d5b315,bridge,6,6,0.6788671612739563,0
5ae2075f5542994d89d5b315,bridge,5,7,-0.9590975046157837,0
5ae2075f5542994d89d5b315,bridge,9,8,-4.526156902313232,1
5ae2075f5542994d89d5b315,bridge,4,9,-5.229007720947266,0
5ae7c2dc5542994a481bbdd3,bridge,2,0,8.938539505004883,1
5ae7c2dc5542994a481bbdd3,bridge,9,1,-0.3270167410373688,0
5ae7c2dc5542994a481bbdd3,bridge,6,2,-6.254573345184326,1
5ae7c2dc5542994a481bbdd3,bridge,8,3,-6.418997287750244,0
5ae7c2dc5542994a481bbdd3,bridge,1,4,-9.277853012084961,0
5ae7c2dc5542994a481bbdd3,bridge,5,5,-9.374502182006836,0
5ae7c2dc5542994a481bbdd3,bridge,7,6,-10.083979606628418,0
5ae7c2dc5542994a481bbdd3,bridge,3,7,-10.668601036071777,0
5ae7c2dc5542994a481bbdd3,bridge,4,8,-10.916916847229004,0
5ae7c2dc5542994a481bbdd3,bridge,0,9,-10.957962036132812,0
5ae1a7c8554299234fd042b0,bridge,2,0,6.7389960289001465,0
5ae1a7c8554299234fd042b0,bridge,9,1,6.610102653503418,1
5ae1a7c8554299234fd042b0,bridge,5,2,6.293862342834473,0
5ae1a7c8554299234fd042b0,bridge,7,3,5.726908206939697,0
5ae1a7c8554299234fd042b0,bridge,8,4,5.455853462219238,0
5ae1a7c8554299234fd042b0,bridge,6,5,4.755220890045166,0
5ae1a7c8554299234fd042b0,bridge,4,6,4.700202941894531,0
5ae1a7c8554299234fd042b0,bridge,0,7,3.4343273639678955,1
5ae1a7c8554299234fd042b0,bridge,3,8,1.8633161783218384,0
5ae1a7c8554299234fd042b0,bridge,1,9,1.4597976207733154,0
5a7b40cd5542995eb53be8d4,comparison,1,0,3.289151430130005,1
5a7b40cd5542995eb53be8d4,comparison,4,1,2.0532963275909424,1
5a7b40cd5542995eb53be8d4,comparison,3,2,-4.127866744995117,0
5a7b40cd5542995eb53be8d4,comparison,6,3,-6.094677448272705,0
5a7b40cd5542995eb53be8d4,comparison,2,4,-6.135497093200684,0
5a7b40cd5542995eb53be8d4,comparison,5,5,-7.948405742645264,0
5a7b40cd5542995eb53be8d4,comparison,9,6,-9.157529830932617,0
5a7b40cd5542995eb53be8d4,comparison,7,7,-9.222322463989258,0
5a7b40cd5542995eb53be8d4,comparison,8,8,-9.708892822265625,0
5a7b40cd5542995eb53be8d4,comparison,0,9,-10.244823455810547,0
5a8ba45b554299240d9c2051,bridge,3,0,3.458024263381958,1
5a8ba45b554299240d9c2051,bridge,6,1,-0.7370353937149048,0
5a8ba45b554299240d9c2051,bridge,7,2,-1.434731364250183,1
5a8ba45b554299240d9c2051,bridge,2,3,-2.2760567665100098,0
5a8ba45b554299240d9c2051,bridge,8,4,-2.529263496398926,0
5a8ba45b554299240d9c2051,bridge,5,5,-2.607696056365967,0
5a8ba45b554299240d9c2051,bridge,1,6,-3.192939281463623,0
5a8ba45b554299240d9c2051,bridge,4,7,-3.5616419315338135,0
5a8ba45b554299240d9c2051,bridge,9,8,-4.4679460525512695,0
5a8ba45b554299240d9c2051,bridge,0,9,-4.79514217376709,0
5a7e08b55542997cc2c474fe,bridge,7,0,4.015351295471191,1
5a7e08b55542997cc2c474fe,bridge,2,1,1.4869874715805054,0
5a7e08b55542997cc2c474fe,bridge,6,2,1.1322776079177856,0
5a7e08b55542997cc2c474fe,bridge,8,3,0.9631345272064209,0
5a7e08b55542997cc2c474fe,bridge,4,4,0.3102825880050659,1
5a7e08b55542997cc2c474fe,bridge,3,5,0.2309914082288742,0
5a7e08b55542997cc2c474fe,bridge,9,6,-0.9176594018936157,0
5a7e08b55542997cc2c474fe,bridge,5,7,-1.6735562086105347,0
5a7e08b55542997cc2c474fe,bridge,0,8,-1.912028193473816,0
5a7e08b55542997cc2c474fe,bridge,1,9,-2.8489418029785156,0
5ac2cb09554299657fa29066,bridge,3,0,5.214910507202148,1
5ac2cb09554299657fa29066,bridge,0,1,1.9505655765533447,1
5ac2cb09554299657fa29066,bridge,4,2,1.0114785432815552,0
5ac2cb09554299657fa29066,bridge,1,3,0.9752829670906067,0
5ac2cb09554299657fa29066,bridge,8,4,0.6929044127464294,0
5ac2cb09554299657fa29066,bridge,2,5,0.6697189211845398,0
5ac2cb09554299657fa29066,bridge,6,6,0.4848054051399231,0
5ac2cb09554299657fa29066,bridge,5,7,-0.7674041986465454,0
5ac2cb09554299657fa29066,bridge,7,8,-1.2331360578536987,0
5ac2cb09554299657fa29066,bridge,9,9,-5.055819988250732,0
5a8d7f2b554299068b959d0c,bridge,2,0,6.401463031768799,1
5a8d7f2b554299068b959d0c,bridge,4,1,6.023740291595459,0
5a8d7f2b554299068b959d0c,bridge,5,2,2.9389290809631348,0
5a8d7f2b554299068b959d0c,bridge,3,3,2.010120153427124,0
5a8d7f2b554299068b959d0c,bridge,1,4,1.2671756744384766,1
5a8d7f2b554299068b959d0c,bridge,8,5,0.07288529723882675,0
5a8d7f2b554299068b959d0c,bridge,9,6,-1.7031176090240479,0
5a8d7f2b554299068b959d0c,bridge,7,7,-2.6944029331207275,0
5a8d7f2b554299068b959d0c,bridge,0,8,-3.162797689437866,0
5a8d7f2b554299068b959d0c,bridge,6,9,-3.842649459838867,0
5a8313a755429954d2e2ec06,bridge,1,0,7.308403491973877,1
5a8313a755429954d2e2ec06,bridge,7,1,2.1157450675964355,1
5a8313a755429954d2e2ec06,bridge,5,2,0.6953189373016357,0
5a8313a755429954d2e2ec06,bridge,0,3,0.2587355375289917,0
5a8313a755429954d2e2ec06,bridge,9,4,-1.59014093875885,0
5a8313a755429954d2e2ec06,bridge,2,5,-2.971564292907715,0
5a8313a755429954d2e2ec06,bridge,4,6,-3.216667413711548,0
5a8313a755429954d2e2ec06,bridge,3,7,-3.2387683391571045,0
5a8313a755429954d2e2ec06,bridge,6,8,-3.823409080505371,0
5a8313a755429954d2e2ec06,bridge,8,9,-6.9378838539123535,0
5adcc6765542994d58a2f6c9,bridge,4,0,8.138822555541992,1
5adcc6765542994d58a2f6c9,bridge,8,1,6.372417449951172,0
5adcc6765542994d58a2f6c9,bridge,3,2,5.884015083312988,0
5adcc6765542994d58a2f6c9,bridge,5,3,2.7826716899871826,0
5adcc6765542994d58a2f6c9,bridge,0,4,0.8853124380111694,0
5adcc6765542994d58a2f6c9,bridge,9,5,-3.2551658153533936,0
5adcc6765542994d58a2f6c9,bridge,2,6,-3.468076229095459,0
5adcc6765542994d58a2f6c9,bridge,1,7,-3.6112892627716064,0
5adcc6765542994d58a2f6c9,bridge,7,8,-4.516785621643066,0
5adcc6765542994d58a2f6c9,bridge,6,9,-11.019329071044922,1
5adf099a5542992d7e9f927f,comparison,0,0,8.154621124267578,1
5adf099a5542992d7e9f927f,comparison,5,1,5.816031455993652,0
5adf099a5542992d7e9f927f,comparison,2,2,4.538534164428711,0
5adf099a5542992d7e9f927f,comparison,6,3,4.085879325866699,0
5adf099a5542992d7e9f927f,comparison,8,4,2.8773155212402344,1
5adf099a5542992d7e9f927f,comparison,3,5,1.5982837677001953,0
5adf099a5542992d7e9f927f,comparison,9,6,0.9967248439788818,0
5adf099a5542992d7e9f927f,comparison,4,7,0.8733900189399719,0
5adf099a5542992d7e9f927f,comparison,1,8,-0.001111919991672039,0
5adf099a5542992d7e9f927f,comparison,7,9,-0.6760129928588867,0
5a8f141e55429918e830d181,bridge,4,0,4.094241619110107,1
5a8f141e55429918e830d181,bridge,0,1,-4.550293922424316,0
5a8f141e55429918e830d181,bridge,2,2,-4.675835132598877,0
5a8f141e55429918e830d181,bridge,7,3,-5.432959079742432,0
5a8f141e55429918e830d181,bridge,5,4,-6.035103797912598,0
5a8f141e55429918e830d181,bridge,6,5,-6.092978477478027,0
5a8f141e55429918e830d181,bridge,1,6,-6.50215482711792,0
5a8f141e55429918e830d181,bridge,8,7,-7.311335563659668,0
5a8f141e55429918e830d181,bridge,9,8,-7.816905975341797,0
5a8f141e55429918e830d181,bridge,3,9,-9.112997055053711,1
5ac2927b5542996366519a17,comparison,2,0,6.7796525955200195,1
5ac2927b5542996366519a17,comparison,1,1,5.712836265563965,0
5ac2927b5542996366519a17,comparison,3,2,3.7669053077697754,0
5ac2927b5542996366519a17,comparison,5,3,2.2725636959075928,1
5ac2927b5542996366519a17,comparison,9,4,2.0704495906829834,0
5ac2927b5542996366519a17,comparison,0,5,-0.4716557264328003,0
5ac2927b5542996366519a17,comparison,8,6,-3.227001190185547,0
5ac2927b5542996366519a17,comparison,7,7,-4.648635387420654,0
5ac2927b5542996366519a17,comparison,6,8,-6.183478355407715,0
5ac2927b5542996366519a17,comparison,4,9,-8.774748802185059,0
5ab71f7d554299110f219ab9,bridge,0,0,5.65412712097168,1
5ab71f7d554299110f219ab9,bridge,7,1,0.5009599924087524,0
5ab71f7d554299110f219ab9,bridge,4,2,0.12789522111415863,1
5ab71f7d554299110f219ab9,bridge,1,3,-5.67413854598999,0
5ab71f7d554299110f219ab9,bridge,8,4,-5.80745267868042,0
5ab71f7d554299110f219ab9,bridge,3,5,-6.644560813903809,0
5ab71f7d554299110f219ab9,bridge,5,6,-6.984435081481934,0
5ab71f7d554299110f219ab9,bridge,9,7,-7.184006214141846,0
5ab71f7d554299110f219ab9,bridge,6,8,-7.926047325134277,0
5ab71f7d554299110f219ab9,bridge,2,9,-8.573019027709961,0
5aba74ad55429955dce3ee35,comparison,6,0,6.427273750305176,1
5aba74ad55429955dce3ee35,comparison,5,1,3.1941652297973633,0
5aba74ad55429955dce3ee35,comparison,2,2,2.9378232955932617,0
5aba74ad55429955dce3ee35,comparison,8,3,1.2440073490142822,0
5aba74ad55429955dce3ee35,comparison,7,4,1.1231417655944824,1
5aba74ad55429955dce3ee35,comparison,0,5,0.6530519723892212,0
5aba74ad55429955dce3ee35,comparison,1,6,-0.1451158970594406,0
5aba74ad55429955dce3ee35,comparison,3,7,-0.44339093565940857,0
5aba74ad55429955dce3ee35,comparison,9,8,-0.5412898063659668,0
5aba74ad55429955dce3ee35,comparison,4,9,-2.626224994659424,0
5a8d4fbf5542994ba4e3dc68,bridge,9,0,5.910296440124512,1
5a8d4fbf5542994ba4e3dc68,bridge,5,1,-4.582512378692627,1
5a8d4fbf5542994ba4e3dc68,bridge,8,2,-4.796822547912598,0
5a8d4fbf5542994ba4e3dc68,bridge,6,3,-4.850330352783203,0
5a8d4fbf5542994ba4e3dc68,bridge,7,4,-5.4694504737854,0
5a8d4fbf5542994ba4e3dc68,bridge,1,5,-5.515573501586914,0
5a8d4fbf5542994ba4e3dc68,bridge,2,6,-6.221055507659912,0
5a8d4fbf5542994ba4e3dc68,bridge,4,7,-6.372539043426514,0
5a8d4fbf5542994ba4e3dc68,bridge,0,8,-7.698225498199463,0
5a8d4fbf5542994ba4e3dc68,bridge,3,9,-7.91060209274292,0
5ae75a4c5542997b22f6a6f1,bridge,3,0,7.066072463989258,1
5ae75a4c5542997b22f6a6f1,bridge,8,1,1.6888092756271362,0
5ae75a4c5542997b22f6a6f1,bridge,6,2,1.4021755456924438,0
5ae75a4c5542997b22f6a6f1,bridge,0,3,0.6324407458305359,1
5ae75a4c5542997b22f6a6f1,bridge,2,4,-0.6479688286781311,0
5ae75a4c5542997b22f6a6f1,bridge,7,5,-0.8977003693580627,0
5ae75a4c5542997b22f6a6f1,bridge,5,6,-1.4335194826126099,0
5ae75a4c5542997b22f6a6f1,bridge,4,7,-2.3441150188446045,0
5ae75a4c5542997b22f6a6f1,bridge,1,8,-6.166903495788574,0
5ae75a4c5542997b22f6a6f1,bridge,9,9,-6.711278915405273,0
5ac3b4e0554299741d48a2ec,comparison,7,0,4.596826076507568,1
5ac3b4e0554299741d48a2ec,comparison,4,1,3.88480806350708,1
5ac3b4e0554299741d48a2ec,comparison,9,2,1.372119426727295,0
5ac3b4e0554299741d48a2ec,comparison,0,3,1.335139274597168,0
5ac3b4e0554299741d48a2ec,comparison,1,4,1.2832895517349243,0
5ac3b4e0554299741d48a2ec,comparison,5,5,0.7472579479217529,0
5ac3b4e0554299741d48a2ec,comparison,2,6,0.5485935807228088,0
5ac3b4e0554299741d48a2ec,comparison,8,7,0.4128814935684204,0
5ac3b4e0554299741d48a2ec,comparison,6,8,0.39290687441825867,0
5ac3b4e0554299741d48a2ec,comparison,3,9,-2.3284146785736084,0
5ac2660d55429951e9e685a1,bridge,3,0,8.745290756225586,1
5ac2660d55429951e9e685a1,bridge,5,1,7.365797996520996,0
5ac2660d55429951e9e685a1,bridge,0,2,6.055903911590576,0
5ac2660d55429951e9e685a1,bridge,7,3,4.58384370803833,0
5ac2660d55429951e9e685a1,bridge,9,4,3.7832705974578857,0
5ac2660d55429951e9e685a1,bridge,6,5,2.5925710201263428,0
5ac2660d55429951e9e685a1,bridge,4,6,2.5235679149627686,1
5ac2660d55429951e9e685a1,bridge,8,7,2.3244261741638184,0
5ac2660d55429951e9e685a1,bridge,1,8,1.865098476409912,0
5ac2660d55429951e9e685a1,bridge,2,9,0.6643630862236023,0
5a77d2d25542992a6e59dfe2,bridge,3,0,5.279567241668701,1
5a77d2d25542992a6e59dfe2,bridge,1,1,2.449389934539795,1
5a77d2d25542992a6e59dfe2,bridge,5,2,-0.5916219353675842,0
5a77d2d25542992a6e59dfe2,bridge,0,3,-0.746773362159729,0
5a77d2d25542992a6e59dfe2,bridge,9,4,-1.2988815307617188,0
5a77d2d25542992a6e59dfe2,bridge,7,5,-1.4071216583251953,0
5a77d2d25542992a6e59dfe2,bridge,2,6,-2.0364482402801514,0
5a77d2d25542992a6e59dfe2,bridge,8,7,-3.136420726776123,0
5a77d2d25542992a6e59dfe2,bridge,6,8,-3.877899169921875,0
5a77d2d25542992a6e59dfe2,bridge,4,9,-5.452423095703125,0
5abb11c15542992ccd8e7ef8,bridge,6,0,5.436543941497803,1
5abb11c15542992ccd8e7ef8,bridge,0,1,2.126004695892334,0
5abb11c15542992ccd8e7ef8,bridge,9,2,1.5932776927947998,1
5abb11c15542992ccd8e7ef8,bridge,7,3,-0.39033758640289307,0
5abb11c15542992ccd8e7ef8,bridge,5,4,-0.9231515526771545,0
5abb11c15542992ccd8e7ef8,bridge,1,5,-1.1081068515777588,0
5abb11c15542992ccd8e7ef8,bridge,8,6,-2.1556661128997803,0
5abb11c15542992ccd8e7ef8,bridge,2,7,-2.254940986633301,0
5abb11c15542992ccd8e7ef8,bridge,3,8,-3.0629208087921143,0
5abb11c15542992ccd8e7ef8,bridge,4,9,-5.306902885437012,0
5ae6638555429908198fa5ba,bridge,4,0,4.884642124176025,0
5ae6638555429908198fa5ba,bridge,2,1,1.855167031288147,0
5ae6638555429908198fa5ba,bridge,9,2,1.7117551565170288,1
5ae6638555429908198fa5ba,bridge,5,3,0.7004373669624329,1
5ae6638555429908198fa5ba,bridge,1,4,-6.619993686676025,0
5ae6638555429908198fa5ba,bridge,7,5,-8.031479835510254,0
5ae6638555429908198fa5ba,bridge,6,6,-8.20359992980957,0
5ae6638555429908198fa5ba,bridge,8,7,-8.595941543579102,0
5ae6638555429908198fa5ba,bridge,0,8,-9.079188346862793,0
5ae6638555429908198fa5ba,bridge,3,9,-9.13624382019043,0
5a77510b5542994aec3b728b,bridge,6,0,6.023827075958252,1
5a77510b5542994aec3b728b,bridge,1,1,5.137518882751465,0
5a77510b5542994aec3b728b,bridge,5,2,4.427974224090576,0
5a77510b5542994aec3b728b,bridge,8,3,3.525609254837036,1
5a77510b5542994aec3b728b,bridge,9,4,3.3772034645080566,0
5a77510b5542994aec3b728b,bridge,0,5,2.381277084350586,0
5a77510b5542994aec3b728b,bridge,2,6,1.674780011177063,0
5a77510b5542994aec3b728b,bridge,4,7,1.0332874059677124,0
5a77510b5542994aec3b728b,bridge,3,8,-2.70617938041687,0
5a77510b5542994aec3b728b,bridge,7,9,-2.868548631668091,0
5a887bc0554299206df2b2b6,bridge,3,0,7.581501007080078,1
5a887bc0554299206df2b2b6,bridge,9,1,6.302933216094971,1
5a887bc0554299206df2b2b6,bridge,1,2,0.5364150404930115,0
5a887bc0554299206df2b2b6,bridge,4,3,-0.13511337339878082,0
5a887bc0554299206df2b2b6,bridge,0,4,-0.7702232003211975,0
5a887bc0554299206df2b2b6,bridge,2,5,-1.5058075189590454,0
5a887bc0554299206df2b2b6,bridge,7,6,-1.788910150527954,0
5a887bc0554299206df2b2b6,bridge,8,7,-1.9582669734954834,0
5a887bc0554299206df2b2b6,bridge,5,8,-2.1693568229675293,0
5a887bc0554299206df2b2b6,bridge,6,9,-6.523776531219482,0
5a78f26055429970f5fffdeb,bridge,3,0,5.81329345703125,1
5a78f26055429970f5fffdeb,bridge,1,1,5.027453422546387,0
5a78f26055429970f5fffdeb,bridge,8,2,2.029913902282715,1
5a78f26055429970f5fffdeb,bridge,2,3,0.8272276520729065,0
5a78f26055429970f5fffdeb,bridge,0,4,0.12725277245044708,0
5a78f26055429970f5fffdeb,bridge,7,5,-1.227610468864441,0
5a78f26055429970f5fffdeb,bridge,5,6,-1.8862277269363403,0
5a78f26055429970f5fffdeb,bridge,6,7,-2.493104934692383,0
5a78f26055429970f5fffdeb,bridge,4,8,-3.0554497241973877,0
5a78f26055429970f5fffdeb,bridge,9,9,-4.14546012878418,0
5a739323554299623ed4abff,comparison,0,0,3.8597164154052734,1
5a739323554299623ed4abff,comparison,6,1,2.7405028343200684,1
5a739323554299623ed4abff,comparison,9,2,1.150394320487976,0
5a739323554299623ed4abff,comparison,1,3,-2.0887742042541504,0
5a739323554299623ed4abff,comparison,8,4,-2.3126509189605713,0
5a739323554299623ed4abff,comparison,5,5,-2.4145867824554443,0
5a739323554299623ed4abff,comparison,7,6,-2.489090919494629,0
5a739323554299623ed4abff,comparison,2,7,-3.3075551986694336,0
5a739323554299623ed4abff,comparison,3,8,-3.684614896774292,0
5a739323554299623ed4abff,comparison,4,9,-6.961954593658447,0
5ac50dd05542994611c8b343,bridge,0,0,5.3832573890686035,1
5ac50dd05542994611c8b343,bridge,5,1,4.604761600494385,0
5ac50dd05542994611c8b343,bridge,8,2,1.644968867301941,1
5ac50dd05542994611c8b343,bridge,2,3,0.6702147126197815,0
5ac50dd05542994611c8b343,bridge,3,4,0.3699547350406647,0
5ac50dd05542994611c8b343,bridge,1,5,-3.2872960567474365,0
5ac50dd05542994611c8b343,bridge,4,6,-4.286067008972168,0
5ac50dd05542994611c8b343,bridge,6,7,-6.48192834854126,0
5ac50dd05542994611c8b343,bridge,7,8,-9.317285537719727,0
5ac50dd05542994611c8b343,bridge,9,9,-10.144808769226074,0
5a8ece2e5542995085b37497,bridge,1,0,3.5031955242156982,1
5a8ece2e5542995085b37497,bridge,9,1,-1.1868631839752197,0
5a8ece2e5542995085b37497,bridge,8,2,-2.080310583114624,1
5a8ece2e5542995085b37497,bridge,2,3,-4.634471416473389,0
5a8ece2e5542995085b37497,bridge,4,4,-5.8398847579956055,0
5a8ece2e5542995085b37497,bridge,5,5,-6.358190536499023,0
5a8ece2e5542995085b37497,bridge,3,6,-6.5924973487854,0
5a8ece2e5542995085b37497,bridge,6,7,-6.9682769775390625,0
5a8ece2e5542995085b37497,bridge,7,8,-6.970585346221924,0
5a8ece2e5542995085b37497,bridge,0,9,-7.255570888519287,0
5ae375955542990afbd1e15d,bridge,2,0,5.677250385284424,1
5ae375955542990afbd1e15d,bridge,1,1,5.203088283538818,1
5ae375955542990afbd1e15d,bridge,0,2,-1.8655296564102173,0
5ae375955542990afbd1e15d,bridge,8,3,-2.804577112197876,0
5ae375955542990afbd1e15d,bridge,3,4,-4.651189804077148,0
5ae375955542990afbd1e15d,bridge,6,5,-5.214256763458252,0
5ae375955542990afbd1e15d,bridge,7,6,-6.27983283996582,0
5ae375955542990afbd1e15d,bridge,5,7,-7.223143100738525,0
5ae375955542990afbd1e15d,bridge,4,8,-8.947051048278809,0
5ae375955542990afbd1e15d,bridge,9,9,-9.02672004699707,0
5adf6aca5542993344016c8d,bridge,6,0,7.194637298583984,1
5adf6aca5542993344016c8d,bridge,2,1,6.615184783935547,1
5adf6aca5542993344016c8d,bridge,0,2,6.03941011428833,0
5adf6aca5542993344016c8d,bridge,8,3,1.488662838935852,0
5adf6aca5542993344016c8d,bridge,3,4,0.09809539467096329,0
5adf6aca5542993344016c8d,bridge,5,5,-0.7089329957962036,0
5adf6aca5542993344016c8d,bridge,9,6,-1.479994297027588,0
5adf6aca5542993344016c8d,bridge,1,7,-1.7443530559539795,0
5adf6aca5542993344016c8d,bridge,7,8,-1.9417554140090942,0
5adf6aca5542993344016c8d,bridge,4,9,-2.7544808387756348,0
5a8459aa5542996488c2e51e,bridge,0,0,4.594581604003906,1
5a8459aa5542996488c2e51e,bridge,2,1,1.4325822591781616,0
5a8459aa5542996488c2e51e,bridge,4,2,1.0810773372650146,0
5a8459aa5542996488c2e51e,bridge,7,3,-0.3760632276535034,0
5a8459aa5542996488c2e51e,bridge,3,4,-0.7369465231895447,1
5a8459aa5542996488c2e51e,bridge,6,5,-1.1977113485336304,0
5a8459aa5542996488c2e51e,bridge,1,6,-2.3866775035858154,0
5a8459aa5542996488c2e51e,bridge,8,7,-2.3900980949401855,0
5a8459aa5542996488c2e51e,bridge,5,8,-5.799623012542725,0
5a8459aa5542996488c2e51e,bridge,9,9,-10.846193313598633,0
5ab8a7f65542991b5579efca,bridge,6,0,5.827336311340332,1
5ab8a7f65542991b5579efca,bridge,3,1,1.8459409475326538,0
5ab8a7f65542991b5579efca,bridge,8,2,1.085194706916809,0
5ab8a7f65542991b5579efca,bridge,9,3,0.012334845960140228,0
5ab8a7f65542991b5579efca,bridge,0,4,-2.011258363723755,0
5ab8a7f65542991b5579efca,bridge,2,5,-2.3071210384368896,0
5ab8a7f65542991b5579efca,bridge,1,6,-2.4607772827148438,0
5ab8a7f65542991b5579efca,bridge,7,7,-3.7087090015411377,0
5ab8a7f65542991b5579efca,bridge,5,8,-4.0744781494140625,1
5ab8a7f65542991b5579efca,bridge,4,9,-4.096336841583252,0
5adf9f6c5542992d7e9f93c2,bridge,7,0,6.541419982910156,1
5adf9f6c5542992d7e9f93c2,bridge,5,1,6.120428085327148,1
5adf9f6c5542992d7e9f93c2,bridge,1,2,1.4103409051895142,0
5adf9f6c5542992d7e9f93c2,bridge,8,3,1.2008397579193115,0
5adf9f6c5542992d7e9f93c2,bridge,3,4,-0.7379187345504761,0
5adf9f6c5542992d7e9f93c2,bridge,6,5,-1.1583081483840942,0
5adf9f6c5542992d7e9f93c2,bridge,0,6,-1.6114040613174438,0
5adf9f6c5542992d7e9f93c2,bridge,2,7,-4.131688594818115,0
5adf9f6c5542992d7e9f93c2,bridge,9,8,-4.6744208335876465,0
5adf9f6c5542992d7e9f93c2,bridge,4,9,-4.73429536819458,0
5ae74fb95542991e8301cc57,bridge,3,0,2.6673500537872314,1
5ae74fb95542991e8301cc57,bridge,7,1,0.45258045196533203,1
5ae74fb95542991e8301cc57,bridge,5,2,-0.47882241010665894,0
5ae74fb95542991e8301cc57,bridge,1,3,-1.4230382442474365,0
5ae74fb95542991e8301cc57,bridge,0,4,-2.0571680068969727,0
5ae74fb95542991e8301cc57,bridge,4,5,-2.165973424911499,0
5ae74fb95542991e8301cc57,bridge,9,6,-4.589670181274414,0
5ae74fb95542991e8301cc57,bridge,8,7,-5.561397552490234,0
5ae74fb95542991e8301cc57,bridge,6,8,-5.904247283935547,0
5ae74fb95542991e8301cc57,bridge,2,9,-6.192536354064941,0
5ae28f43554299492dc91c2f,comparison,2,0,4.132141590118408,1
5ae28f43554299492dc91c2f,comparison,1,1,1.6028316020965576,1
5ae28f43554299492dc91c2f,comparison,3,2,-0.22745956480503082,0
5ae28f43554299492dc91c2f,comparison,8,3,-0.8389939665794373,0
5ae28f43554299492dc91c2f,comparison,7,4,-1.4991124868392944,0
5ae28f43554299492dc91c2f,comparison,6,5,-4.166403770446777,0
5ae28f43554299492dc91c2f,comparison,9,6,-8.115452766418457,0
5ae28f43554299492dc91c2f,comparison,0,7,-8.781107902526855,0
5ae28f43554299492dc91c2f,comparison,4,8,-10.450446128845215,0
5ae28f43554299492dc91c2f,comparison,5,9,-10.829965591430664,0
5ab6bb575542995eadef0088,bridge,9,0,6.173903465270996,1
5ab6bb575542995eadef0088,bridge,5,1,-0.3246953785419464,0
5ab6bb575542995eadef0088,bridge,1,2,-0.9375930428504944,0
5ab6bb575542995eadef0088,bridge,2,3,-2.1809792518615723,0
5ab6bb575542995eadef0088,bridge,3,4,-2.260486364364624,0
5ab6bb575542995eadef0088,bridge,8,5,-2.557818651199341,1
5ab6bb575542995eadef0088,bridge,7,6,-3.8358004093170166,0
5ab6bb575542995eadef0088,bridge,6,7,-4.463701248168945,0
5ab6bb575542995eadef0088,bridge,0,8,-5.423918724060059,0
5ab6bb575542995eadef0088,bridge,4,9,-5.888969898223877,0
5a8307c055429966c78a6af9,bridge,4,0,6.0875468254089355,1
5a8307c055429966c78a6af9,bridge,3,1,2.1685550212860107,1
5a8307c055429966c78a6af9,bridge,5,2,1.3286906480789185,0
5a8307c055429966c78a6af9,bridge,6,3,-0.3595447838306427,0
5a8307c055429966c78a6af9,bridge,8,4,-1.4115900993347168,0
5a8307c055429966c78a6af9,bridge,7,5,-2.5736327171325684,0
5a8307c055429966c78a6af9,bridge,0,6,-2.999941825866699,0
5a8307c055429966c78a6af9,bridge,9,7,-6.148837089538574,0
5a8307c055429966c78a6af9,bridge,2,8,-6.5701003074646,0
5a8307c055429966c78a6af9,bridge,1,9,-7.940000534057617,0
5ac31a73554299741d48a1e9,bridge,2,0,10.530625343322754,1
5ac31a73554299741d48a1e9,bridge,4,1,6.054412841796875,1
5ac31a73554299741d48a1e9,bridge,9,2,3.4649574756622314,0
5ac31a73554299741d48a1e9,bridge,5,3,2.6319046020507812,0
5ac31a73554299741d48a1e9,bridge,3,4,2.4236631393432617,0
5ac31a73554299741d48a1e9,bridge,0,5,-0.8421715497970581,0
5ac31a73554299741d48a1e9,bridge,8,6,-1.5151537656784058,0
5ac31a73554299741d48a1e9,bridge,1,7,-6.590876579284668,0
5ac31a73554299741d48a1e9,bridge,6,8,-6.829800128936768,0
5ac31a73554299741d48a1e9,bridge,7,9,-8.346193313598633,0
5ae7b001554299540e5a5645,bridge,1,0,-2.238450527191162,1
5ae7b001554299540e5a5645,bridge,3,1,-3.4949514865875244,1
5ae7b001554299540e5a5645,bridge,2,2,-4.203071594238281,0
5ae7b001554299540e5a5645,bridge,7,3,-6.0067572593688965,0
5ae7b001554299540e5a5645,bridge,4,4,-6.007144927978516,0
5ae7b001554299540e5a5645,bridge,5,5,-6.388298511505127,0
5ae7b001554299540e5a5645,bridge,9,6,-7.342680931091309,0
5ae7b001554299540e5a5645,bridge,6,7,-7.356952667236328,0
5ae7b001554299540e5a5645,bridge,8,8,-7.770151615142822,0
5ae7b001554299540e5a5645,bridge,0,9,-8.551335334777832,0
5a77519c55429972597f14fa,bridge,3,0,7.865707874298096,1
5a77519c55429972597f14fa,bridge,0,1,2.2751474380493164,0
5a77519c55429972597f14fa,bridge,5,2,1.8875008821487427,0
5a77519c55429972597f14fa,bridge,9,3,0.10261449962854385,0
5a77519c55429972597f14fa,bridge,7,4,-0.09189015626907349,0
5a77519c55429972597f14fa,bridge,4,5,-0.6954460740089417,0
5a77519c55429972597f14fa,bridge,1,6,-2.001758575439453,1
5a77519c55429972597f14fa,bridge,2,7,-6.251437664031982,0
5a77519c55429972597f14fa,bridge,8,8,-6.6301422119140625,0
5a77519c55429972597f14fa,bridge,6,9,-8.201642990112305,0
5a75e7b255429976ec32bc95,comparison,4,0,9.126480102539062,1
5a75e7b255429976ec32bc95,comparison,0,1,5.897562503814697,0
5a75e7b255429976ec32bc95,comparison,9,2,4.757086277008057,0
5a75e7b255429976ec32bc95,comparison,6,3,4.669985294342041,0
5a75e7b255429976ec32bc95,comparison,7,4,4.453699111938477,0
5a75e7b255429976ec32bc95,comparison,8,5,4.257355213165283,0
5a75e7b255429976ec32bc95,comparison,5,6,3.7190725803375244,0
5a75e7b255429976ec32bc95,comparison,3,7,3.640906810760498,0
5a75e7b255429976ec32bc95,comparison,1,8,3.637568950653076,1
5a75e7b255429976ec32bc95,comparison,2,9,1.8441855907440186,0
5ab47e0a5542990594ba9c32,bridge,6,0,7.522271633148193,1
5ab47e0a5542990594ba9c32,bridge,3,1,1.1273348331451416,0
5ab47e0a5542990594ba9c32,bridge,0,2,0.19283567368984222,0
5ab47e0a5542990594ba9c32,bridge,5,3,-2.5860543251037598,0
5ab47e0a5542990594ba9c32,bridge,1,4,-3.594130754470825,0
5ab47e0a5542990594ba9c32,bridge,9,5,-3.7152931690216064,1
5ab47e0a5542990594ba9c32,bridge,8,6,-3.9526445865631104,0
5ab47e0a5542990594ba9c32,bridge,7,7,-4.091218948364258,0
5ab47e0a5542990594ba9c32,bridge,4,8,-4.125560760498047,0
5ab47e0a5542990594ba9c32,bridge,2,9,-4.571581840515137,0
5ab5fcae554299110f2199ad,bridge,2,0,7.3683037757873535,1
5ab5fcae554299110f2199ad,bridge,4,1,6.866979598999023,1
5ab5fcae554299110f2199ad,bridge,1,2,4.570598602294922,0
5ab5fcae554299110f2199ad,bridge,9,3,4.314121723175049,0
5ab5fcae554299110f2199ad,bridge,7,4,3.6992616653442383,0
5ab5fcae554299110f2199ad,bridge,6,5,2.81002140045166,0
5ab5fcae554299110f2199ad,bridge,0,6,0.22280916571617126,0
5ab5fcae554299110f2199ad,bridge,3,7,-1.0487703084945679,0
5ab5fcae554299110f2199ad,bridge,8,8,-5.488842487335205,0
5ab5fcae554299110f2199ad,bridge,5,9,-6.85832405090332,0
5a8d7b1755429941ae14dfc6,bridge,8,0,1.5414122343063354,1
5a8d7b1755429941ae14dfc6,bridge,6,1,-3.9853010177612305,0
5a8d7b1755429941ae14dfc6,bridge,4,2,-4.414026737213135,1
5a8d7b1755429941ae14dfc6,bridge,9,3,-4.66718053817749,0
5a8d7b1755429941ae14dfc6,bridge,7,4,-4.803748607635498,0
5a8d7b1755429941ae14dfc6,bridge,0,5,-5.379324436187744,0
5a8d7b1755429941ae14dfc6,bridge,2,6,-6.243135452270508,0
5a8d7b1755429941ae14dfc6,bridge,1,7,-7.532744407653809,0
5a8d7b1755429941ae14dfc6,bridge,3,8,-7.774178504943848,0
5a8d7b1755429941ae14dfc6,bridge,5,9,-8.458470344543457,0
5ae60db1554299546bf83041,bridge,6,0,7.0545854568481445,1
5ae60db1554299546bf83041,bridge,5,1,-2.623412609100342,0
5ae60db1554299546bf83041,bridge,0,2,-3.2629904747009277,0
5ae60db1554299546bf83041,bridge,2,3,-3.3122200965881348,0
5ae60db1554299546bf83041,bridge,1,4,-3.4738550186157227,1
5ae60db1554299546bf83041,bridge,3,5,-5.975168228149414,0
5ae60db1554299546bf83041,bridge,8,6,-7.261306285858154,0
5ae60db1554299546bf83041,bridge,4,7,-7.279695510864258,0
5ae60db1554299546bf83041,bridge,9,8,-9.145124435424805,0
5ae60db1554299546bf83041,bridge,7,9,-9.782320022583008,0
5ac3d9135542995c82c4ac4c,bridge,9,0,4.035693168640137,1
5ac3d9135542995c82c4ac4c,bridge,4,1,2.2844502925872803,1
5ac3d9135542995c82c4ac4c,bridge,2,2,-0.4226621985435486,0
5ac3d9135542995c82c4ac4c,bridge,1,3,-0.8560340404510498,0
5ac3d9135542995c82c4ac4c,bridge,8,4,-2.000095844268799,0
5ac3d9135542995c82c4ac4c,bridge,3,5,-5.551706314086914,0
5ac3d9135542995c82c4ac4c,bridge,6,6,-6.3303093910217285,0
5ac3d9135542995c82c4ac4c,bridge,7,7,-6.532042503356934,0
5ac3d9135542995c82c4ac4c,bridge,0,8,-7.358429908752441,0
5ac3d9135542995c82c4ac4c,bridge,5,9,-8.423932075500488,0
5ab26a4b55429970612095fc,bridge,1,0,6.062238693237305,1
5ab26a4b55429970612095fc,bridge,2,1,-7.123961925506592,0
5ab26a4b55429970612095fc,bridge,3,2,-10.339398384094238,0
5ab26a4b55429970612095fc,bridge,0,3,-10.74681568145752,1
5a738a5955429908901be2f6,bridge,5,0,4.649895668029785,1
5a738a5955429908901be2f6,bridge,2,1,-6.96502685546875,1
5a738a5955429908901be2f6,bridge,4,2,-7.299746036529541,0
5a738a5955429908901be2f6,bridge,0,3,-7.707013130187988,0
5a738a5955429908901be2f6,bridge,3,4,-8.124031066894531,0
5a738a5955429908901be2f6,bridge,1,5,-8.130666732788086,0
5a738a5955429908901be2f6,bridge,8,6,-8.308670997619629,0
5a738a5955429908901be2f6,bridge,7,7,-8.918664932250977,0
5a738a5955429908901be2f6,bridge,9,8,-10.93400764465332,0
5a738a5955429908901be2f6,bridge,6,9,-10.99056339263916,0
5a73d951554299623ed4ac77,bridge,1,0,7.2374372482299805,1
5a73d951554299623ed4ac77,bridge,3,1,-0.023839302361011505,0
5a73d951554299623ed4ac77,bridge,6,2,-2.9599480628967285,1
5a73d951554299623ed4ac77,bridge,5,3,-5.950317859649658,0
5a73d951554299623ed4ac77,bridge,2,4,-6.067710876464844,0
5a73d951554299623ed4ac77,bridge,7,5,-7.081457138061523,0
5a73d951554299623ed4ac77,bridge,4,6,-7.324110984802246,0
5a73d951554299623ed4ac77,bridge,8,7,-7.607110500335693,0
5a73d951554299623ed4ac77,bridge,0,8,-8.50572395324707,0
5a73d951554299623ed4ac77,bridge,9,9,-9.37458610534668,0
5a8708ba55429960ec39b701,bridge,1,0,9.454936027526855,1
5a8708ba55429960ec39b701,bridge,0,1,7.52065896987915,1
5a8708ba55429960ec39b701,bridge,2,2,3.4235334396362305,0
5a8708ba55429960ec39b701,bridge,3,3,2.4412038326263428,0
5a8708ba55429960ec39b701,bridge,7,4,1.9706412553787231,0
5a8708ba55429960ec39b701,bridge,9,5,1.8428966999053955,0
5a8708ba55429960ec39b701,bridge,6,6,-0.44499650597572327,0
5a8708ba55429960ec39b701,bridge,5,7,-0.8773383498191833,0
5a8708ba55429960ec39b701,bridge,8,8,-1.4384807348251343,0
5a8708ba55429960ec39b701,bridge,4,9,-3.5017077922821045,0
5a7147fd5542994082a3e758,bridge,0,0,6.990250110626221,1
5a7147fd5542994082a3e758,bridge,8,1,-0.23040029406547546,0
5a7147fd5542994082a3e758,bridge,7,2,-3.703943967819214,0
5a7147fd5542994082a3e758,bridge,6,3,-4.242114067077637,1
5a7147fd5542994082a3e758,bridge,3,4,-5.412397861480713,0
5a7147fd5542994082a3e758,bridge,5,5,-5.918212890625,0
5a7147fd5542994082a3e758,bridge,9,6,-9.104247093200684,0
5a7147fd5542994082a3e758,bridge,2,7,-9.293581008911133,0
5a7147fd5542994082a3e758,bridge,1,8,-10.08885383605957,0
5a7147fd5542994082a3e758,bridge,4,9,-10.736124992370605,0
5ab7f0b9554299366779405d,comparison,6,0,4.202700138092041,1
5ab7f0b9554299366779405d,comparison,9,1,1.6388880014419556,1
5ab7f0b9554299366779405d,comparison,5,2,1.206289529800415,0
5ab7f0b9554299366779405d,comparison,4,3,-1.9372596740722656,0
5ab7f0b9554299366779405d,comparison,8,4,-3.4281301498413086,0
5ab7f0b9554299366779405d,comparison,1,5,-4.3634538650512695,0
5ab7f0b9554299366779405d,comparison,2,6,-5.552976608276367,0
5ab7f0b9554299366779405d,comparison,7,7,-8.925908088684082,0
5ab7f0b9554299366779405d,comparison,0,8,-9.035114288330078,0
5ab7f0b9554299366779405d,comparison,3,9,-9.746992111206055,0
5ade0fbb5542995b365fabfb,bridge,1,0,6.907708644866943,1
5ade0fbb5542995b365fabfb,bridge,4,1,3.092271327972412,1
5ade0fbb5542995b365fabfb,bridge,3,2,-4.2324042320251465,0
5ade0fbb5542995b365fabfb,bridge,2,3,-4.838057041168213,0
5ade0fbb5542995b365fabfb,bridge,0,4,-5.778828144073486,0
5ade0fbb5542995b365fabfb,bridge,8,5,-6.552800178527832,0
5ade0fbb5542995b365fabfb,bridge,7,6,-6.9415283203125,0
5ade0fbb5542995b365fabfb,bridge,5,7,-7.426788330078125,0
5ade0fbb5542995b365fabfb,bridge,9,8,-7.451841831207275,0
5ade0fbb5542995b365fabfb,bridge,6,9,-10.371782302856445,0
5a7324205542994cef4bc478,comparison,2,0,5.62351655960083,1
5a7324205542994cef4bc478,comparison,3,1,3.994678497314453,1
5a7324205542994cef4bc478,comparison,0,2,3.485299587249756,0
5a7324205542994cef4bc478,comparison,1,3,2.892216920852661,0
5a7324205542994cef4bc478,comparison,6,4,-0.1101560965180397,0
5a7324205542994cef4bc478,comparison,9,5,-1.085902452468872,0
5a7324205542994cef4bc478,comparison,8,6,-1.7294812202453613,0
5a7324205542994cef4bc478,comparison,4,7,-3.2345423698425293,0
5a7324205542994cef4bc478,comparison,7,8,-3.490443229675293,0
5a7324205542994cef4bc478,comparison,5,9,-4.2999725341796875,0
5a80cddd554299260e20a169,bridge,8,0,5.858600616455078,1
5a80cddd554299260e20a169,bridge,3,1,1.9248945713043213,1
5a80cddd554299260e20a169,bridge,0,2,1.4006911516189575,0
5a80cddd554299260e20a169,bridge,1,3,0.5514683127403259,0
5a80cddd554299260e20a169,bridge,4,4,-1.0766000747680664,0
5a80cddd554299260e20a169,bridge,9,5,-2.2458925247192383,0
5a80cddd554299260e20a169,bridge,5,6,-3.0544815063476562,0
5a80cddd554299260e20a169,bridge,7,7,-3.0889410972595215,0
5a80cddd554299260e20a169,bridge,6,8,-3.103064775466919,0
5a80cddd554299260e20a169,bridge,2,9,-4.271542072296143,0
5a8f15d2554299458435d551,bridge,2,0,8.284423828125,1
5a8f15d2554299458435d551,bridge,6,1,-2.0449130535125732,0
5a8f15d2554299458435d551,bridge,1,2,-2.8774924278259277,0
5a8f15d2554299458435d551,bridge,5,3,-3.7510855197906494,0
5a8f15d2554299458435d551,bridge,7,4,-4.965627193450928,0
5a8f15d2554299458435d551,bridge,3,5,-5.003441333770752,1
5a8f15d2554299458435d551,bridge,9,6,-5.474891662597656,0
5a8f15d2554299458435d551,bridge,8,7,-6.838496685028076,0
5a8f15d2554299458435d551,bridge,4,8,-8.805131912231445,0
5a8f15d2554299458435d551,bridge,0,9,-9.72883129119873,0
5ac2dc4b55429921a00ab083,comparison,1,0,2.053230047225952,1
5ac2dc4b55429921a00ab083,comparison,7,1,0.6704462766647339,1
5ac2dc4b55429921a00ab083,comparison,4,2,-4.235720634460449,0
5ac2dc4b55429921a00ab083,comparison,5,3,-4.536047458648682,0
5ac2dc4b55429921a00ab083,comparison,6,4,-4.790533542633057,0
5ac2dc4b55429921a00ab083,comparison,2,5,-4.917272090911865,0
5ac2dc4b55429921a00ab083,comparison,3,6,-6.447828769683838,0
5ac2dc4b55429921a00ab083,comparison,0,7,-6.739663124084473,0
5ac2dc4b55429921a00ab083,comparison,8,8,-8.328047752380371,0
5ac2dc4b55429921a00ab083,comparison,9,9,-8.392048835754395,0
5a845d735542996488c2e52e,bridge,6,0,3.223679542541504,1
5a845d735542996488c2e52e,bridge,0,1,-0.8597508668899536,0
5a845d735542996488c2e52e,bridge,2,2,-2.5062334537506104,1
5a845d735542996488c2e52e,bridge,4,3,-3.654698371887207,0
5a845d735542996488c2e52e,bridge,1,4,-3.696614980697632,0
5a845d735542996488c2e52e,bridge,8,5,-4.155733108520508,0
5a845d735542996488c2e52e,bridge,9,6,-5.220315933227539,0
5a845d735542996488c2e52e,bridge,7,7,-6.097601890563965,0
5a845d735542996488c2e52e,bridge,3,8,-6.305657863616943,0
5a845d735542996488c2e52e,bridge,5,9,-7.0664567947387695,0
5a835a7b554299123d8c20fc,comparison,4,0,5.63404655456543,1
5a835a7b554299123d8c20fc,comparison,8,1,2.752272129058838,1
5a835a7b554299123d8c20fc,comparison,1,2,-2.664830446243286,0
5a835a7b554299123d8c20fc,comparison,3,3,-4.154770851135254,0
5a835a7b554299123d8c20fc,comparison,5,4,-4.3337812423706055,0
5a835a7b554299123d8c20fc,comparison,6,5,-5.032131195068359,0
5a835a7b554299123d8c20fc,comparison,2,6,-5.226381301879883,0
5a835a7b554299123d8c20fc,comparison,7,7,-7.101706504821777,0
5a835a7b554299123d8c20fc,comparison,9,8,-7.645962238311768,0
5a835a7b554299123d8c20fc,comparison,0,9,-7.846790790557861,0
5ab29e87554299194fa9346e,bridge,6,0,4.16424036026001,1
5ab29e87554299194fa9346e,bridge,1,1,-3.2103543281555176,0
5ab29e87554299194fa9346e,bridge,2,2,-4.0070390701293945,0
5ab29e87554299194fa9346e,bridge,8,3,-5.724115371704102,0
5ab29e87554299194fa9346e,bridge,0,4,-6.07436466217041,0
5ab29e87554299194fa9346e,bridge,5,5,-6.246227264404297,0
5ab29e87554299194fa9346e,bridge,4,6,-6.953241348266602,0
5ab29e87554299194fa9346e,bridge,9,7,-7.274950981140137,0
5ab29e87554299194fa9346e,bridge,3,8,-7.911994457244873,0
5ab29e87554299194fa9346e,bridge,7,9,-8.888943672180176,1
5ade90aa554299728e26c733,bridge,1,0,4.320687770843506,1
5ade90aa554299728e26c733,bridge,5,1,1.8528951406478882,1
5ade90aa554299728e26c733,bridge,3,2,-1.7064634561538696,0
5ade90aa554299728e26c733,bridge,6,3,-1.771998405456543,0
5ade90aa554299728e26c733,bridge,7,4,-2.0158767700195312,0
5ade90aa554299728e26c733,bridge,2,5,-2.1602730751037598,0
5ade90aa554299728e26c733,bridge,9,6,-2.7850356101989746,0
5ade90aa554299728e26c733,bridge,4,7,-3.3762319087982178,0
5ade90aa554299728e26c733,bridge,0,8,-3.6745142936706543,0
5ade90aa554299728e26c733,bridge,8,9,-3.7068610191345215,0
5a7651825542992d0ec060a3,comparison,8,0,5.607203960418701,1
5a7651825542992d0ec060a3,comparison,9,1,2.992058515548706,1
5a7651825542992d0ec060a3,comparison,3,2,2.6138362884521484,0
5a7651825542992d0ec060a3,comparison,2,3,-1.275645136833191,0
5a7651825542992d0ec060a3,comparison,7,4,-1.6164004802703857,0
5a7651825542992d0ec060a3,comparison,0,5,-1.6432874202728271,0
5a7651825542992d0ec060a3,comparison,5,6,-1.7881617546081543,0
5a7651825542992d0ec060a3,comparison,4,7,-1.9312478303909302,0
5a7651825542992d0ec060a3,comparison,6,8,-2.2653818130493164,0
5a7651825542992d0ec060a3,comparison,1,9,-5.047689437866211,0
5a8031c1554299485f598585,bridge,5,0,8.668915748596191,1
5a8031c1554299485f598585,bridge,1,1,-0.7667218446731567,0
5a8031c1554299485f598585,bridge,7,2,-0.9767104983329773,0
5a8031c1554299485f598585,bridge,3,3,-1.247799277305603,1
5a8031c1554299485f598585,bridge,8,4,-1.8074861764907837,0
5a8031c1554299485f598585,bridge,2,5,-2.226101875305176,0
5a8031c1554299485f598585,bridge,9,6,-2.808072805404663,0
5a8031c1554299485f598585,bridge,6,7,-2.8097007274627686,0
5a8031c1554299485f598585,bridge,0,8,-3.5924391746520996,0
5a8031c1554299485f598585,bridge,4,9,-4.1700568199157715,0
5a84c89a5542992a431d1a9c,bridge,4,0,6.717278480529785,1
5a84c89a5542992a431d1a9c,bridge,6,1,-3.5027315616607666,0
5a84c89a5542992a431d1a9c,bridge,1,2,-3.8206441402435303,1
5a84c89a5542992a431d1a9c,bridge,5,3,-4.9131574630737305,0
5a84c89a5542992a431d1a9c,bridge,0,4,-8.104961395263672,0
5a84c89a5542992a431d1a9c,bridge,2,5,-8.133928298950195,0
5a84c89a5542992a431d1a9c,bridge,9,6,-8.430991172790527,0
5a84c89a5542992a431d1a9c,bridge,3,7,-9.17348861694336,0
5a84c89a5542992a431d1a9c,bridge,7,8,-9.374650955200195,0
5a84c89a5542992a431d1a9c,bridge,8,9,-9.474939346313477,0
5ae5f3bb5542996de7b71a7e,bridge,7,0,3.7090518474578857,1
5ae5f3bb5542996de7b71a7e,bridge,8,1,0.22014407813549042,0
5ae5f3bb5542996de7b71a7e,bridge,0,2,-0.2948140501976013,0
5ae5f3bb5542996de7b71a7e,bridge,6,3,-1.0381264686584473,0
5ae5f3bb5542996de7b71a7e,bridge,2,4,-1.1242581605911255,0
5ae5f3bb5542996de7b71a7e,bridge,5,5,-1.8374947309494019,0
5ae5f3bb5542996de7b71a7e,bridge,1,6,-2.511878252029419,0
5ae5f3bb5542996de7b71a7e,bridge,9,7,-3.0469260215759277,1
5ae5f3bb5542996de7b71a7e,bridge,4,8,-5.669875621795654,0
5ae5f3bb5542996de7b71a7e,bridge,3,9,-8.712824821472168,0
5ae4a3265542995ad6573de5,comparison,1,0,5.033666133880615,1
5ae4a3265542995ad6573de5,comparison,9,1,1.7204724550247192,0
5ae4a3265542995ad6573de5,comparison,0,2,0.8329983949661255,0
5ae4a3265542995ad6573de5,comparison,3,3,0.6253098249435425,0
5ae4a3265542995ad6573de5,comparison,5,4,0.10231692343950272,1
5ae4a3265542995ad6573de5,comparison,8,5,-2.0341427326202393,0
5ae4a3265542995ad6573de5,comparison,4,6,-2.877164840698242,0
5ae4a3265542995ad6573de5,comparison,6,7,-8.125099182128906,0
5ae4a3265542995ad6573de5,comparison,2,8,-8.339707374572754,0
5ae4a3265542995ad6573de5,comparison,7,9,-8.342660903930664,0
5ade0a275542997545bbbe2d,bridge,1,0,4.864326477050781,1
5ade0a275542997545bbbe2d,bridge,9,1,0.5954347848892212,0
5ade0a275542997545bbbe2d,bridge,7,2,-0.43755581974983215,0
5ade0a275542997545bbbe2d,bridge,0,3,-0.7960361838340759,0
5ade0a275542997545bbbe2d,bridge,5,4,-1.5822890996932983,0
5ade0a275542997545bbbe2d,bridge,4,5,-2.0117433071136475,0
5ade0a275542997545bbbe2d,bridge,3,6,-2.341566562652588,1
5ade0a275542997545bbbe2d,bridge,2,7,-2.878004550933838,0
5ade0a275542997545bbbe2d,bridge,8,8,-3.5330660343170166,0
5ade0a275542997545bbbe2d,bridge,6,9,-3.722447156906128,0
5ae676915542995703ce8b66,bridge,5,0,5.316087245941162,0
5ae676915542995703ce8b66,bridge,4,1,5.218913555145264,0
5ae676915542995703ce8b66,bridge,0,2,4.8968915939331055,0
5ae676915542995703ce8b66,bridge,7,3,4.729649066925049,1
5ae676915542995703ce8b66,bridge,8,4,4.052365303039551,0
5ae676915542995703ce8b66,bridge,6,5,2.730027914047241,0
5ae676915542995703ce8b66,bridge,1,6,2.264089822769165,0
5ae676915542995703ce8b66,bridge,9,7,0.5600696802139282,0
5ae676915542995703ce8b66,bridge,2,8,0.4829997718334198,0
5ae676915542995703ce8b66,bridge,3,9,-0.4468606412410736,1
5a8c6ebd5542996e8ac88aa9,bridge,4,0,7.340185165405273,1
5a8c6ebd5542996e8ac88aa9,bridge,8,1,-0.5904659032821655,0
5a8c6ebd5542996e8ac88aa9,bridge,6,2,-1.8473689556121826,1
5a8c6ebd5542996e8ac88aa9,bridge,3,3,-3.1012871265411377,0
5a8c6ebd5542996e8ac88aa9,bridge,5,4,-3.233206272125244,0
5a8c6ebd5542996e8ac88aa9,bridge,9,5,-3.3782546520233154,0
5a8c6ebd5542996e8ac88aa9,bridge,7,6,-3.7244765758514404,0
5a8c6ebd5542996e8ac88aa9,bridge,1,7,-4.227416038513184,0
5a8c6ebd5542996e8ac88aa9,bridge,2,8,-6.568190097808838,0
5a8c6ebd5542996e8ac88aa9,bridge,0,9,-10.406926155090332,0
5ac02d59554299294b218f3b,bridge,2,0,7.728574275970459,1
5ac02d59554299294b218f3b,bridge,5,1,3.74686598777771,1
5ac02d59554299294b218f3b,bridge,1,2,0.3813679814338684,0
5ac02d59554299294b218f3b,bridge,7,3,-0.22492438554763794,0
5ac02d59554299294b218f3b,bridge,9,4,-5.843833923339844,0
5ac02d59554299294b218f3b,bridge,0,5,-6.377142906188965,0
5ac02d59554299294b218f3b,bridge,6,6,-7.143129825592041,0
5ac02d59554299294b218f3b,bridge,8,7,-7.174092769622803,0
5ac02d59554299294b218f3b,bridge,4,8,-7.362656593322754,0
5ac02d59554299294b218f3b,bridge,3,9,-9.617318153381348,0
5a7f68365542994857a7672e,comparison,1,0,5.108149528503418,1
5a7f68365542994857a7672e,comparison,5,1,4.451035499572754,0
5a7f68365542994857a7672e,comparison,6,2,3.4717676639556885,1
5a7f68365542994857a7672e,comparison,2,3,3.2971224784851074,0
5a7f68365542994857a7672e,comparison,0,4,2.7443082332611084,0
5a7f68365542994857a7672e,comparison,7,5,2.7223455905914307,0
5a7f68365542994857a7672e,comparison,4,6,2.718465805053711,0
5a7f68365542994857a7672e,comparison,3,7,2.696817398071289,0
5a7f68365542994857a7672e,comparison,9,8,0.7846812605857849,0
5a7f68365542994857a7672e,comparison,8,9,0.6882244944572449,0
5ab5c984554299488d4d9a21,bridge,3,0,5.7212677001953125,1
5ab5c984554299488d4d9a21,bridge,7,1,2.6647818088531494,1
5ab5c984554299488d4d9a21,bridge,9,2,-2.7112293243408203,0
5ab5c984554299488d4d9a21,bridge,5,3,-3.163961410522461,0
5ab5c984554299488d4d9a21,bridge,0,4,-6.4618964195251465,0
5ab5c984554299488d4d9a21,bridge,2,5,-7.691802501678467,0
5ab5c984554299488d4d9a21,bridge,1,6,-7.980287551879883,0
5ab5c984554299488d4d9a21,bridge,8,7,-8.237926483154297,0
5ab5c984554299488d4d9a21,bridge,4,8,-8.610956192016602,0
5ab5c984554299488d4d9a21,bridge,6,9,-9.472208976745605,0
5ae0b68e55429906c02daafb,bridge,7,0,5.634171485900879,1
5ae0b68e55429906c02daafb,bridge,8,1,0.13396747410297394,0
5ae0b68e55429906c02daafb,bridge,3,2,0.113409124314785,1
5ae0b68e55429906c02daafb,bridge,2,3,-1.5435510873794556,0
5ae0b68e55429906c02daafb,bridge,4,4,-5.211788177490234,0
5ae0b68e55429906c02daafb,bridge,1,5,-5.470278739929199,0
5ae0b68e55429906c02daafb,bridge,5,6,-6.434312343597412,0
5ae0b68e55429906c02daafb,bridge,9,7,-6.494360446929932,0
5ae0b68e55429906c02daafb,bridge,6,8,-8.178369522094727,0
5ae0b68e55429906c02daafb,bridge,0,9,-9.60518741607666,0
5ac52f455542996feb3fea12,bridge,0,0,2.2241570949554443,1
5ac52f455542996feb3fea12,bridge,9,1,-1.7818721532821655,1
5ac52f455542996feb3fea12,bridge,2,2,-8.2918119430542,0
5ac52f455542996feb3fea12,bridge,8,3,-10.176972389221191,0
5ac52f455542996feb3fea12,bridge,5,4,-10.684901237487793,0
5ac52f455542996feb3fea12,bridge,7,5,-10.924144744873047,0
5ac52f455542996feb3fea12,bridge,6,6,-11.023409843444824,0
5ac52f455542996feb3fea12,bridge,4,7,-11.083659172058105,0
5ac52f455542996feb3fea12,bridge,1,8,-11.209373474121094,0
5ac52f455542996feb3fea12,bridge,3,9,-11.210793495178223,0
5a79257b55429974737f79a7,bridge,7,0,5.576566696166992,1
5a79257b55429974737f79a7,bridge,3,1,2.6165003776550293,1
5a79257b55429974737f79a7,bridge,6,2,2.0380406379699707,0
5a79257b55429974737f79a7,bridge,5,3,1.2419849634170532,0
5a79257b55429974737f79a7,bridge,8,4,0.8573797941207886,0
5a79257b55429974737f79a7,bridge,9,5,-0.26974475383758545,0
5a79257b55429974737f79a7,bridge,0,6,-0.7439802289009094,0
5a79257b55429974737f79a7,bridge,4,7,-2.7734270095825195,0
5a79257b55429974737f79a7,bridge,2,8,-5.1427812576293945,0
5a79257b55429974737f79a7,bridge,1,9,-9.400596618652344,0
5a87ef2f55429938390d3eb9,comparison,0,0,5.264714241027832,1
5a87ef2f55429938390d3eb9,comparison,4,1,1.8090845346450806,1
5a87ef2f55429938390d3eb9,comparison,5,2,1.4774680137634277,0
5a87ef2f55429938390d3eb9,comparison,8,3,0.3098457455635071,0
5a87ef2f55429938390d3eb9,comparison,9,4,-1.1613609790802002,0
5a87ef2f55429938390d3eb9,comparison,3,5,-2.6764237880706787,0
5a87ef2f55429938390d3eb9,comparison,2,6,-3.2519168853759766,0
5a87ef2f55429938390d3eb9,comparison,7,7,-3.525420665740967,0
5a87ef2f55429938390d3eb9,comparison,1,8,-5.779157638549805,0
5a87ef2f55429938390d3eb9,comparison,6,9,-6.656456470489502,0
5ae6911955429908198fa626,bridge,4,0,6.73676872253418,1
5ae6911955429908198fa626,bridge,1,1,3.60789155960083,1
5ae6911955429908198fa626,bridge,0,2,2.867647647857666,0
5ae6911955429908198fa626,bridge,6,3,-2.6278021335601807,0
5ae6911955429908198fa626,bridge,3,4,-4.1165056228637695,0
5ae6911955429908198fa626,bridge,9,5,-4.4147186279296875,0
5ae6911955429908198fa626,bridge,2,6,-4.974018573760986,0
5ae6911955429908198fa626,bridge,8,7,-5.591977119445801,0
5ae6911955429908198fa626,bridge,5,8,-9.21557331085205,0
5ae6911955429908198fa626,bridge,7,9,-9.407846450805664,0
5a844fd35542990548d0b274,comparison,7,0,0.7994836568832397,1
5a844fd35542990548d0b274,comparison,6,1,0.5832810401916504,1
5a844fd35542990548d0b274,comparison,5,2,-1.407465934753418,0
5a844fd35542990548d0b274,comparison,3,3,-2.3488569259643555,0
5a844fd35542990548d0b274,comparison,8,4,-3.6218526363372803,0
5a844fd35542990548d0b274,comparison,9,5,-4.0959367752075195,0
5a844fd35542990548d0b274,comparison,0,6,-4.464459419250488,0
5a844fd35542990548d0b274,comparison,1,7,-6.3087615966796875,0
5a844fd35542990548d0b274,comparison,4,8,-6.562755584716797,0
5a844fd35542990548d0b274,comparison,2,9,-6.962234973907471,0
5ac11a8d5542992a796dedee,comparison,7,0,7.2957963943481445,1
5ac11a8d5542992a796dedee,comparison,5,1,2.4780707359313965,1
5ac11a8d5542992a796dedee,comparison,3,2,1.05502450466156,0
5ac11a8d5542992a796dedee,comparison,4,3,-5.982352256774902,0
5ac11a8d5542992a796dedee,comparison,2,4,-6.499199390411377,0
5ac11a8d5542992a796dedee,comparison,8,5,-6.784432411193848,0
5ac11a8d5542992a796dedee,comparison,0,6,-7.119741916656494,0
5ac11a8d5542992a796dedee,comparison,1,7,-7.245373725891113,0
5ac11a8d5542992a796dedee,comparison,9,8,-8.022163391113281,0
5ac11a8d5542992a796dedee,comparison,6,9,-8.07486343383789,0
5ac0d83a554299294b219038,bridge,4,0,6.011301040649414,1
5ac0d83a554299294b219038,bridge,9,1,3.744560956954956,0
5ac0d83a554299294b219038,bridge,1,2,1.5595635175704956,0
5ac0d83a554299294b219038,bridge,6,3,-1.9573885202407837,0
5ac0d83a554299294b219038,bridge,0,4,-3.31638240814209,0
5ac0d83a554299294b219038,bridge,7,5,-3.4096734523773193,0
5ac0d83a554299294b219038,bridge,2,6,-3.433319330215454,0
5ac0d83a554299294b219038,bridge,8,7,-4.08455753326416,0
5ac0d83a554299294b219038,bridge,5,8,-5.320498943328857,0
5ac0d83a554299294b219038,bridge,3,9,-6.110997676849365,1
5a8c87aa554299653c1aa0ac,comparison,1,0,4.099893569946289,1
5a8c87aa554299653c1aa0ac,comparison,5,1,2.234827995300293,1
5a8c87aa554299653c1aa0ac,comparison,8,2,-6.163588047027588,0
5a8c87aa554299653c1aa0ac,comparison,9,3,-7.446922302246094,0
5a8c87aa554299653c1aa0ac,comparison,4,4,-8.805611610412598,0
5a8c87aa554299653c1aa0ac,comparison,6,5,-9.597253799438477,0
5a8c87aa554299653c1aa0ac,comparison,2,6,-10.184240341186523,0
5a8c87aa554299653c1aa0ac,comparison,7,7,-10.535527229309082,0
5a8c87aa554299653c1aa0ac,comparison,3,8,-10.99145793914795,0
5a8c87aa554299653c1aa0ac,comparison,0,9,-11.196184158325195,0
5a7c4a6455429907fabeef53,bridge,9,0,4.20025634765625,1
5a7c4a6455429907fabeef53,bridge,0,1,1.1699788570404053,0
5a7c4a6455429907fabeef53,bridge,4,2,1.0229071378707886,1
5a7c4a6455429907fabeef53,bridge,3,3,-0.9398006796836853,0
5a7c4a6455429907fabeef53,bridge,6,4,-3.275341033935547,0
5a7c4a6455429907fabeef53,bridge,5,5,-3.4293203353881836,0
5a7c4a6455429907fabeef53,bridge,7,6,-3.9411182403564453,0
5a7c4a6455429907fabeef53,bridge,1,7,-4.403882026672363,0
5a7c4a6455429907fabeef53,bridge,2,8,-6.265903949737549,0
5a7c4a6455429907fabeef53,bridge,8,9,-6.322369575500488,0
5a713fb15542994082a3e6f0,comparison,2,0,4.2309250831604,1
5a713fb15542994082a3e6f0,comparison,0,1,2.269090175628662,1
5a713fb15542994082a3e6f0,comparison,7,2,-1.8356435298919678,0
5a713fb15542994082a3e6f0,comparison,9,3,-2.5324912071228027,0
5a713fb15542994082a3e6f0,comparison,5,4,-2.613724708557129,0
5a713fb15542994082a3e6f0,comparison,4,5,-4.353270053863525,0
5a713fb15542994082a3e6f0,comparison,6,6,-6.412672996520996,0
5a713fb15542994082a3e6f0,comparison,1,7,-7.197911739349365,0
5a713fb15542994082a3e6f0,comparison,3,8,-8.147682189941406,0
5a713fb15542994082a3e6f0,comparison,8,9,-9.07229232788086,0
5ae0aabc55429945ae9593fe,bridge,2,0,8.86923599243164,1
5ae0aabc55429945ae9593fe,bridge,6,1,6.7322001457214355,0
5ae0aabc55429945ae9593fe,bridge,5,2,4.423967361450195,0
5ae0aabc55429945ae9593fe,bridge,3,3,1.2970198392868042,1
5ae0aabc55429945ae9593fe,bridge,4,4,0.3631090223789215,0
5ae0aabc55429945ae9593fe,bridge,1,5,0.3284578323364258,0
5ae0aabc55429945ae9593fe,bridge,7,6,-0.17565834522247314,0
5ae0aabc55429945ae9593fe,bridge,0,7,-0.757540762424469,0
5ae0aabc55429945ae9593fe,bridge,9,8,-0.971093475818634,0
5ae0aabc55429945ae9593fe,bridge,8,9,-6.125746726989746,0
5adf2d375542993344016c0d,bridge,6,0,4.619817733764648,1
5adf2d375542993344016c0d,bridge,5,1,-4.511336326599121,0
5adf2d375542993344016c0d,bridge,7,2,-4.89972448348999,0
5adf2d375542993344016c0d,bridge,8,3,-6.421677112579346,0
5adf2d375542993344016c0d,bridge,3,4,-7.301793575286865,1
5adf2d375542993344016c0d,bridge,4,5,-7.982901573181152,0
5adf2d375542993344016c0d,bridge,2,6,-8.399456024169922,0
5adf2d375542993344016c0d,bridge,1,7,-8.80017375946045,0
5adf2d375542993344016c0d,bridge,0,8,-9.895045280456543,0
5adf2d375542993344016c0d,bridge,9,9,-9.961729049682617,0
5ab81cd955429916710eaff7,bridge,0,0,5.7188286781311035,1
5ab81cd955429916710eaff7,bridge,6,1,3.8811655044555664,0
5ab81cd955429916710eaff7,bridge,4,2,3.210848808288574,1
5ab81cd955429916710eaff7,bridge,9,3,-1.6879621744155884,0
5ab81cd955429916710eaff7,bridge,1,4,-2.6339690685272217,0
5ab81cd955429916710eaff7,bridge,5,5,-2.755594253540039,0
5ab81cd955429916710eaff7,bridge,2,6,-3.6473355293273926,0
5ab81cd955429916710eaff7,bridge,7,7,-4.66611385345459,0
5ab81cd955429916710eaff7,bridge,8,8,-4.873382091522217,0
5ab81cd955429916710eaff7,bridge,3,9,-6.5618181228637695,0
5ac11201554299294b21908c,bridge,0,0,6.196207523345947,1
5ac11201554299294b21908c,bridge,4,1,0.41067785024642944,0
5ac11201554299294b21908c,bridge,5,2,0.12141434103250504,0
5ac11201554299294b21908c,bridge,9,3,-2.3000001907348633,0
5ac11201554299294b21908c,bridge,2,4,-4.822997093200684,0
5ac11201554299294b21908c,bridge,1,5,-5.153779983520508,0
5ac11201554299294b21908c,bridge,7,6,-5.235655307769775,0
5ac11201554299294b21908c,bridge,3,7,-7.070785999298096,0
5ac11201554299294b21908c,bridge,8,8,-7.541940212249756,0
5ac11201554299294b21908c,bridge,6,9,-9.34521198272705,1
5a7b47765542992d025e67d8,bridge,5,0,6.686507701873779,1
5a7b47765542992d025e67d8,bridge,3,1,5.2796196937561035,1
5a7b47765542992d025e67d8,bridge,8,2,-5.224874973297119,0
5a7b47765542992d025e67d8,bridge,6,3,-5.393945217132568,0
5a7b47765542992d025e67d8,bridge,9,4,-6.3970947265625,0
5a7b47765542992d025e67d8,bridge,2,5,-6.8763837814331055,0
5a7b47765542992d025e67d8,bridge,1,6,-8.811909675598145,0
5a7b47765542992d025e67d8,bridge,4,7,-8.846999168395996,0
5a7b47765542992d025e67d8,bridge,0,8,-9.87207317352295,0
5a7b47765542992d025e67d8,bridge,7,9,-10.554254531860352,0
5ac43c7b5542997ea680ca34,bridge,2,0,5.344075679779053,1
5ac43c7b5542997ea680ca34,bridge,7,1,3.789123296737671,1
5ac43c7b5542997ea680ca34,bridge,1,2,2.568218231201172,0
5ac43c7b5542997ea680ca34,bridge,3,3,1.943076491355896,0
5ac43c7b5542997ea680ca34,bridge,8,4,1.4404683113098145,0
5ac43c7b5542997ea680ca34,bridge,6,5,0.7601626515388489,0
5ac43c7b5542997ea680ca34,bridge,5,6,-0.21197886765003204,0
5ac43c7b5542997ea680ca34,bridge,0,7,-2.1957478523254395,0
5ac43c7b5542997ea680ca34,bridge,9,8,-3.792391777038574,0
5ac43c7b5542997ea680ca34,bridge,4,9,-4.154001235961914,0
5a8ccceb554299653c1aa128,bridge,9,0,3.9946961402893066,1
5a8ccceb554299653c1aa128,bridge,6,1,3.313593626022339,0
5a8ccceb554299653c1aa128,bridge,8,2,0.6618213057518005,0
5a8ccceb554299653c1aa128,bridge,1,3,0.4358249306678772,0
5a8ccceb554299653c1aa128,bridge,3,4,-0.6905694603919983,0
5a8ccceb554299653c1aa128,bridge,5,5,-1.4088369607925415,0
5a8ccceb554299653c1aa128,bridge,7,6,-2.4041504859924316,0
5a8ccceb554299653c1aa128,bridge,4,7,-3.105962038040161,0
5a8ccceb554299653c1aa128,bridge,0,8,-3.706425666809082,0
5a8ccceb554299653c1aa128,bridge,2,9,-7.3399977684021,1
5add84a15542997545bbbd5e,comparison,1,0,6.2215094566345215,0
5add84a15542997545bbbd5e,comparison,0,1,5.944518566131592,1
5add84a15542997545bbbd5e,comparison,4,2,5.16291618347168,0
5add84a15542997545bbbd5e,comparison,2,3,5.071109294891357,0
5add84a15542997545bbbd5e,comparison,9,4,4.5255126953125,0
5add84a15542997545bbbd5e,comparison,5,5,4.099828720092773,0
5add84a15542997545bbbd5e,comparison,6,6,3.2266581058502197,1
5add84a15542997545bbbd5e,comparison,7,7,2.810429573059082,0
5add84a15542997545bbbd5e,comparison,3,8,1.9851741790771484,0
5add84a15542997545bbbd5e,comparison,8,9,-2.2739765644073486,0
5a7c6753554299683c1c62f9,bridge,5,0,8.682968139648438,1
5a7c6753554299683c1c62f9,bridge,4,1,7.917722702026367,0
5a7c6753554299683c1c62f9,bridge,7,2,7.903114318847656,0
5a7c6753554299683c1c62f9,bridge,3,3,6.89980411529541,0
5a7c6753554299683c1c62f9,bridge,2,4,5.218188285827637,1
5a7c6753554299683c1c62f9,bridge,9,5,4.755728244781494,0
5a7c6753554299683c1c62f9,bridge,0,6,4.5287251472473145,0
5a7c6753554299683c1c62f9,bridge,6,7,4.398830413818359,0
5a7c6753554299683c1c62f9,bridge,8,8,1.262174129486084,0
5a7c6753554299683c1c62f9,bridge,1,9,1.113904356956482,0
5a72a0be5542992359bc3143,bridge,6,0,5.885265827178955,1
5a72a0be5542992359bc3143,bridge,3,1,2.766730308532715,1
5a72a0be5542992359bc3143,bridge,9,2,-1.2661402225494385,0
5a72a0be5542992359bc3143,bridge,0,3,-1.2738507986068726,0
5a72a0be5542992359bc3143,bridge,4,4,-1.724501609802246,0
5a72a0be5542992359bc3143,bridge,2,5,-2.029332399368286,0
5a72a0be5542992359bc3143,bridge,1,6,-2.2459607124328613,0
5a72a0be5542992359bc3143,bridge,8,7,-2.6807503700256348,0
5a72a0be5542992359bc3143,bridge,5,8,-2.931391954421997,0
5a72a0be5542992359bc3143,bridge,7,9,-3.8862357139587402,0
5ae6793e5542991bbc9760e2,bridge,1,0,7.9451823234558105,1
5ae6793e5542991bbc9760e2,bridge,9,1,3.3418781757354736,0
5ae6793e5542991bbc9760e2,bridge,4,2,3.085087776184082,0
5ae6793e5542991bbc9760e2,bridge,3,3,2.6648178100585938,0
5ae6793e5542991bbc9760e2,bridge,6,4,2.4629223346710205,0
5ae6793e5542991bbc9760e2,bridge,5,5,2.251328229904175,0
5ae6793e5542991bbc9760e2,bridge,2,6,2.0380747318267822,0
5ae6793e5542991bbc9760e2,bridge,8,7,1.8704545497894287,0
5ae6793e5542991bbc9760e2,bridge,7,8,1.3916507959365845,1
5ae6793e5542991bbc9760e2,bridge,0,9,-3.6151344776153564,0
5ac0cf0f554299294b219018,comparison,6,0,3.825424909591675,1
5ac0cf0f554299294b219018,comparison,4,1,3.367940664291382,1
5ac0cf0f554299294b219018,comparison,9,2,1.5637857913970947,0
5ac0cf0f554299294b219018,comparison,2,3,1.2561242580413818,0
5ac0cf0f554299294b219018,comparison,3,4,-0.46045202016830444,0
5ac0cf0f554299294b219018,comparison,1,5,-0.7139603495597839,0
5ac0cf0f554299294b219018,comparison,7,6,-2.2186272144317627,0
5ac0cf0f554299294b219018,comparison,5,7,-2.9412388801574707,0
5ac0cf0f554299294b219018,comparison,8,8,-3.268688440322876,0
5ac0cf0f554299294b219018,comparison,0,9,-4.077587604522705,0
5a8662b955429960ec39b687,bridge,6,0,6.8559393882751465,1
5a8662b955429960ec39b687,bridge,2,1,5.091714859008789,0
5a8662b955429960ec39b687,bridge,3,2,4.027399063110352,0
5a8662b955429960ec39b687,bridge,9,3,3.4697349071502686,0
5a8662b955429960ec39b687,bridge,8,4,1.948894739151001,0
5a8662b955429960ec39b687,bridge,7,5,1.8251186609268188,0
5a8662b955429960ec39b687,bridge,5,6,0.735802412033081,0
5a8662b955429960ec39b687,bridge,4,7,-0.027295880019664764,0
5a8662b955429960ec39b687,bridge,1,8,-1.0868600606918335,1
5a8662b955429960ec39b687,bridge,0,9,-3.2785017490386963,0
5ac1767a5542994d76dcce48,bridge,7,0,5.18074369430542,1
5ac1767a5542994d76dcce48,bridge,6,1,-1.4407365322113037,0
5ac1767a5542994d76dcce48,bridge,9,2,-2.9563255310058594,0
5ac1767a5542994d76dcce48,bridge,0,3,-3.781705617904663,0
5ac1767a5542994d76dcce48,bridge,3,4,-4.239917755126953,0
5ac1767a5542994d76dcce48,bridge,8,5,-4.78059720993042,0
5ac1767a5542994d76dcce48,bridge,2,6,-5.064598083496094,1
5ac1767a5542994d76dcce48,bridge,1,7,-5.100065231323242,0
5ac1767a5542994d76dcce48,bridge,4,8,-5.406745433807373,0
5ac1767a5542994d76dcce48,bridge,5,9,-7.060699462890625,0
5aba7fd055429955dce3ee5e,bridge,6,0,5.7867350578308105,1
5aba7fd055429955dce3ee5e,bridge,2,1,2.1133294105529785,1
5aba7fd055429955dce3ee5e,bridge,5,2,-4.404344081878662,0
5aba7fd055429955dce3ee5e,bridge,3,3,-4.96633768081665,0
5aba7fd055429955dce3ee5e,bridge,7,4,-6.880575656890869,0
5aba7fd055429955dce3ee5e,bridge,9,5,-7.621402263641357,0
5aba7fd055429955dce3ee5e,bridge,4,6,-7.9719557762146,0
5aba7fd055429955dce3ee5e,bridge,1,7,-9.030757904052734,0
5aba7fd055429955dce3ee5e,bridge,0,8,-9.74937629699707,0
5aba7fd055429955dce3ee5e,bridge,8,9,-10.657413482666016,0
5ac43e0f554299076e296d8e,comparison,5,0,5.0693888664245605,0
5ac43e0f554299076e296d8e,comparison,6,1,4.98144006729126,1
5ac43e0f554299076e296d8e,comparison,9,2,4.129693984985352,0
5ac43e0f554299076e296d8e,comparison,2,3,3.739049196243286,0
5ac43e0f554299076e296d8e,comparison,0,4,3.4736440181732178,0
5ac43e0f554299076e296d8e,comparison,7,5,3.2681632041931152,0
5ac43e0f554299076e296d8e,comparison,4,6,3.1825027465820312,0
5ac43e0f554299076e296d8e,comparison,1,7,3.0945584774017334,1
5ac43e0f554299076e296d8e,comparison,8,8,2.294105291366577,0
5ac43e0f554299076e296d8e,comparison,3,9,2.1961283683776855,0
5ae6e36155429908198fa6d3,bridge,8,0,3.9897475242614746,1
5ae6e36155429908198fa6d3,bridge,7,1,-1.452526330947876,0
5ae6e36155429908198fa6d3,bridge,6,2,-1.5792111158370972,0
5ae6e36155429908198fa6d3,bridge,3,3,-1.951192021369934,0
5ae6e36155429908198fa6d3,bridge,2,4,-1.9845819473266602,0
5ae6e36155429908198fa6d3,bridge,0,5,-2.010263204574585,0
5ae6e36155429908198fa6d3,bridge,1,6,-2.1280782222747803,0
5ae6e36155429908198fa6d3,bridge,4,7,-5.448171138763428,1
5ae6e36155429908198fa6d3,bridge,5,8,-5.917476177215576,0
5ae6e36155429908198fa6d3,bridge,9,9,-8.068699836730957,0
5a74f3f55542993748c8974b,bridge,6,0,0.3071402609348297,0
5a74f3f55542993748c8974b,bridge,8,1,0.06615877151489258,0
5a74f3f55542993748c8974b,bridge,0,2,-1.2525309324264526,0
5a74f3f55542993748c8974b,bridge,9,3,-2.047067880630493,0
5a74f3f55542993748c8974b,bridge,4,4,-3.4569523334503174,1
5a74f3f55542993748c8974b,bridge,5,5,-3.9724738597869873,0
5a74f3f55542993748c8974b,bridge,7,6,-4.692549705505371,1
5a74f3f55542993748c8974b,bridge,1,7,-4.984190940856934,0
5a74f3f55542993748c8974b,bridge,2,8,-5.412747859954834,0
5a74f3f55542993748c8974b,bridge,3,9,-5.940025329589844,0
5aba05cb55429939ce03dc56,bridge,3,0,7.151166915893555,1
5aba05cb55429939ce03dc56,bridge,6,1,6.726956367492676,0
5aba05cb55429939ce03dc56,bridge,2,2,5.846988201141357,0
5aba05cb55429939ce03dc56,bridge,5,3,4.622149467468262,0
5aba05cb55429939ce03dc56,bridge,7,4,3.7178730964660645,1
5aba05cb55429939ce03dc56,bridge,1,5,3.243229866027832,0
5aba05cb55429939ce03dc56,bridge,9,6,-2.4694855213165283,0
5aba05cb55429939ce03dc56,bridge,4,7,-4.3166961669921875,0
5aba05cb55429939ce03dc56,bridge,0,8,-4.998755931854248,0
5aba05cb55429939ce03dc56,bridge,8,9,-6.072661399841309,0
5ab3e45655429976abd1bcd4,bridge,4,0,5.81878137588501,1
5ab3e45655429976abd1bcd4,bridge,9,1,5.421416282653809,0
5ab3e45655429976abd1bcd4,bridge,5,2,4.563736915588379,0
5ab3e45655429976abd1bcd4,bridge,7,3,3.7054829597473145,0
5ab3e45655429976abd1bcd4,bridge,2,4,3.657238006591797,0
5ab3e45655429976abd1bcd4,bridge,6,5,3.325059413909912,0
5ab3e45655429976abd1bcd4,bridge,1,6,3.2158539295196533,0
5ab3e45655429976abd1bcd4,bridge,0,7,3.032621383666992,0
5ab3e45655429976abd1bcd4,bridge,8,8,2.9917778968811035,0
5ab3e45655429976abd1bcd4,bridge,3,9,0.21501871943473816,1
5ac259585542992f1f2b3868,bridge,3,0,7.72572135925293,1
5ac259585542992f1f2b3868,bridge,1,1,2.0002169609069824,1
5ac259585542992f1f2b3868,bridge,5,2,1.2818424701690674,0
5ac259585542992f1f2b3868,bridge,8,3,0.6048594117164612,0
5ac259585542992f1f2b3868,bridge,6,4,-0.6868611574172974,0
5ac259585542992f1f2b3868,bridge,7,5,-1.0856069326400757,0
5ac259585542992f1f2b3868,bridge,2,6,-2.211839199066162,0
5ac259585542992f1f2b3868,bridge,0,7,-5.106122016906738,0
5ac259585542992f1f2b3868,bridge,4,8,-5.99576473236084,0
5ac259585542992f1f2b3868,bridge,9,9,-7.8808393478393555,0
5a88c92d5542993b751ca84e,comparison,6,0,8.761001586914062,1
5a88c92d5542993b751ca84e,comparison,5,1,7.336949825286865,0
5a88c92d5542993b751ca84e,comparison,0,2,6.946113586425781,0
5a88c92d5542993b751ca84e,comparison,2,3,6.717161655426025,0
5a88c92d5542993b751ca84e,comparison,4,4,3.519218921661377,0
5a88c92d5542993b751ca84e,comparison,9,5,1.0260220766067505,1
5a88c92d5542993b751ca84e,comparison,8,6,-4.484747886657715,0
5a88c92d5542993b751ca84e,comparison,1,7,-5.328680992126465,0
5a88c92d5542993b751ca84e,comparison,3,8,-6.0920000076293945,0
5a88c92d5542993b751ca84e,comparison,7,9,-6.398260593414307,0
5ab3f6935542992339550019,bridge,6,0,8.930281639099121,1
5ab3f6935542992339550019,bridge,7,1,2.9871108531951904,0
5ab3f6935542992339550019,bridge,0,2,1.9761643409729004,1
5ab3f6935542992339550019,bridge,8,3,0.1599542200565338,0
5ab3f6935542992339550019,bridge,3,4,-2.2295143604278564,0
5ab3f6935542992339550019,bridge,9,5,-2.950596809387207,0
5ab3f6935542992339550019,bridge,5,6,-5.722140312194824,0
5ab3f6935542992339550019,bridge,4,7,-5.877142906188965,0
5ab3f6935542992339550019,bridge,1,8,-8.79870319366455,0
5ab3f6935542992339550019,bridge,2,9,-9.5480318069458,0
5ae8295955429952e35eaa6d,bridge,9,0,6.784781455993652,1
5ae8295955429952e35eaa6d,bridge,4,1,-1.2839868068695068,0
5ae8295955429952e35eaa6d,bridge,6,2,-1.4402462244033813,0
5ae8295955429952e35eaa6d,bridge,2,3,-1.9088866710662842,0
5ae8295955429952e35eaa6d,bridge,3,4,-2.300198793411255,0
5ae8295955429952e35eaa6d,bridge,8,5,-2.8637876510620117,0
5ae8295955429952e35eaa6d,bridge,7,6,-4.364343166351318,0
5ae8295955429952e35eaa6d,bridge,5,7,-4.543886661529541,0
5ae8295955429952e35eaa6d,bridge,1,8,-4.859342098236084,0
5ae8295955429952e35eaa6d,bridge,0,9,-5.239088535308838,1
5ab5035b5542996a3a969ff8,bridge,6,0,7.7749128341674805,1
5ab5035b5542996a3a969ff8,bridge,3,1,6.909252643585205,0
5ab5035b5542996a3a969ff8,bridge,5,2,4.501318454742432,0
5ab5035b5542996a3a969ff8,bridge,8,3,4.038844108581543,0
5ab5035b5542996a3a969ff8,bridge,7,4,3.985628604888916,0
5ab5035b5542996a3a969ff8,bridge,4,5,3.4490864276885986,0
5ab5035b5542996a3a969ff8,bridge,0,6,2.683551073074341,0
5ab5035b5542996a3a969ff8,bridge,2,7,2.6624679565429688,0
5ab5035b5542996a3a969ff8,bridge,9,8,1.9849379062652588,0
5ab5035b5542996a3a969ff8,bridge,1,9,-9.051440238952637,1
5a73024f5542991f9a20c5fc,bridge,5,0,7.384312152862549,1
5a73024f5542991f9a20c5fc,bridge,2,1,3.406482458114624,0
5a73024f5542991f9a20c5fc,bridge,6,2,0.8852224349975586,0
5a73024f5542991f9a20c5fc,bridge,0,3,0.7848030924797058,0
5a73024f5542991f9a20c5fc,bridge,8,4,0.3270634114742279,0
5a73024f5542991f9a20c5fc,bridge,7,5,-0.2790522277355194,0
5a73024f5542991f9a20c5fc,bridge,9,6,-1.5439164638519287,0
5a73024f5542991f9a20c5fc,bridge,1,7,-1.9991264343261719,0
5a73024f5542991f9a20c5fc,bridge,3,8,-4.90736722946167,0
5a73024f5542991f9a20c5fc,bridge,4,9,-8.11483383178711,1
5ac2570a5542992f1f2b3861,bridge,8,0,7.876655578613281,1
5ac2570a5542992f1f2b3861,bridge,6,1,4.061682224273682,1
5ac2570a5542992f1f2b3861,bridge,0,2,1.080386757850647,0
5ac2570a5542992f1f2b3861,bridge,4,3,1.0512205362319946,0
5ac2570a5542992f1f2b3861,bridge,5,4,1.034490942955017,0
5ac2570a5542992f1f2b3861,bridge,3,5,0.9629592299461365,0
5ac2570a5542992f1f2b3861,bridge,1,6,-0.186376690864563,0
5ac2570a5542992f1f2b3861,bridge,2,7,-0.9364067912101746,0
5ac2570a5542992f1f2b3861,bridge,7,8,-1.9483808279037476,0
5ac2570a5542992f1f2b3861,bridge,9,9,-3.426751136779785,0
5ab5ed505542997d4ad1f255,bridge,8,0,5.714383125305176,1
5ab5ed505542997d4ad1f255,bridge,0,1,1.409227728843689,1
5ab5ed505542997d4ad1f255,bridge,6,2,0.6619818210601807,0
5ab5ed505542997d4ad1f255,bridge,4,3,-1.0559629201889038,0
5ab5ed505542997d4ad1f255,bridge,1,4,-3.372488021850586,0
5ab5ed505542997d4ad1f255,bridge,5,5,-3.762157440185547,0
5ab5ed505542997d4ad1f255,bridge,9,6,-4.234531879425049,0
5ab5ed505542997d4ad1f255,bridge,3,7,-5.098962306976318,0
5ab5ed505542997d4ad1f255,bridge,2,8,-6.752268314361572,0
5ab5ed505542997d4ad1f255,bridge,7,9,-9.160273551940918,0
5ac05c245542992a796dece5,bridge,9,0,9.056814193725586,1
5ac05c245542992a796dece5,bridge,4,1,7.797283172607422,0
5ac05c245542992a796dece5,bridge,5,2,2.610032558441162,0
5ac05c245542992a796dece5,bridge,8,3,2.5062570571899414,0
5ac05c245542992a796dece5,bridge,3,4,2.342931032180786,0
5ac05c245542992a796dece5,bridge,2,5,1.4359824657440186,0
5ac05c245542992a796dece5,bridge,7,6,0.6849162578582764,0
5ac05c245542992a796dece5,bridge,0,7,0.5785260200500488,0
5ac05c245542992a796dece5,bridge,1,8,-3.270968437194824,0
5ac05c245542992a796dece5,bridge,6,9,-3.8494930267333984,1
5a711cb45542994082a3e59f,comparison,0,0,9.96058177947998,1
5a711cb45542994082a3e59f,comparison,1,1,7.91584587097168,1
5a711cb45542994082a3e59f,comparison,2,2,6.3989033699035645,0
5a711cb45542994082a3e59f,comparison,8,3,6.181376934051514,0
5a711cb45542994082a3e59f,comparison,6,4,6.053118705749512,0
5a711cb45542994082a3e59f,comparison,5,5,5.595971584320068,0
5a711cb45542994082a3e59f,comparison,7,6,5.313769340515137,0
5a711cb45542994082a3e59f,comparison,9,7,2.661275625228882,0
5a711cb45542994082a3e59f,comparison,3,8,1.4036173820495605,0
5a711cb45542994082a3e59f,comparison,4,9,0.9237569570541382,0
5a712c4b5542994082a3e622,bridge,7,0,5.695087432861328,1
5a712c4b5542994082a3e622,bridge,8,1,3.927741765975952,0
5a712c4b5542994082a3e622,bridge,0,2,-3.4656193256378174,0
5a712c4b5542994082a3e622,bridge,6,3,-3.6323153972625732,0
5a712c4b5542994082a3e622,bridge,4,4,-4.8978657722473145,0
5a712c4b5542994082a3e622,bridge,9,5,-5.184863090515137,1
5a712c4b5542994082a3e622,bridge,5,6,-5.934069633483887,0
5a712c4b5542994082a3e622,bridge,2,7,-7.520283222198486,0
5a712c4b5542994082a3e622,bridge,1,8,-9.373739242553711,0
5a712c4b5542994082a3e622,bridge,3,9,-9.677446365356445,0
5a7fc5875542992e7d278d67,bridge,2,0,5.066384315490723,1
5a7fc5875542992e7d278d67,bridge,0,1,3.384401559829712,0
5a7fc5875542992e7d278d67,bridge,1,2,3.3396666049957275,1
5a7fc5875542992e7d278d67,bridge,8,3,3.3187665939331055,0
5a7fc5875542992e7d278d67,bridge,6,4,1.3567299842834473,0
5a7fc5875542992e7d278d67,bridge,3,5,0.32233723998069763,0
5a7fc5875542992e7d278d67,bridge,9,6,0.2263955920934677,0
5a7fc5875542992e7d278d67,bridge,7,7,-3.988405227661133,0
5a7fc5875542992e7d278d67,bridge,4,8,-4.02849817276001,0
5a7fc5875542992e7d278d67,bridge,5,9,-4.587153911590576,0
5ab8723c55429934fafe6dbc,bridge,1,0,6.6801252365112305,1
5ab8723c55429934fafe6dbc,bridge,3,1,3.0588972568511963,0
5ab8723c55429934fafe6dbc,bridge,9,2,0.9856841564178467,0
5ab8723c55429934fafe6dbc,bridge,8,3,0.9065327644348145,0
5ab8723c55429934fafe6dbc,bridge,2,4,0.8599177598953247,0
5ab8723c55429934fafe6dbc,bridge,4,5,0.8235535621643066,0
5ab8723c55429934fafe6dbc,bridge,0,6,0.7703309655189514,0
5ab8723c55429934fafe6dbc,bridge,7,7,0.6308661103248596,0
5ab8723c55429934fafe6dbc,bridge,6,8,0.26319369673728943,0
5ab8723c55429934fafe6dbc,bridge,5,9,-8.819939613342285,1
5a7fb1b25542992097ad2fb2,bridge,6,0,9.322802543640137,0
5a7fb1b25542992097ad2fb2,bridge,0,1,9.24085807800293,0
5a7fb1b25542992097ad2fb2,bridge,3,2,9.135770797729492,0
5a7fb1b25542992097ad2fb2,bridge,5,3,9.130351066589355,0
5a7fb1b25542992097ad2fb2,bridge,8,4,9.083930015563965,0
5a7fb1b25542992097ad2fb2,bridge,4,5,9.05832290649414,0
5a7fb1b25542992097ad2fb2,bridge,1,6,8.869329452514648,1
5a7fb1b25542992097ad2fb2,bridge,9,7,8.847736358642578,0
5a7fb1b25542992097ad2fb2,bridge,2,8,8.573463439941406,0
5a7fb1b25542992097ad2fb2,bridge,7,9,-9.933818817138672,1
5a879dae5542996e4f308885,bridge,7,0,3.4624295234680176,1
5a879dae5542996e4f308885,bridge,3,1,-0.1686704307794571,1
5a879dae5542996e4f308885,bridge,4,2,-1.3277511596679688,0
5a879dae5542996e4f308885,bridge,6,3,-1.457643985748291,0
5a879dae5542996e4f308885,bridge,0,4,-5.439477443695068,0
5a879dae5542996e4f308885,bridge,9,5,-5.591830730438232,0
5a879dae5542996e4f308885,bridge,8,6,-7.4307122230529785,0
5a879dae5542996e4f308885,bridge,1,7,-7.6204681396484375,0
5a879dae5542996e4f308885,bridge,5,8,-8.750852584838867,0
5a879dae5542996e4f308885,bridge,2,9,-9.562170028686523,0
5ae612f3554299546bf83065,bridge,7,0,5.975736618041992,1
5ae612f3554299546bf83065,bridge,9,1,3.343893527984619,1
5ae612f3554299546bf83065,bridge,1,2,2.0630533695220947,0
5ae612f3554299546bf83065,bridge,4,3,0.4036747217178345,0
5ae612f3554299546bf83065,bridge,5,4,-1.2791458368301392,0
5ae612f3554299546bf83065,bridge,6,5,-1.9729241132736206,0
5ae612f3554299546bf83065,bridge,2,6,-2.4007906913757324,0
5ae612f3554299546bf83065,bridge,0,7,-3.4132492542266846,0
5ae612f3554299546bf83065,bridge,8,8,-4.883379936218262,0
5ae612f3554299546bf83065,bridge,3,9,-5.684885501861572,0
5a714bb35542994082a3e78f,comparison,4,0,4.816498279571533,1
5a714bb35542994082a3e78f,comparison,9,1,4.803249835968018,1
5a714bb35542994082a3e78f,comparison,8,2,3.2910990715026855,0
5a714bb35542994082a3e78f,comparison,6,3,0.9178363084793091,0
5a714bb35542994082a3e78f,comparison,0,4,0.4540935158729553,0
5a714bb35542994082a3e78f,comparison,5,5,0.4252990186214447,0
5a714bb35542994082a3e78f,comparison,2,6,0.07519061118364334,0
5a714bb35542994082a3e78f,comparison,7,7,-0.42078226804733276,0
5a714bb35542994082a3e78f,comparison,3,8,-4.088250637054443,0
5a714bb35542994082a3e78f,comparison,1,9,-5.6466546058654785,0
5a753c8c55429916b01642ab,bridge,7,0,3.448593854904175,1
5a753c8c55429916b01642ab,bridge,5,1,-0.6011614799499512,1
5a753c8c55429916b01642ab,bridge,4,2,-1.1304652690887451,0
5a753c8c55429916b01642ab,bridge,1,3,-1.585556983947754,0
5a753c8c55429916b01642ab,bridge,6,4,-1.63193941116333,0
5a753c8c55429916b01642ab,bridge,0,5,-1.846359133720398,0
5a753c8c55429916b01642ab,bridge,9,6,-2.4003703594207764,0
5a753c8c55429916b01642ab,bridge,2,7,-3.444992780685425,0
5a753c8c55429916b01642ab,bridge,8,8,-5.537763595581055,0
5a753c8c55429916b01642ab,bridge,3,9,-6.7742109298706055,0
5adc905e5542994d58a2f662,bridge,8,0,8.044232368469238,1
5adc905e5542994d58a2f662,bridge,0,1,2.566371440887451,1
5adc905e5542994d58a2f662,bridge,6,2,2.154700756072998,0
5adc905e5542994d58a2f662,bridge,4,3,0.4796771705150604,0
5adc905e5542994d58a2f662,bridge,7,4,0.3876197338104248,0
5adc905e5542994d58a2f662,bridge,2,5,-4.02012825012207,0
5adc905e5542994d58a2f662,bridge,5,6,-4.656101226806641,0
5adc905e5542994d58a2f662,bridge,9,7,-5.666241645812988,0
5adc905e5542994d58a2f662,bridge,3,8,-6.438475131988525,0
5adc905e5542994d58a2f662,bridge,1,9,-6.526233196258545,0
5a7af4bb55429927d897bf1d,bridge,1,0,7.653842449188232,1
5a7af4bb55429927d897bf1d,bridge,2,1,4.232442855834961,1
5a7af4bb55429927d897bf1d,bridge,9,2,1.6949999332427979,0
5a7af4bb55429927d897bf1d,bridge,6,3,-1.396399736404419,0
5a7af4bb55429927d897bf1d,bridge,7,4,-3.319645404815674,0
5a7af4bb55429927d897bf1d,bridge,5,5,-3.458768367767334,0
5a7af4bb55429927d897bf1d,bridge,4,6,-6.436141490936279,0
5a7af4bb55429927d897bf1d,bridge,3,7,-6.605850696563721,0
5a7af4bb55429927d897bf1d,bridge,0,8,-7.501081943511963,0
5a7af4bb55429927d897bf1d,bridge,8,9,-8.524598121643066,0
5a8eb51655429917b4a5bdb5,bridge,6,0,0.6367811560630798,1
5a8eb51655429917b4a5bdb5,bridge,4,1,-5.365284442901611,0
5a8eb51655429917b4a5bdb5,bridge,9,2,-5.446323394775391,0
5a8eb51655429917b4a5bdb5,bridge,2,3,-5.681684970855713,0
5a8eb51655429917b4a5bdb5,bridge,8,4,-6.259220123291016,1
5a8eb51655429917b4a5bdb5,bridge,7,5,-6.879624366760254,0
5a8eb51655429917b4a5bdb5,bridge,0,6,-7.888311862945557,0
5a8eb51655429917b4a5bdb5,bridge,1,7,-8.84916877746582,0
5a8eb51655429917b4a5bdb5,bridge,3,8,-9.687744140625,0
5a8eb51655429917b4a5bdb5,bridge,5,9,-10.3545560836792,0
5a7a3a945542996a35c17147,bridge,3,0,9.92219066619873,1
5a7a3a945542996a35c17147,bridge,7,1,6.065745830535889,0
5a7a3a945542996a35c17147,bridge,4,2,5.274324417114258,0
5a7a3a945542996a35c17147,bridge,1,3,4.307178974151611,0
5a7a3a945542996a35c17147,bridge,5,4,3.776437282562256,0
5a7a3a945542996a35c17147,bridge,8,5,3.657471179962158,0
5a7a3a945542996a35c17147,bridge,9,6,3.4243721961975098,0
5a7a3a945542996a35c17147,bridge,6,7,1.527252197265625,0
5a7a3a945542996a35c17147,bridge,0,8,-2.587930917739868,0
5a7a3a945542996a35c17147,bridge,2,9,-4.989212512969971,1
5a8787305542996e4f30882d,bridge,1,0,6.823118686676025,1
5a8787305542996e4f30882d,bridge,6,1,2.7422854900360107,0
5a8787305542996e4f30882d,bridge,4,2,0.6812540888786316,0
5a8787305542996e4f30882d,bridge,0,3,0.3439418375492096,0
5a8787305542996e4f30882d,bridge,3,4,0.19121932983398438,0
5a8787305542996e4f30882d,bridge,7,5,-0.011779967695474625,0
5a8787305542996e4f30882d,bridge,2,6,-0.5797567963600159,0
5a8787305542996e4f30882d,bridge,9,7,-1.0636248588562012,0
5a8787305542996e4f30882d,bridge,8,8,-1.1733899116516113,0
5a8787305542996e4f30882d,bridge,5,9,-3.740886926651001,1
5ac19ff65542994d76dcce8f,comparison,6,0,5.950163841247559,1
5ac19ff65542994d76dcce8f,comparison,7,1,2.2191405296325684,1
5ac19ff65542994d76dcce8f,comparison,3,2,1.6010805368423462,0
5ac19ff65542994d76dcce8f,comparison,9,3,1.218854546546936,0
5ac19ff65542994d76dcce8f,comparison,2,4,0.13645048439502716,0
5ac19ff65542994d76dcce8f,comparison,5,5,-5.788967609405518,0
5ac19ff65542994d76dcce8f,comparison,8,6,-6.953000545501709,0
5ac19ff65542994d76dcce8f,comparison,1,7,-7.452075481414795,0
5ac19ff65542994d76dcce8f,comparison,0,8,-7.49890661239624,0
5ac19ff65542994d76dcce8f,comparison,4,9,-7.826483249664307,0
5ab5f249554299488d4d9a5d,bridge,1,0,6.904518127441406,1
5ab5f249554299488d4d9a5d,bridge,9,1,3.895127058029175,0
5ab5f249554299488d4d9a5d,bridge,2,2,2.8830924034118652,0
5ab5f249554299488d4d9a5d,bridge,3,3,2.8047635555267334,0
5ab5f249554299488d4d9a5d,bridge,0,4,2.5576400756835938,0
5ab5f249554299488d4d9a5d,bridge,7,5,2.043466806411743,0
5ab5f249554299488d4d9a5d,bridge,5,6,1.3922368288040161,0
5ab5f249554299488d4d9a5d,bridge,4,7,1.387101173400879,0
5ab5f249554299488d4d9a5d,bridge,6,8,0.995266318321228,0
5ab5f249554299488d4d9a5d,bridge,8,9,0.12657082080841064,1
5adf5c175542995ec70e8fd0,bridge,2,0,1.988274097442627,1
5adf5c175542995ec70e8fd0,bridge,7,1,0.8356589674949646,0
5adf5c175542995ec70e8fd0,bridge,6,2,-1.863540768623352,1
5adf5c175542995ec70e8fd0,bridge,3,3,-4.499441623687744,0
5adf5c175542995ec70e8fd0,bridge,1,4,-5.792712688446045,0
5adf5c175542995ec70e8fd0,bridge,9,5,-6.140519142150879,0
5adf5c175542995ec70e8fd0,bridge,8,6,-6.675209999084473,0
5adf5c175542995ec70e8fd0,bridge,5,7,-7.672284126281738,0
5adf5c175542995ec70e8fd0,bridge,4,8,-9.756128311157227,0
5adf5c175542995ec70e8fd0,bridge,0,9,-10.994878768920898,0
5a89a13c55429946c8d6e97a,bridge,8,0,4.9082865715026855,1
5a89a13c55429946c8d6e97a,bridge,2,1,0.694495439529419,0
5a89a13c55429946c8d6e97a,bridge,4,2,0.290316104888916,0
5a89a13c55429946c8d6e97a,bridge,6,3,-0.9433981776237488,0
5a89a13c55429946c8d6e97a,bridge,5,4,-1.3855528831481934,0
5a89a13c55429946c8d6e97a,bridge,7,5,-2.9545235633850098,0
5a89a13c55429946c8d6e97a,bridge,9,6,-4.2264485359191895,1
5a89a13c55429946c8d6e97a,bridge,1,7,-4.387048244476318,0
5a89a13c55429946c8d6e97a,bridge,0,8,-5.952352523803711,0
5a89a13c55429946c8d6e97a,bridge,3,9,-9.499445915222168,0
5ae5fa38554299546bf82ff1,bridge,7,0,7.825331211090088,1
5ae5fa38554299546bf82ff1,bridge,5,1,7.054323196411133,1
5ae5fa38554299546bf82ff1,bridge,4,2,5.08296012878418,0
5ae5fa38554299546bf82ff1,bridge,0,3,4.7366862297058105,0
5ae5fa38554299546bf82ff1,bridge,2,4,2.4323461055755615,0
5ae5fa38554299546bf82ff1,bridge,8,5,2.3273825645446777,0
5ae5fa38554299546bf82ff1,bridge,9,6,1.9977772235870361,0
5ae5fa38554299546bf82ff1,bridge,3,7,0.9273765683174133,0
5ae5fa38554299546bf82ff1,bridge,1,8,-1.365788221359253,0
5ae5fa38554299546bf82ff1,bridge,6,9,-1.5826902389526367,0
5ab7f6d35542993667794070,bridge,6,0,7.92152214050293,1
5ab7f6d35542993667794070,bridge,4,1,1.6217176914215088,1
5ab7f6d35542993667794070,bridge,0,2,-1.4573919773101807,0
5ab7f6d35542993667794070,bridge,3,3,-2.1954357624053955,0
5ab7f6d35542993667794070,bridge,1,4,-2.625321865081787,0
5ab7f6d35542993667794070,bridge,2,5,-2.8364505767822266,0
5ab7f6d35542993667794070,bridge,7,6,-3.599301815032959,0
5ab7f6d35542993667794070,bridge,9,7,-4.049500942230225,0
5ab7f6d35542993667794070,bridge,8,8,-5.328261852264404,0
5ab7f6d35542993667794070,bridge,5,9,-5.546462059020996,0
5a8e068b5542995085b37384,comparison,3,0,2.3810839653015137,1
5a8e068b5542995085b37384,comparison,1,1,1.6806236505508423,0
5a8e068b5542995085b37384,comparison,7,2,1.6438519954681396,1
5a8e068b5542995085b37384,comparison,2,3,1.5291001796722412,0
5a8e068b5542995085b37384,comparison,8,4,1.4279245138168335,0
5a8e068b5542995085b37384,comparison,4,5,0.9991609454154968,0
5a8e068b5542995085b37384,comparison,6,6,0.9369460344314575,0
5a8e068b5542995085b37384,comparison,5,7,0.8928014636039734,0
5a8e068b5542995085b37384,comparison,0,8,0.6714817881584167,0
5a8e068b5542995085b37384,comparison,9,9,-2.0605812072753906,0
5adbd70c55429947ff173843,bridge,2,0,3.668548822402954,1
5adbd70c55429947ff173843,bridge,8,1,-4.41932487487793,0
5adbd70c55429947ff173843,bridge,9,2,-5.655959606170654,0
5adbd70c55429947ff173843,bridge,5,3,-7.354794979095459,0
5adbd70c55429947ff173843,bridge,6,4,-8.23204231262207,0
5adbd70c55429947ff173843,bridge,1,5,-8.297819137573242,0
5adbd70c55429947ff173843,bridge,3,6,-8.760897636413574,0
5adbd70c55429947ff173843,bridge,0,7,-8.841397285461426,1
5adbd70c55429947ff173843,bridge,7,8,-9.444620132446289,0
5adbd70c55429947ff173843,bridge,4,9,-9.587346076965332,0
5aba71be5542994dbf01990c,bridge,2,0,8.258492469787598,1
5aba71be5542994dbf01990c,bridge,1,1,7.394815444946289,0
5aba71be5542994dbf01990c,bridge,0,2,7.326925277709961,0
5aba71be5542994dbf01990c,bridge,4,3,6.9284563064575195,0
5aba71be5542994dbf01990c,bridge,6,4,5.621564865112305,1
5aba71be5542994dbf01990c,bridge,8,5,4.410073280334473,0
5aba71be5542994dbf01990c,bridge,7,6,3.7397000789642334,0
5aba71be5542994dbf01990c,bridge,9,7,3.4118449687957764,0
5aba71be5542994dbf01990c,bridge,5,8,-0.4277884364128113,0
5aba71be5542994dbf01990c,bridge,3,9,-1.3330726623535156,0
5ab7d12f55429928e1fe391f,bridge,5,0,7.2151923179626465,1
5ab7d12f55429928e1fe391f,bridge,2,1,5.294401168823242,1
5ab7d12f55429928e1fe391f,bridge,4,2,4.820165157318115,0
5ab7d12f55429928e1fe391f,bridge,9,3,-1.8377467393875122,0
5ab7d12f55429928e1fe391f,bridge,6,4,-2.0851516723632812,0
5ab7d12f55429928e1fe391f,bridge,0,5,-4.115482807159424,0
5ab7d12f55429928e1fe391f,bridge,3,6,-6.101150989532471,0
5ab7d12f55429928e1fe391f,bridge,1,7,-6.401022434234619,0
5ab7d12f55429928e1fe391f,bridge,7,8,-6.477753162384033,0
5ab7d12f55429928e1fe391f,bridge,8,9,-7.766195774078369,0
5a881ea055429938390d3ef3,bridge,8,0,7.354650974273682,1
5a881ea055429938390d3ef3,bridge,6,1,2.745279312133789,1
5a881ea055429938390d3ef3,bridge,1,2,0.9779039025306702,0
5a881ea055429938390d3ef3,bridge,9,3,-2.8124635219573975,0
5a881ea055429938390d3ef3,bridge,3,4,-3.728968620300293,0
5a881ea055429938390d3ef3,bridge,7,5,-5.042609214782715,0
5a881ea055429938390d3ef3,bridge,4,6,-5.179924488067627,0
5a881ea055429938390d3ef3,bridge,2,7,-9.056340217590332,0
5a881ea055429938390d3ef3,bridge,0,8,-9.36878776550293,0
5a881ea055429938390d3ef3,bridge,5,9,-10.489217758178711,0
5a8d263f554299653c1aa139,bridge,1,0,7.993896484375,1
5a8d263f554299653c1aa139,bridge,2,1,0.9998799562454224,0
5a8d263f554299653c1aa139,bridge,3,2,0.5744724273681641,0
5a8d263f554299653c1aa139,bridge,6,3,-2.4202895164489746,0
5a8d263f554299653c1aa139,bridge,4,4,-4.978269577026367,1
5a8d263f554299653c1aa139,bridge,5,5,-6.084807872772217,0
5a8d263f554299653c1aa139,bridge,9,6,-8.780084609985352,0
5a8d263f554299653c1aa139,bridge,7,7,-9.045623779296875,0
5a8d263f554299653c1aa139,bridge,8,8,-10.712824821472168,0
5a8d263f554299653c1aa139,bridge,0,9,-11.042234420776367,0
5ab8ffc655429934fafe6e30,bridge,8,0,4.332618713378906,1
5ab8ffc655429934fafe6e30,bridge,3,1,3.0628418922424316,0
5ab8ffc655429934fafe6e30,bridge,1,2,-2.204481840133667,0
5ab8ffc655429934fafe6e30,bridge,6,3,-4.092131614685059,0
5ab8ffc655429934fafe6e30,bridge,7,4,-5.070623397827148,0
5ab8ffc655429934fafe6e30,bridge,2,5,-5.264102458953857,0
5ab8ffc655429934fafe6e30,bridge,5,6,-5.624344348907471,0
5ab8ffc655429934fafe6e30,bridge,0,7,-5.747961521148682,0
5ab8ffc655429934fafe6e30,bridge,9,8,-7.291069030761719,1
5ab8ffc655429934fafe6e30,bridge,4,9,-8.953431129455566,0
5abe731255429965af743f0e,comparison,4,0,1.7341935634613037,1
5abe731255429965af743f0e,comparison,5,1,1.4850882291793823,1
5abe731255429965af743f0e,comparison,7,2,-2.46859073638916,0
5abe731255429965af743f0e,comparison,3,3,-3.3766400814056396,0
5abe731255429965af743f0e,comparison,1,4,-3.494027614593506,0
5abe731255429965af743f0e,comparison,8,5,-4.502870559692383,0
5abe731255429965af743f0e,comparison,0,6,-5.2368364334106445,0
5abe731255429965af743f0e,comparison,6,7,-5.652409553527832,0
5abe731255429965af743f0e,comparison,9,8,-6.087240219116211,0
5abe731255429965af743f0e,comparison,2,9,-7.7069597244262695,0
5ab2771e554299340b5254d8,bridge,4,0,6.969308376312256,1
5ab2771e554299340b5254d8,bridge,6,1,0.5068430304527283,1
5ab2771e554299340b5254d8,bridge,8,2,-6.400749206542969,0
5ab2771e554299340b5254d8,bridge,1,3,-7.012295246124268,0
5ab2771e554299340b5254d8,bridge,0,4,-8.3440523147583,0
5ab2771e554299340b5254d8,bridge,2,5,-8.390966415405273,0
5ab2771e554299340b5254d8,bridge,7,6,-8.940736770629883,0
5ab2771e554299340b5254d8,bridge,3,7,-9.402398109436035,0
5ab2771e554299340b5254d8,bridge,9,8,-9.796975135803223,0
5ab2771e554299340b5254d8,bridge,5,9,-10.012535095214844,0
5a8bde565542995d1e6f1454,comparison,7,0,4.520042419433594,1
5a8bde565542995d1e6f1454,comparison,2,1,3.7220239639282227,1
5a8bde565542995d1e6f1454,comparison,6,2,3.085569381713867,0
5a8bde565542995d1e6f1454,comparison,4,3,-2.268732786178589,0
5a8bde565542995d1e6f1454,comparison,0,4,-2.4754154682159424,0
5a8bde565542995d1e6f1454,comparison,1,5,-4.180508136749268,0
5a8bde565542995d1e6f1454,comparison,9,6,-4.221229553222656,0
5a8bde565542995d1e6f1454,comparison,3,7,-4.67959451675415,0
5a8bde565542995d1e6f1454,comparison,5,8,-5.200623035430908,0
5a8bde565542995d1e6f1454,comparison,8,9,-6.9901957511901855,0
5a737dc455429908901be2c9,bridge,4,0,4.916201114654541,1
5a737dc455429908901be2c9,bridge,6,1,4.066617488861084,1
5a737dc455429908901be2c9,bridge,5,2,3.328033208847046,0
5a737dc455429908901be2c9,bridge,1,3,2.692901849746704,0
5a737dc455429908901be2c9,bridge,7,4,1.3000601530075073,0
5a737dc455429908901be2c9,bridge,2,5,-0.20621974766254425,0
5a737dc455429908901be2c9,bridge,8,6,-1.1358692646026611,0
5a737dc455429908901be2c9,bridge,0,7,-1.6182588338851929,0
5a737dc455429908901be2c9,bridge,3,8,-4.039192199707031,0
5a737dc455429908901be2c9,bridge,9,9,-4.356965065002441,0
5ae077735542993d6555eb6d,bridge,4,0,4.735680103302002,1
5ae077735542993d6555eb6d,bridge,6,1,1.1467714309692383,1
5ae077735542993d6555eb6d,bridge,8,2,-0.38614755868911743,0
5ae077735542993d6555eb6d,bridge,5,3,-0.5304378271102905,0
5ae077735542993d6555eb6d,bridge,3,4,-2.4723682403564453,0
5ae077735542993d6555eb6d,bridge,9,5,-4.260775089263916,0
5ae077735542993d6555eb6d,bridge,1,6,-4.9242634773254395,0
5ae077735542993d6555eb6d,bridge,7,7,-4.979385852813721,0
5ae077735542993d6555eb6d,bridge,0,8,-5.359922409057617,0
5ae077735542993d6555eb6d,bridge,2,9,-5.673384189605713,0
5a7618d85542994ccc9186cf,bridge,7,0,5.3268723487854,1
5a7618d85542994ccc9186cf,bridge,3,1,4.18162202835083,0
5a7618d85542994ccc9186cf,bridge,5,2,3.8618240356445312,0
5a7618d85542994ccc9186cf,bridge,6,3,3.1817445755004883,1
5a7618d85542994ccc9186cf,bridge,4,4,2.8157107830047607,0
5a7618d85542994ccc9186cf,bridge,2,5,2.339369297027588,0
5a7618d85542994ccc9186cf,bridge,8,6,-0.3831823468208313,0
5a7618d85542994ccc9186cf,bridge,9,7,-1.0697965621948242,0
5a7618d85542994ccc9186cf,bridge,0,8,-4.177591800689697,0
5a7618d85542994ccc9186cf,bridge,1,9,-6.229250907897949,0
5a88abf75542997e5c09a6a1,bridge,9,0,6.526350975036621,1
5a88abf75542997e5c09a6a1,bridge,4,1,-0.6588450074195862,0
5a88abf75542997e5c09a6a1,bridge,2,2,-0.7951710820198059,0
5a88abf75542997e5c09a6a1,bridge,7,3,-1.7749767303466797,0
5a88abf75542997e5c09a6a1,bridge,5,4,-2.127466917037964,0
5a88abf75542997e5c09a6a1,bridge,8,5,-2.2301135063171387,1
5a88abf75542997e5c09a6a1,bridge,0,6,-2.2533328533172607,0
5a88abf75542997e5c09a6a1,bridge,1,7,-7.557828903198242,0
5a88abf75542997e5c09a6a1,bridge,3,8,-7.607366561889648,0
5a88abf75542997e5c09a6a1,bridge,6,9,-8.143824577331543,0
5a83d7d05542992ef85e237a,bridge,3,0,2.8070149421691895,1
5a83d7d05542992ef85e237a,bridge,1,1,1.8856226205825806,1
5a83d7d05542992ef85e237a,bridge,7,2,0.687508225440979,0
5a83d7d05542992ef85e237a,bridge,9,3,-2.346904993057251,0
5a83d7d05542992ef85e237a,bridge,8,4,-2.581528663635254,0
5a83d7d05542992ef85e237a,bridge,5,5,-3.2456555366516113,0
5a83d7d05542992ef85e237a,bridge,4,6,-4.045216083526611,0
5a83d7d05542992ef85e237a,bridge,6,7,-6.550620079040527,0
5a83d7d05542992ef85e237a,bridge,0,8,-7.260103225708008,0
5a83d7d05542992ef85e237a,bridge,2,9,-7.431581497192383,0
5ae07e5b55429945ae959381,bridge,3,0,8.93537425994873,1
5ae07e5b55429945ae959381,bridge,9,1,5.515854835510254,1
5ae07e5b55429945ae959381,bridge,1,2,4.058918476104736,0
5ae07e5b55429945ae959381,bridge,8,3,3.501613140106201,0
5ae07e5b55429945ae959381,bridge,4,4,3.443718194961548,0
5ae07e5b55429945ae959381,bridge,7,5,3.289478063583374,0
5ae07e5b55429945ae959381,bridge,5,6,2.16572904586792,0
5ae07e5b55429945ae959381,bridge,6,7,2.0503697395324707,0
5ae07e5b55429945ae959381,bridge,0,8,1.9171316623687744,0
5ae07e5b55429945ae959381,bridge,2,9,-3.3991692066192627,0
5ae13b085542997b2ef7d146,bridge,7,0,7.046875,1
5ae13b085542997b2ef7d146,bridge,4,1,-1.730079174041748,0
5ae13b085542997b2ef7d146,bridge,0,2,-1.8828020095825195,0
5ae13b085542997b2ef7d146,bridge,6,3,-2.527322292327881,0
5ae13b085542997b2ef7d146,bridge,1,4,-3.0106425285339355,0
5ae13b085542997b2ef7d146,bridge,3,5,-3.959599494934082,0
5ae13b085542997b2ef7d146,bridge,8,6,-4.34660530090332,0
5ae13b085542997b2ef7d146,bridge,2,7,-4.9168171882629395,0
5ae13b085542997b2ef7d146,bridge,5,8,-8.008686065673828,0
5ae13b085542997b2ef7d146,bridge,9,9,-9.399982452392578,1
5a88cc8f55429938390d3fc5,bridge,7,0,5.937397003173828,1
5a88cc8f55429938390d3fc5,bridge,2,1,1.6108587980270386,0
5a88cc8f55429938390d3fc5,bridge,4,2,1.0463967323303223,0
5a88cc8f55429938390d3fc5,bridge,8,3,0.3586163818836212,1
5a88cc8f55429938390d3fc5,bridge,3,4,-0.0031127764377743006,0
5a88cc8f55429938390d3fc5,bridge,1,5,-0.6070608496665955,0
5a88cc8f55429938390d3fc5,bridge,6,6,-0.9923653602600098,0
5a88cc8f55429938390d3fc5,bridge,5,7,-1.7553645372390747,0
5a88cc8f55429938390d3fc5,bridge,9,8,-2.4363622665405273,0
5a88cc8f55429938390d3fc5,bridge,0,9,-4.310615539550781,0
5ab26b60554299449642c898,bridge,9,0,7.911577224731445,1
5ab26b60554299449642c898,bridge,5,1,1.4608895778656006,1
5ab26b60554299449642c898,bridge,7,2,0.5959889888763428,0
5ab26b60554299449642c898,bridge,8,3,-2.08638858795166,0
5ab26b60554299449642c898,bridge,6,4,-2.2730159759521484,0
5ab26b60554299449642c898,bridge,0,5,-4.22899055480957,0
5ab26b60554299449642c898,bridge,1,6,-4.3590989112854,0
5ab26b60554299449642c898,bridge,2,7,-5.1025710105896,0
5ab26b60554299449642c898,bridge,4,8,-6.375607967376709,0
5ab26b60554299449642c898,bridge,3,9,-8.421357154846191,0
5a7615fb5542992db9473727,bridge,2,0,5.16132116317749,1
5a7615fb5542992db9473727,bridge,4,1,4.62980318069458,0
5a7615fb5542992db9473727,bridge,6,2,2.668745279312134,1
5a7615fb5542992db9473727,bridge,9,3,1.5207937955856323,0
5a7615fb5542992db9473727,bridge,1,4,0.603592574596405,0
5a7615fb5542992db9473727,bridge,5,5,-1.2172255516052246,0
5a7615fb5542992db9473727,bridge,3,6,-2.081068515777588,0
5a7615fb5542992db9473727,bridge,7,7,-2.346323013305664,0
5a7615fb5542992db9473727,bridge,0,8,-4.3824591636657715,0
5a7615fb5542992db9473727,bridge,8,9,-7.961600303649902,0
5ae142c455429920d5234355,bridge,1,0,-2.8449435234069824,0
5ae142c455429920d5234355,bridge,9,1,-3.9942588806152344,0
5ae142c455429920d5234355,bridge,0,2,-4.6131591796875,1
5ae142c455429920d5234355,bridge,2,3,-6.0671281814575195,0
5ae142c455429920d5234355,bridge,7,4,-6.08978271484375,0
5ae142c455429920d5234355,bridge,8,5,-6.962401866912842,0
5ae142c455429920d5234355,bridge,5,6,-7.19950008392334,1
5ae142c455429920d5234355,bridge,6,7,-8.063305854797363,0
5ae142c455429920d5234355,bridge,3,8,-8.514662742614746,0
5ae142c455429920d5234355,bridge,4,9,-9.612442970275879,0
5abc6c2655429959677d6aac,bridge,9,0,7.271816730499268,1
5abc6c2655429959677d6aac,bridge,4,1,4.408213138580322,0
5abc6c2655429959677d6aac,bridge,2,2,2.586866617202759,0
5abc6c2655429959677d6aac,bridge,6,3,1.7127444744110107,0
5abc6c2655429959677d6aac,bridge,8,4,1.5255924463272095,1
5abc6c2655429959677d6aac,bridge,3,5,0.09431745857000351,0
5abc6c2655429959677d6aac,bridge,5,6,-0.7290350794792175,0
5abc6c2655429959677d6aac,bridge,7,7,-0.7760685682296753,0
5abc6c2655429959677d6aac,bridge,1,8,-5.550072193145752,0
5abc6c2655429959677d6aac,bridge,0,9,-6.193418502807617,0
5abdb4a755429965af743df0,bridge,5,0,4.338082790374756,1
5abdb4a755429965af743df0,bridge,2,1,-2.7110602855682373,1
5abdb4a755429965af743df0,bridge,3,2,-6.584704875946045,0
5abdb4a755429965af743df0,bridge,4,3,-9.391616821289062,0
5abdb4a755429965af743df0,bridge,7,4,-9.747052192687988,0
5abdb4a755429965af743df0,bridge,0,5,-10.810877799987793,0
5abdb4a755429965af743df0,bridge,9,6,-11.005668640136719,0
5abdb4a755429965af743df0,bridge,8,7,-11.051814079284668,0
5abdb4a755429965af743df0,bridge,1,8,-11.261300086975098,0
5abdb4a755429965af743df0,bridge,6,9,-11.301225662231445,0
5a7e37095542995ed0d166d5,comparison,3,0,4.662527561187744,1
5a7e37095542995ed0d166d5,comparison,9,1,4.4835286140441895,1
5a7e37095542995ed0d166d5,comparison,6,2,3.3147637844085693,0
5a7e37095542995ed0d166d5,comparison,1,3,2.893097400665283,0
5a7e37095542995ed0d166d5,comparison,5,4,2.0862679481506348,0
5a7e37095542995ed0d166d5,comparison,7,5,1.4872430562973022,0
5a7e37095542995ed0d166d5,comparison,4,6,1.2392226457595825,0
5a7e37095542995ed0d166d5,comparison,0,7,1.1045665740966797,0
5a7e37095542995ed0d166d5,comparison,2,8,-0.03669889271259308,0
5a7e37095542995ed0d166d5,comparison,8,9,-1.3482177257537842,0
5ac3bd0c554299204fd21e21,comparison,5,0,1.9073082208633423,1
5ac3bd0c554299204fd21e21,comparison,9,1,0.6401817202568054,1
5ac3bd0c554299204fd21e21,comparison,7,2,-0.9120979309082031,0
5ac3bd0c554299204fd21e21,comparison,4,3,-4.100461959838867,0
5ac3bd0c554299204fd21e21,comparison,3,4,-4.875283718109131,0
5ac3bd0c554299204fd21e21,comparison,6,5,-5.524954795837402,0
5ac3bd0c554299204fd21e21,comparison,8,6,-6.454006671905518,0
5ac3bd0c554299204fd21e21,comparison,2,7,-6.965927600860596,0
5ac3bd0c554299204fd21e21,comparison,0,8,-7.236621856689453,0
5ac3bd0c554299204fd21e21,comparison,1,9,-7.804660320281982,0
5a834ed95542990548d0b1ca,comparison,7,0,6.649704456329346,1
5a834ed95542990548d0b1ca,comparison,4,1,5.0820631980896,1
5a834ed95542990548d0b1ca,comparison,8,2,4.937539100646973,0
5a834ed95542990548d0b1ca,comparison,2,3,2.2363414764404297,0
5a834ed95542990548d0b1ca,comparison,5,4,0.9066320657730103,0
5a834ed95542990548d0b1ca,comparison,1,5,-1.3038148880004883,0
5a834ed95542990548d0b1ca,comparison,6,6,-4.174868583679199,0
5a834ed95542990548d0b1ca,comparison,3,7,-4.5061116218566895,0
5a834ed95542990548d0b1ca,comparison,9,8,-10.135237693786621,0
5a834ed95542990548d0b1ca,comparison,0,9,-10.45142936706543,0
5a8318955542990548d0b177,bridge,1,0,4.143188953399658,1
5a8318955542990548d0b177,bridge,3,1,3.1081297397613525,1
5a8318955542990548d0b177,bridge,5,2,0.8522818088531494,0
5a8318955542990548d0b177,bridge,0,3,-0.7755828499794006,0
5a8318955542990548d0b177,bridge,6,4,-0.7789181470870972,0
5a8318955542990548d0b177,bridge,9,5,-0.8628523349761963,0
5a8318955542990548d0b177,bridge,7,6,-0.8643866777420044,0
5a8318955542990548d0b177,bridge,4,7,-2.597342014312744,0
5a8318955542990548d0b177,bridge,2,8,-2.9413459300994873,0
5a8318955542990548d0b177,bridge,8,9,-3.744270086288452,0
5ae680cc5542996d980e7ba5,bridge,8,0,6.029036045074463,1
5ae680cc5542996d980e7ba5,bridge,9,1,3.0060606002807617,0
5ae680cc5542996d980e7ba5,bridge,1,2,2.391364097595215,1
5ae680cc5542996d980e7ba5,bridge,5,3,2.0244126319885254,0
5ae680cc5542996d980e7ba5,bridge,7,4,1.8226568698883057,0
5ae680cc5542996d980e7ba5,bridge,3,5,1.0579195022583008,0
5ae680cc5542996d980e7ba5,bridge,2,6,0.783840000629425,0
5ae680cc5542996d980e7ba5,bridge,6,7,-2.073179244995117,0
5ae680cc5542996d980e7ba5,bridge,0,8,-3.004696846008301,0
5ae680cc5542996d980e7ba5,bridge,4,9,-6.011268615722656,0
5ac397fe554299218029dbe2,bridge,1,0,7.0343217849731445,1
5ac397fe554299218029dbe2,bridge,5,1,1.2873680591583252,0
5ac397fe554299218029dbe2,bridge,6,2,0.32563304901123047,0
5ac397fe554299218029dbe2,bridge,9,3,-0.7840619683265686,0
5ac397fe554299218029dbe2,bridge,7,4,-1.4993767738342285,0
5ac397fe554299218029dbe2,bridge,2,5,-3.056260824203491,0
5ac397fe554299218029dbe2,bridge,3,6,-3.0987637042999268,0
5ac397fe554299218029dbe2,bridge,8,7,-4.083790302276611,0
5ac397fe554299218029dbe2,bridge,0,8,-6.960969924926758,0
5ac397fe554299218029dbe2,bridge,4,9,-10.328186988830566,1
5a8f6a025542992414482ab8,bridge,5,0,5.702719211578369,1
5a8f6a025542992414482ab8,bridge,3,1,1.4765863418579102,0
5a8f6a025542992414482ab8,bridge,7,2,1.2520968914031982,0
5a8f6a025542992414482ab8,bridge,0,3,0.47148004174232483,0
5a8f6a025542992414482ab8,bridge,4,4,0.34479138255119324,0
5a8f6a025542992414482ab8,bridge,2,5,-0.651759147644043,0
5a8f6a025542992414482ab8,bridge,8,6,-0.7459738850593567,0
5a8f6a025542992414482ab8,bridge,1,7,-3.2270467281341553,0
5a8f6a025542992414482ab8,bridge,9,8,-3.9609813690185547,1
5a8f6a025542992414482ab8,bridge,6,9,-4.817831039428711,0
5ae6316d5542996de7b71b87,bridge,4,0,2.1151435375213623,1
5ae6316d5542996de7b71b87,bridge,1,1,-2.8725616931915283,1
5ae6316d5542996de7b71b87,bridge,6,2,-4.696351528167725,0
5ae6316d5542996de7b71b87,bridge,0,3,-5.142470836639404,0
5ae6316d5542996de7b71b87,bridge,7,4,-6.0560173988342285,0
5ae6316d5542996de7b71b87,bridge,9,5,-6.120572566986084,0
5ae6316d5542996de7b71b87,bridge,8,6,-6.562832355499268,0
5ae6316d5542996de7b71b87,bridge,3,7,-7.290658950805664,0
5ae6316d5542996de7b71b87,bridge,2,8,-7.5429816246032715,0
5ae6316d5542996de7b71b87,bridge,5,9,-9.20503044128418,0
5ab5c31b554299488d4d9a19,bridge,5,0,4.962358474731445,1
5ab5c31b554299488d4d9a19,bridge,2,1,-0.003308286890387535,1
5ab5c31b554299488d4d9a19,bridge,3,2,-6.176792144775391,0
5ab5c31b554299488d4d9a19,bridge,9,3,-6.435102462768555,0
5ab5c31b554299488d4d9a19,bridge,1,4,-7.444985866546631,0
5ab5c31b554299488d4d9a19,bridge,7,5,-7.672654151916504,0
5ab5c31b554299488d4d9a19,bridge,6,6,-7.803023338317871,0
5ab5c31b554299488d4d9a19,bridge,8,7,-8.393982887268066,0
5ab5c31b554299488d4d9a19,bridge,0,8,-9.182768821716309,0
5ab5c31b554299488d4d9a19,bridge,4,9,-9.844043731689453,0
5ac17b485542994ab5c67d65,bridge,6,0,-0.5542927384376526,0
5ac17b485542994ab5c67d65,bridge,0,1,-0.8126384615898132,0
5ac17b485542994ab5c67d65,bridge,7,2,-1.4380667209625244,1
5ac17b485542994ab5c67d65,bridge,3,3,-1.691658616065979,0
5ac17b485542994ab5c67d65,bridge,1,4,-1.947978138923645,0
5ac17b485542994ab5c67d65,bridge,4,5,-2.626185178756714,0
5ac17b485542994ab5c67d65,bridge,8,6,-2.7444329261779785,1
5ac17b485542994ab5c67d65,bridge,2,7,-3.1930644512176514,0
5ac17b485542994ab5c67d65,bridge,5,8,-3.7671384811401367,0
5ac17b485542994ab5c67d65,bridge,9,9,-5.092393398284912,0
5a75fbe855429976ec32bcde,comparison,6,0,6.469876766204834,1
5a75fbe855429976ec32bcde,comparison,8,1,3.713752031326294,0
5a75fbe855429976ec32bcde,comparison,2,2,3.212836265563965,1
5a75fbe855429976ec32bcde,comparison,4,3,1.6485024690628052,0
5a75fbe855429976ec32bcde,comparison,9,4,-2.836552381515503,0
5a75fbe855429976ec32bcde,comparison,3,5,-7.777037620544434,0
5a75fbe855429976ec32bcde,comparison,7,6,-8.132434844970703,0
5a75fbe855429976ec32bcde,comparison,0,7,-8.547865867614746,0
5a75fbe855429976ec32bcde,comparison,5,8,-9.372929573059082,0
5a75fbe855429976ec32bcde,comparison,1,9,-10.390617370605469,0
5ac017f4554299012d1db5a2,comparison,6,0,3.804595470428467,1
5ac017f4554299012d1db5a2,comparison,0,1,-1.1117866039276123,1
5ac017f4554299012d1db5a2,comparison,4,2,-2.706618309020996,0
5ac017f4554299012d1db5a2,comparison,9,3,-4.46514892578125,0
5ac017f4554299012d1db5a2,comparison,3,4,-4.579180717468262,0
5ac017f4554299012d1db5a2,comparison,5,5,-7.353418827056885,0
5ac017f4554299012d1db5a2,comparison,2,6,-8.783051490783691,0
5ac017f4554299012d1db5a2,comparison,1,7,-8.951340675354004,0
5ac017f4554299012d1db5a2,comparison,8,8,-9.255899429321289,0
5ac017f4554299012d1db5a2,comparison,7,9,-9.61972427368164,0
5a863ff0554299211dda2ac6,comparison,9,0,5.59323787689209,1
5a863ff0554299211dda2ac6,comparison,2,1,-0.6667101979255676,1
5a863ff0554299211dda2ac6,comparison,0,2,-5.541382789611816,0
5a863ff0554299211dda2ac6,comparison,7,3,-8.308798789978027,0
5a863ff0554299211dda2ac6,comparison,3,4,-8.489425659179688,0
5a863ff0554299211dda2ac6,comparison,1,5,-9.076407432556152,0
5a863ff0554299211dda2ac6,comparison,4,6,-9.195022583007812,0
5a863ff0554299211dda2ac6,comparison,5,7,-9.232892990112305,0
5a863ff0554299211dda2ac6,comparison,8,8,-9.786833763122559,0
5a863ff0554299211dda2ac6,comparison,6,9,-10.710484504699707,0
5ab2a292554299194fa93496,bridge,1,0,7.086775779724121,1
5ab2a292554299194fa93496,bridge,9,1,5.191727638244629,0
5ab2a292554299194fa93496,bridge,6,2,4.97265100479126,0
5ab2a292554299194fa93496,bridge,2,3,4.405359745025635,0
5ab2a292554299194fa93496,bridge,0,4,3.734833240509033,0
5ab2a292554299194fa93496,bridge,5,5,3.5793893337249756,0
5ab2a292554299194fa93496,bridge,7,6,2.3618550300598145,0
5ab2a292554299194fa93496,bridge,3,7,1.361163854598999,0
5ab2a292554299194fa93496,bridge,4,8,1.1741769313812256,0
5ab2a292554299194fa93496,bridge,8,9,-3.0896196365356445,1
5ab2118055429970612095b8,bridge,3,0,-2.0943338871002197,1
5ab2118055429970612095b8,bridge,5,1,-4.266090393066406,0
5ab2118055429970612095b8,bridge,9,2,-4.667250633239746,0
5ab2118055429970612095b8,bridge,2,3,-6.049838066101074,0
5ab2118055429970612095b8,bridge,7,4,-6.913813591003418,0
5ab2118055429970612095b8,bridge,8,5,-7.853940010070801,1
5ab2118055429970612095b8,bridge,0,6,-10.197507858276367,0
5ab2118055429970612095b8,bridge,4,7,-10.472347259521484,0
5ab2118055429970612095b8,bridge,1,8,-10.609381675720215,0
5ab2118055429970612095b8,bridge,6,9,-10.856188774108887,0
5a88a4e65542997e5c09a671,bridge,7,0,7.763711929321289,1
5a88a4e65542997e5c09a671,bridge,2,1,4.285251617431641,1
5a88a4e65542997e5c09a671,bridge,5,2,3.35457444190979,0
5a88a4e65542997e5c09a671,bridge,0,3,2.2486016750335693,0
5a88a4e65542997e5c09a671,bridge,6,4,0.2156786322593689,0
5a88a4e65542997e5c09a671,bridge,1,5,-0.474785178899765,0
5a88a4e65542997e5c09a671,bridge,9,6,-0.6386491060256958,0
5a88a4e65542997e5c09a671,bridge,8,7,-0.8537330627441406,0
5a88a4e65542997e5c09a671,bridge,3,8,-1.1278375387191772,0
5a88a4e65542997e5c09a671,bridge,4,9,-1.585983157157898,0
5ae0a48155429945ae9593df,bridge,2,0,5.268478870391846,1
5ae0a48155429945ae9593df,bridge,5,1,-3.914506435394287,0
5ae0a48155429945ae9593df,bridge,3,2,-5.614368915557861,0
5ae0a48155429945ae9593df,bridge,7,3,-5.724136829376221,0
5ae0a48155429945ae9593df,bridge,0,4,-6.569909572601318,0
5ae0a48155429945ae9593df,bridge,8,5,-7.632588863372803,0
5ae0a48155429945ae9593df,bridge,4,6,-8.219054222106934,0
5ae0a48155429945ae9593df,bridge,6,7,-8.709307670593262,0
5ae0a48155429945ae9593df,bridge,9,8,-10.062151908874512,0
5ae0a48155429945ae9593df,bridge,1,9,-10.675148010253906,1
5abc0bea554299658360040d,bridge,0,0,6.742582321166992,1
5abc0bea554299658360040d,bridge,5,1,3.1462039947509766,0
5abc0bea554299658360040d,bridge,4,2,2.0094592571258545,0
5abc0bea554299658360040d,bridge,1,3,1.716434359550476,0
5abc0bea554299658360040d,bridge,8,4,0.5186344385147095,0
5abc0bea554299658360040d,bridge,6,5,-0.35084396600723267,0
5abc0bea554299658360040d,bridge,7,6,-0.8062022924423218,0
5abc0bea554299658360040d,bridge,2,7,-0.8345764875411987,0
5abc0bea554299658360040d,bridge,9,8,-1.1412889957427979,0
5abc0bea554299658360040d,bridge,3,9,-9.117330551147461,1
5a7b3a2455429927d897bf5c,bridge,8,0,2.408378839492798,1
5a7b3a2455429927d897bf5c,bridge,0,1,1.0603997707366943,0
5a7b3a2455429927d897bf5c,bridge,5,2,-0.2970277965068817,0
5a7b3a2455429927d897bf5c,bridge,1,3,-0.3347195088863373,1
5a7b3a2455429927d897bf5c,bridge,7,4,-2.522991418838501,0
5a7b3a2455429927d897bf5c,bridge,4,5,-6.272063255310059,0
5a7b3a2455429927d897bf5c,bridge,3,6,-7.129950046539307,0
5a7b3a2455429927d897bf5c,bridge,2,7,-9.326676368713379,0
5a7b3a2455429927d897bf5c,bridge,9,8,-9.705260276794434,0
5a7b3a2455429927d897bf5c,bridge,6,9,-11.024191856384277,0
5ac3b9c5554299657fa2911b,bridge,6,0,1.2217520475387573,0
5ac3b9c5554299657fa2911b,bridge,3,1,1.1839932203292847,1
5ac3b9c5554299657fa2911b,bridge,4,2,0.28468286991119385,1
5ac3b9c5554299657fa2911b,bridge,0,3,-2.939535617828369,0
5ac3b9c5554299657fa2911b,bridge,5,4,-4.321097373962402,0
5ac3b9c5554299657fa2911b,bridge,1,5,-4.324868679046631,0
5ac3b9c5554299657fa2911b,bridge,2,6,-4.837179183959961,0
5ac3b9c5554299657fa2911b,bridge,8,7,-6.073018550872803,0
5ac3b9c5554299657fa2911b,bridge,7,8,-8.526473045349121,0
5ac3b9c5554299657fa2911b,bridge,9,9,-10.268518447875977,0
5abe369055429976d4830a8a,bridge,4,0,6.053321838378906,1
5abe369055429976d4830a8a,bridge,6,1,0.9510395526885986,1
5abe369055429976d4830a8a,bridge,0,2,-2.662870407104492,0
5abe369055429976d4830a8a,bridge,3,3,-5.712230205535889,0
5abe369055429976d4830a8a,bridge,5,4,-7.693271636962891,0
5abe369055429976d4830a8a,bridge,1,5,-7.754848003387451,0
5abe369055429976d4830a8a,bridge,9,6,-8.641942024230957,0
5abe369055429976d4830a8a,bridge,2,7,-8.71712589263916,0
5abe369055429976d4830a8a,bridge,8,8,-8.845145225524902,0
5abe369055429976d4830a8a,bridge,7,9,-10.193804740905762,0
5addfdf65542992200553bd2,bridge,3,0,5.890399932861328,1
5addfdf65542992200553bd2,bridge,8,1,1.2112956047058105,0
5addfdf65542992200553bd2,bridge,6,2,0.9973997473716736,1
5addfdf65542992200553bd2,bridge,7,3,-2.1448557376861572,0
5addfdf65542992200553bd2,bridge,9,4,-2.2603304386138916,0
5addfdf65542992200553bd2,bridge,4,5,-3.4233999252319336,0
5addfdf65542992200553bd2,bridge,1,6,-3.4948863983154297,0
5addfdf65542992200553bd2,bridge,2,7,-6.1682353019714355,0
5addfdf65542992200553bd2,bridge,5,8,-6.610043048858643,0
5addfdf65542992200553bd2,bridge,0,9,-7.727245807647705,0
5a7a36e65542990198eaf0ea,bridge,4,0,4.8441033363342285,1
5a7a36e65542990198eaf0ea,bridge,9,1,-0.8328261971473694,0
5a7a36e65542990198eaf0ea,bridge,3,2,-2.7308857440948486,0
5a7a36e65542990198eaf0ea,bridge,5,3,-5.568321228027344,0
5a7a36e65542990198eaf0ea,bridge,7,4,-5.926689147949219,0
5a7a36e65542990198eaf0ea,bridge,1,5,-6.284600734710693,0
5a7a36e65542990198eaf0ea,bridge,0,6,-6.93325138092041,0
5a7a36e65542990198eaf0ea,bridge,2,7,-8.848167419433594,0
5a7a36e65542990198eaf0ea,bridge,6,8,-9.375658988952637,1
5a7a36e65542990198eaf0ea,bridge,8,9,-10.204511642456055,0
5a90b1a15542990a984936ab,bridge,3,0,1.7168529033660889,0
5a90b1a15542990a984936ab,bridge,7,1,1.3559796810150146,1
5a90b1a15542990a984936ab,bridge,4,2,-0.3777042031288147,0
5a90b1a15542990a984936ab,bridge,1,3,-3.592160701751709,0
5a90b1a15542990a984936ab,bridge,2,4,-6.439093589782715,0
5a90b1a15542990a984936ab,bridge,5,5,-8.408515930175781,0
5a90b1a15542990a984936ab,bridge,6,6,-8.71552848815918,0
5a90b1a15542990a984936ab,bridge,8,7,-9.105411529541016,1
5a90b1a15542990a984936ab,bridge,9,8,-9.507411003112793,0
5a90b1a15542990a984936ab,bridge,0,9,-10.998079299926758,0
5ae0361155429925eb1afc2c,bridge,0,0,7.399111747741699,0
5ae0361155429925eb1afc2c,bridge,9,1,6.961530685424805,1
5ae0361155429925eb1afc2c,bridge,3,2,5.674471378326416,1
5ae0361155429925eb1afc2c,bridge,6,3,3.5129239559173584,0
5ae0361155429925eb1afc2c,bridge,4,4,3.305436849594116,0
5ae0361155429925eb1afc2c,bridge,1,5,3.3000741004943848,0
5ae0361155429925eb1afc2c,bridge,7,6,3.287113666534424,0
5ae0361155429925eb1afc2c,bridge,2,7,-1.0290101766586304,0
5ae0361155429925eb1afc2c,bridge,8,8,-1.1401492357254028,0
5ae0361155429925eb1afc2c,bridge,5,9,-1.1916142702102661,0
5a810506554299260e20a202,bridge,1,0,6.4838056564331055,1
5a810506554299260e20a202,bridge,5,1,3.493107557296753,1
5a810506554299260e20a202,bridge,6,2,-1.5818287134170532,0
5a810506554299260e20a202,bridge,3,3,-5.245853900909424,0
5a810506554299260e20a202,bridge,0,4,-7.957064628601074,0
5a810506554299260e20a202,bridge,9,5,-9.469751358032227,0
5a810506554299260e20a202,bridge,2,6,-9.75869369506836,0
5a810506554299260e20a202,bridge,8,7,-9.947843551635742,0
5a810506554299260e20a202,bridge,4,8,-10.285648345947266,0
5a810506554299260e20a202,bridge,7,9,-11.029352188110352,0
5a7ce50f55429909bec76869,bridge,1,0,5.052765369415283,1
5a7ce50f55429909bec76869,bridge,7,1,4.514078617095947,1
5a7ce50f55429909bec76869,bridge,2,2,1.9333144426345825,0
5a7ce50f55429909bec76869,bridge,9,3,1.1612621545791626,0
5a7ce50f55429909bec76869,bridge,3,4,-2.6894640922546387,0
5a7ce50f55429909bec76869,bridge,5,5,-3.7742114067077637,0
5a7ce50f55429909bec76869,bridge,8,6,-3.811863660812378,0
5a7ce50f55429909bec76869,bridge,0,7,-4.123856067657471,0
5a7ce50f55429909bec76869,bridge,4,8,-5.192540168762207,0
5a7ce50f55429909bec76869,bridge,6,9,-5.682247638702393,0
5a8bb7f95542996e8ac889ff,bridge,9,0,7.029475212097168,1
5a8bb7f95542996e8ac889ff,bridge,2,1,3.3144891262054443,0
5a8bb7f95542996e8ac889ff,bridge,7,2,2.4145219326019287,0
5a8bb7f95542996e8ac889ff,bridge,3,3,1.6958513259887695,0
5a8bb7f95542996e8ac889ff,bridge,4,4,1.5776742696762085,0
5a8bb7f95542996e8ac889ff,bridge,1,5,1.168765664100647,1
5a8bb7f95542996e8ac889ff,bridge,8,6,0.9980334639549255,0
5a8bb7f95542996e8ac889ff,bridge,6,7,-1.4948660135269165,0
5a8bb7f95542996e8ac889ff,bridge,0,8,-2.3208131790161133,0
5a8bb7f95542996e8ac889ff,bridge,5,9,-2.6286115646362305,0
5a85d25b5542996432c570ee,bridge,7,0,7.358128547668457,1
5a85d25b5542996432c570ee,bridge,4,1,5.885250091552734,1
5a85d25b5542996432c570ee,bridge,0,2,5.384033203125,0
5a85d25b5542996432c570ee,bridge,6,3,5.107276916503906,0
5a85d25b5542996432c570ee,bridge,5,4,4.291595458984375,0
5a85d25b5542996432c570ee,bridge,3,5,1.95509672164917,0
5a85d25b5542996432c570ee,bridge,8,6,-0.017357347533106804,0
5a85d25b5542996432c570ee,bridge,2,7,-4.491487979888916,0
5a85d25b5542996432c570ee,bridge,9,8,-6.626718044281006,0
5a85d25b5542996432c570ee,bridge,1,9,-8.899093627929688,0
5abc17c25542993a06baf85b,comparison,0,0,6.311402320861816,1
5abc17c25542993a06baf85b,comparison,5,1,5.085112571716309,1
5abc17c25542993a06baf85b,comparison,3,2,3.5102152824401855,0
5abc17c25542993a06baf85b,comparison,6,3,0.5414506196975708,0
5abc17c25542993a06baf85b,comparison,8,4,0.4449571669101715,0
5abc17c25542993a06baf85b,comparison,2,5,-1.5864512920379639,0
5abc17c25542993a06baf85b,comparison,4,6,-2.5501856803894043,0
5abc17c25542993a06baf85b,comparison,9,7,-3.576887607574463,0
5abc17c25542993a06baf85b,comparison,1,8,-5.577579498291016,0
5abc17c25542993a06baf85b,comparison,7,9,-6.099040508270264,0
5ae326d85542991a06ce9938,bridge,8,0,5.171315670013428,1
5ae326d85542991a06ce9938,bridge,5,1,-4.562115669250488,1
5ae326d85542991a06ce9938,bridge,6,2,-8.771265983581543,0
5ae326d85542991a06ce9938,bridge,1,3,-9.030495643615723,0
5ae326d85542991a06ce9938,bridge,9,4,-9.669177055358887,0
5ae326d85542991a06ce9938,bridge,0,5,-9.671841621398926,0
5ae326d85542991a06ce9938,bridge,7,6,-9.856406211853027,0
5ae326d85542991a06ce9938,bridge,4,7,-9.935418128967285,0
5ae326d85542991a06ce9938,bridge,2,8,-10.498180389404297,0
5ae326d85542991a06ce9938,bridge,3,9,-10.621565818786621,0
5a88658955429938390d3f47,bridge,1,0,1.8076035976409912,1
5a88658955429938390d3f47,bridge,6,1,-4.186363220214844,1
5a88658955429938390d3f47,bridge,7,2,-9.28635025024414,0
5a88658955429938390d3f47,bridge,9,3,-9.761199951171875,0
5a88658955429938390d3f47,bridge,2,4,-10.10238265991211,0
5a88658955429938390d3f47,bridge,8,5,-10.766570091247559,0
5a88658955429938390d3f47,bridge,4,6,-11.051361083984375,0
5a88658955429938390d3f47,bridge,3,7,-11.118633270263672,0
5a88658955429938390d3f47,bridge,5,8,-11.141508102416992,0
5a88658955429938390d3f47,bridge,0,9,-11.205976486206055,0
5ac55c135542993e66e82345,bridge,8,0,7.77609395980835,1
5ac55c135542993e66e82345,bridge,7,1,-3.2705254554748535,0
5ac55c135542993e66e82345,bridge,9,2,-3.4551336765289307,0
5ac55c135542993e66e82345,bridge,5,3,-3.775268077850342,0
5ac55c135542993e66e82345,bridge,4,4,-4.046370983123779,0
5ac55c135542993e66e82345,bridge,2,5,-4.1239495277404785,0
5ac55c135542993e66e82345,bridge,0,6,-4.168712139129639,0
5ac55c135542993e66e82345,bridge,3,7,-4.181066513061523,0
5ac55c135542993e66e82345,bridge,6,8,-6.401564598083496,0
5ac55c135542993e66e82345,bridge,1,9,-8.49791431427002,1
5a7b22f8554299042af8f6ff,bridge,9,0,2.6101009845733643,1
5a7b22f8554299042af8f6ff,bridge,4,1,-4.045568943023682,0
5a7b22f8554299042af8f6ff,bridge,1,2,-5.918915748596191,0
5a7b22f8554299042af8f6ff,bridge,5,3,-6.4453206062316895,0
5a7b22f8554299042af8f6ff,bridge,6,4,-7.242291450500488,0
5a7b22f8554299042af8f6ff,bridge,8,5,-7.419208526611328,0
5a7b22f8554299042af8f6ff,bridge,0,6,-7.599442481994629,0
5a7b22f8554299042af8f6ff,bridge,7,7,-7.744384288787842,0
5a7b22f8554299042af8f6ff,bridge,3,8,-8.598788261413574,0
5a7b22f8554299042af8f6ff,bridge,2,9,-10.868667602539062,1
5ae1ba55554299234fd042d9,bridge,2,0,6.2094621658325195,1
5ae1ba55554299234fd042d9,bridge,0,1,0.9536547660827637,0
5ae1ba55554299234fd042d9,bridge,8,2,-0.4296884834766388,0
5ae1ba55554299234fd042d9,bridge,1,3,-1.2378830909729004,0
5ae1ba55554299234fd042d9,bridge,4,4,-2.071307897567749,0
5ae1ba55554299234fd042d9,bridge,6,5,-2.8813626766204834,0
5ae1ba55554299234fd042d9,bridge,7,6,-3.3957927227020264,0
5ae1ba55554299234fd042d9,bridge,9,7,-4.161700248718262,0
5ae1ba55554299234fd042d9,bridge,3,8,-4.923333644866943,0
5ae1ba55554299234fd042d9,bridge,5,9,-5.601300239562988,1
5a829fab55429954d2e2eb83,comparison,6,0,6.455946922302246,1
5a829fab55429954d2e2eb83,comparison,4,1,0.15979816019535065,0
5a829fab55429954d2e2eb83,comparison,3,2,-0.12249177694320679,1
5a829fab55429954d2e2eb83,comparison,8,3,-1.0094327926635742,0
5a829fab55429954d2e2eb83,comparison,5,4,-1.4072710275650024,0
5a829fab55429954d2e2eb83,comparison,1,5,-1.8460127115249634,0
5a829fab55429954d2e2eb83,comparison,9,6,-2.475743055343628,0
5a829fab55429954d2e2eb83,comparison,0,7,-4.298915386199951,0
5a829fab55429954d2e2eb83,comparison,7,8,-6.1210222244262695,0
5a829fab55429954d2e2eb83,comparison,2,9,-6.48012113571167,0
5a8b036d55429971feec45fe,comparison,7,0,5.9044036865234375,1
5a8b036d55429971feec45fe,comparison,0,1,1.726438045501709,0
5a8b036d55429971feec45fe,comparison,3,2,1.5228078365325928,0
5a8b036d55429971feec45fe,comparison,4,3,1.0812499523162842,1
5a8b036d55429971feec45fe,comparison,1,4,0.6962930560112,0
5a8b036d55429971feec45fe,comparison,5,5,-1.1993181705474854,0
5a8b036d55429971feec45fe,comparison,2,6,-2.0808839797973633,0
5a8b036d55429971feec45fe,comparison,6,7,-2.188103199005127,0
5adfc77b554299603e4183ab,comparison,8,0,2.509286880493164,1
5adfc77b554299603e4183ab,comparison,3,1,1.6976618766784668,1
5adfc77b554299603e4183ab,comparison,9,2,-1.0375818014144897,0
5adfc77b554299603e4183ab,comparison,7,3,-1.0857937335968018,0
5adfc77b554299603e4183ab,comparison,5,4,-2.7715680599212646,0
5adfc77b554299603e4183ab,comparison,2,5,-4.089341163635254,0
5adfc77b554299603e4183ab,comparison,4,6,-6.262020111083984,0
5adfc77b554299603e4183ab,comparison,6,7,-7.112620830535889,0
5adfc77b554299603e4183ab,comparison,0,8,-7.144279479980469,0
5adfc77b554299603e4183ab,comparison,1,9,-8.462870597839355,0
5ae7ae9a5542993210983ef2,bridge,7,0,4.666510105133057,1
5ae7ae9a5542993210983ef2,bridge,4,1,2.9292380809783936,0
5ae7ae9a5542993210983ef2,bridge,6,2,2.421490430831909,0
5ae7ae9a5542993210983ef2,bridge,8,3,1.9567842483520508,1
5ae7ae9a5542993210983ef2,bridge,5,4,0.8158957362174988,0
5ae7ae9a5542993210983ef2,bridge,2,5,0.3285306692123413,0
5ae7ae9a5542993210983ef2,bridge,3,6,0.11224424093961716,0
5ae7ae9a5542993210983ef2,bridge,9,7,-1.323086142539978,0
5ae7ae9a5542993210983ef2,bridge,0,8,-1.5681989192962646,0
5ae7ae9a5542993210983ef2,bridge,1,9,-2.348724842071533,0
5ab611cc5542992aa134a411,comparison,2,0,2.0689947605133057,1
5ab611cc5542992aa134a411,comparison,9,1,-0.6013567447662354,1
5ab611cc5542992aa134a411,comparison,4,2,-3.8591837882995605,0
5ab611cc5542992aa134a411,comparison,0,3,-4.069653034210205,0
5ab611cc5542992aa134a411,comparison,7,4,-4.298861980438232,0
5ab611cc5542992aa134a411,comparison,8,5,-4.427391052246094,0
5ab611cc5542992aa134a411,comparison,6,6,-4.589487075805664,0
5ab611cc5542992aa134a411,comparison,3,7,-4.66928768157959,0
5ab611cc5542992aa134a411,comparison,1,8,-4.825761318206787,0
5ab611cc5542992aa134a411,comparison,5,9,-4.992713451385498,0
5ae31ca155429928c4239608,bridge,5,0,3.9733338356018066,1
5ae31ca155429928c4239608,bridge,2,1,0.9362773895263672,0
5ae31ca155429928c4239608,bridge,3,2,0.8944268226623535,0
5ae31ca155429928c4239608,bridge,6,3,-0.31687790155410767,0
5ae31ca155429928c4239608,bridge,4,4,-0.34444355964660645,1
5ae31ca155429928c4239608,bridge,0,5,-1.8186779022216797,0
5ae31ca155429928c4239608,bridge,9,6,-2.150886058807373,0
5ae31ca155429928c4239608,bridge,7,7,-3.15189266204834,0
5ae31ca155429928c4239608,bridge,8,8,-4.577071666717529,0
5ae31ca155429928c4239608,bridge,1,9,-10.53520679473877,0
5ae0a59a55429945ae9593e2,bridge,6,0,2.716921091079712,0
5ae0a59a55429945ae9593e2,bridge,8,1,2.0355889797210693,1
5ae0a59a55429945ae9593e2,bridge,5,2,1.0894114971160889,1
5ae0a59a55429945ae9593e2,bridge,0,3,0.12334311008453369,0
5ae0a59a55429945ae9593e2,bridge,1,4,-2.960247039794922,0
5ae0a59a55429945ae9593e2,bridge,2,5,-3.2668983936309814,0
5ae0a59a55429945ae9593e2,bridge,4,6,-4.693307876586914,0
5ae0a59a55429945ae9593e2,bridge,3,7,-5.169183254241943,0
5ae0a59a55429945ae9593e2,bridge,7,8,-5.949804306030273,0
5ae0a59a55429945ae9593e2,bridge,9,9,-8.946043968200684,0
5a77e96c5542995d8318132d,bridge,6,0,7.857892036437988,1
5a77e96c5542995d8318132d,bridge,3,1,7.02929162979126,0
5a77e96c5542995d8318132d,bridge,5,2,6.946934700012207,0
5a77e96c5542995d8318132d,bridge,9,3,5.5773797035217285,0
5a77e96c5542995d8318132d,bridge,7,4,2.465519905090332,0
5a77e96c5542995d8318132d,bridge,0,5,0.6207314133644104,1
5a77e96c5542995d8318132d,bridge,1,6,-2.9199461936950684,0
5a77e96c5542995d8318132d,bridge,2,7,-3.2998335361480713,0
5a77e96c5542995d8318132d,bridge,4,8,-3.5843443870544434,0
5a77e96c5542995d8318132d,bridge,8,9,-5.642124652862549,0
5ab9405c554299743d22ea7c,bridge,0,0,8.233746528625488,1
5ab9405c554299743d22ea7c,bridge,2,1,4.032772064208984,0
5ab9405c554299743d22ea7c,bridge,7,2,1.8657677173614502,0
5ab9405c554299743d22ea7c,bridge,4,3,1.3801988363265991,0
5ab9405c554299743d22ea7c,bridge,6,4,0.9777806401252747,0
5ab9405c554299743d22ea7c,bridge,9,5,0.8955520391464233,0
5ab9405c554299743d22ea7c,bridge,5,6,0.4802864193916321,0
5ab9405c554299743d22ea7c,bridge,8,7,0.24220086634159088,0
5ab9405c554299743d22ea7c,bridge,1,8,-0.5124772787094116,0
5ab9405c554299743d22ea7c,bridge,3,9,-2.5242795944213867,1
5ab7a86d5542995dae37e986,bridge,6,0,7.421226978302002,1
5ab7a86d5542995dae37e986,bridge,9,1,2.2686450481414795,0
5ab7a86d5542995dae37e986,bridge,5,2,1.6840143203735352,0
5ab7a86d5542995dae37e986,bridge,7,3,1.1630712747573853,0
5ab7a86d5542995dae37e986,bridge,3,4,-0.6870314478874207,0
5ab7a86d5542995dae37e986,bridge,2,5,-0.8796784281730652,0
5ab7a86d5542995dae37e986,bridge,4,6,-1.3356926441192627,0
5ab7a86d5542995dae37e986,bridge,0,7,-2.766655683517456,0
5ab7a86d5542995dae37e986,bridge,8,8,-3.0146868228912354,1
5ab7a86d5542995dae37e986,bridge,1,9,-5.772998332977295,0
5ac3ae885542995ef918c1e7,bridge,9,0,4.68043327331543,1
5ac3ae885542995ef918c1e7,bridge,3,1,-4.969213008880615,1
5ac3ae885542995ef918c1e7,bridge,6,2,-6.558798313140869,0
5ac3ae885542995ef918c1e7,bridge,5,3,-8.57654857635498,0
5ac3ae885542995ef918c1e7,bridge,7,4,-8.864160537719727,0
5ac3ae885542995ef918c1e7,bridge,1,5,-8.881217956542969,0
5ac3ae885542995ef918c1e7,bridge,8,6,-9.218449592590332,0
5ac3ae885542995ef918c1e7,bridge,4,7,-10.261661529541016,0
5ac3ae885542995ef918c1e7,bridge,0,8,-10.413325309753418,0
5ac3ae885542995ef918c1e7,bridge,2,9,-10.715648651123047,0
5a80b9ae5542992bc0c4a7eb,bridge,1,0,3.9460630416870117,1
5a80b9ae5542992bc0c4a7eb,bridge,6,1,-0.1895938515663147,0
5a80b9ae5542992bc0c4a7eb,bridge,2,2,-2.571737051010132,0
5a80b9ae5542992bc0c4a7eb,bridge,9,3,-3.0412185192108154,0
5a80b9ae5542992bc0c4a7eb,bridge,4,4,-3.2661476135253906,1
5a80b9ae5542992bc0c4a7eb,bridge,5,5,-4.577667236328125,0
5a80b9ae5542992bc0c4a7eb,bridge,0,6,-4.614316463470459,0
5a80b9ae5542992bc0c4a7eb,bridge,8,7,-7.128878116607666,0
5a80b9ae5542992bc0c4a7eb,bridge,3,8,-8.007554054260254,0
5a80b9ae5542992bc0c4a7eb,bridge,7,9,-9.24973201751709,0
5ab32256554299233954ff22,bridge,1,0,6.43272590637207,1
5ab32256554299233954ff22,bridge,7,1,1.0370151996612549,1
5ab32256554299233954ff22,bridge,5,2,-3.5677120685577393,0
5ab32256554299233954ff22,bridge,4,3,-5.412935733795166,0
5ab32256554299233954ff22,bridge,9,4,-7.977710723876953,0
5ab32256554299233954ff22,bridge,0,5,-8.229737281799316,0
5ab32256554299233954ff22,bridge,6,6,-9.246142387390137,0
5ab32256554299233954ff22,bridge,2,7,-9.499403953552246,0
5ab32256554299233954ff22,bridge,8,8,-9.588600158691406,0
5ab32256554299233954ff22,bridge,3,9,-10.170814514160156,0
5adf80605542995534e8c7d2,bridge,6,0,3.4572811126708984,1
5adf80605542995534e8c7d2,bridge,3,1,0.10431469976902008,0
5adf80605542995534e8c7d2,bridge,9,2,-1.4019010066986084,0
5adf80605542995534e8c7d2,bridge,0,3,-1.7787954807281494,0
5adf80605542995534e8c7d2,bridge,2,4,-1.9479173421859741,0
5adf80605542995534e8c7d2,bridge,7,5,-2.196826457977295,0
5adf80605542995534e8c7d2,bridge,8,6,-2.5360708236694336,0
5adf80605542995534e8c7d2,bridge,4,7,-3.5486903190612793,0
5adf80605542995534e8c7d2,bridge,5,8,-4.31373929977417,0
5adf80605542995534e8c7d2,bridge,1,9,-5.04123067855835,1
5ae7620f5542997ec2727627,bridge,6,0,6.702861309051514,1
5ae7620f5542997ec2727627,bridge,5,1,5.307829856872559,0
5ae7620f5542997ec2727627,bridge,9,2,4.104767322540283,0
5ae7620f5542997ec2727627,bridge,3,3,2.5145514011383057,1
5ae7620f5542997ec2727627,bridge,1,4,0.7837862372398376,0
5ae7620f5542997ec2727627,bridge,0,5,0.7550373077392578,0
5ae7620f5542997ec2727627,bridge,8,6,-0.7476062774658203,0
5ae7620f5542997ec2727627,bridge,4,7,-2.9798901081085205,0
5ae7620f5542997ec2727627,bridge,7,8,-3.6457769870758057,0
5ae7620f5542997ec2727627,bridge,2,9,-8.293902397155762,0
5adeda67554299728e26c7db,comparison,2,0,6.417588710784912,1
5adeda67554299728e26c7db,comparison,0,1,1.5675182342529297,0
5adeda67554299728e26c7db,comparison,4,2,1.5332239866256714,0
5adeda67554299728e26c7db,comparison,8,3,0.02968309447169304,1
5adeda67554299728e26c7db,comparison,9,4,-0.9870247840881348,0
5adeda67554299728e26c7db,comparison,6,5,-3.0661683082580566,0
5adeda67554299728e26c7db,comparison,1,6,-4.410222053527832,0
5adeda67554299728e26c7db,comparison,5,7,-4.71119499206543,0
5adeda67554299728e26c7db,comparison,7,8,-5.002536296844482,0
5adeda67554299728e26c7db,comparison,3,9,-8.096494674682617,0
5a8a1a975542992e4fca8505,bridge,7,0,6.617212772369385,1
5a8a1a975542992e4fca8505,bridge,4,1,5.835686683654785,0
5a8a1a975542992e4fca8505,bridge,5,2,5.024374485015869,0
5a8a1a975542992e4fca8505,bridge,6,3,3.611471176147461,0
5a8a1a975542992e4fca8505,bridge,0,4,-1.5480659008026123,0
5a8a1a975542992e4fca8505,bridge,9,5,-2.1403768062591553,1
5a8a1a975542992e4fca8505,bridge,8,6,-3.198007583618164,0
5a8a1a975542992e4fca8505,bridge,3,7,-3.9001858234405518,0
5a8a1a975542992e4fca8505,bridge,1,8,-4.119082927703857,0
5a8a1a975542992e4fca8505,bridge,2,9,-5.413206100463867,0
5ab29b07554299194fa93440,bridge,6,0,1.7909678220748901,0
5ab29b07554299194fa93440,bridge,7,1,1.5195258855819702,0
5ab29b07554299194fa93440,bridge,0,2,-1.3228622674942017,1
5ab29b07554299194fa93440,bridge,5,3,-1.7277661561965942,0
5ab29b07554299194fa93440,bridge,8,4,-4.126965522766113,1
5ab29b07554299194fa93440,bridge,4,5,-4.243933200836182,0
5ab29b07554299194fa93440,bridge,3,6,-5.426467418670654,0
5ab29b07554299194fa93440,bridge,1,7,-6.149001121520996,0
5ab29b07554299194fa93440,bridge,9,8,-7.280003547668457,0
5ab29b07554299194fa93440,bridge,2,9,-8.190081596374512,0
5ae7e8b855429952e35ea9dd,bridge,6,0,6.888309955596924,1
5ae7e8b855429952e35ea9dd,bridge,9,1,6.777413845062256,0
5ae7e8b855429952e35ea9dd,bridge,2,2,4.7941203117370605,0
5ae7e8b855429952e35ea9dd,bridge,8,3,3.980564832687378,0
5ae7e8b855429952e35ea9dd,bridge,4,4,3.1724483966827393,0
5ae7e8b855429952e35ea9dd,bridge,5,5,3.108339548110962,0
5ae7e8b855429952e35ea9dd,bridge,1,6,2.9019062519073486,0
5ae7e8b855429952e35ea9dd,bridge,7,7,2.824683666229248,0
5ae7e8b855429952e35ea9dd,bridge,0,8,1.8569742441177368,0
5ae7e8b855429952e35ea9dd,bridge,3,9,-0.5843974947929382,1
5a85441f5542997175ce1faa,bridge,4,0,4.914608001708984,1
5a85441f5542997175ce1faa,bridge,1,1,2.461416721343994,0
5a85441f5542997175ce1faa,bridge,5,2,-1.8336485624313354,0
5a85441f5542997175ce1faa,bridge,3,3,-3.000718593597412,0
5a85441f5542997175ce1faa,bridge,8,4,-3.9691879749298096,0
5a85441f5542997175ce1faa,bridge,6,5,-5.11234712600708,0
5a85441f5542997175ce1faa,bridge,7,6,-6.671722888946533,0
5a85441f5542997175ce1faa,bridge,0,7,-8.476820945739746,0
5a85441f5542997175ce1faa,bridge,9,8,-9.219736099243164,1
5a85441f5542997175ce1faa,bridge,2,9,-10.285409927368164,0
5ade1ddf55429939a52fe827,bridge,1,0,6.185404300689697,1
5ade1ddf55429939a52fe827,bridge,8,1,-1.988471508026123,0
5ade1ddf55429939a52fe827,bridge,0,2,-2.885970115661621,0
5ade1ddf55429939a52fe827,bridge,9,3,-3.529163360595703,0
5ade1ddf55429939a52fe827,bridge,2,4,-3.9344229698181152,0
5ade1ddf55429939a52fe827,bridge,3,5,-4.472838401794434,0
5ade1ddf55429939a52fe827,bridge,7,6,-5.902482032775879,0
5ade1ddf55429939a52fe827,bridge,4,7,-6.217706203460693,1
5ade1ddf55429939a52fe827,bridge,5,8,-6.373834609985352,0
5ade1ddf55429939a52fe827,bridge,6,9,-9.244298934936523,0
5a78eb8155429970f5fffdd2,bridge,2,0,5.923368453979492,1
5a78eb8155429970f5fffdd2,bridge,4,1,0.9850003719329834,0
5a78eb8155429970f5fffdd2,bridge,0,2,0.9342436194419861,0
5a78eb8155429970f5fffdd2,bridge,8,3,-0.27670812606811523,1
5a78eb8155429970f5fffdd2,bridge,7,4,-1.0868524312973022,0
5a78eb8155429970f5fffdd2,bridge,1,5,-7.015320777893066,0
5a78eb8155429970f5fffdd2,bridge,3,6,-7.884509563446045,0
5a78eb8155429970f5fffdd2,bridge,6,7,-8.416104316711426,0
5a78eb8155429970f5fffdd2,bridge,9,8,-8.535331726074219,0
5a78eb8155429970f5fffdd2,bridge,5,9,-9.966394424438477,0
5ae2c509554299492dc91c68,bridge,7,0,1.602777361869812,0
5ae2c509554299492dc91c68,bridge,8,1,1.5610110759735107,0
5ae2c509554299492dc91c68,bridge,9,2,1.0197181701660156,1
5ae2c509554299492dc91c68,bridge,6,3,-0.5601426362991333,0
5ae2c509554299492dc91c68,bridge,1,4,-9.759049415588379,0
5ae2c509554299492dc91c68,bridge,3,5,-10.553418159484863,0
5ae2c509554299492dc91c68,bridge,0,6,-10.565299034118652,0
5ae2c509554299492dc91c68,bridge,2,7,-10.59764289855957,0
5ae2c509554299492dc91c68,bridge,4,8,-10.615633010864258,1
5ae2c509554299492dc91c68,bridge,5,9,-10.761041641235352,0
5adf6b405542992d7e9f9341,bridge,9,0,5.511292457580566,1
5adf6b405542992d7e9f9341,bridge,4,1,1.166096806526184,0
5adf6b405542992d7e9f9341,bridge,1,2,0.11265234649181366,0
5adf6b405542992d7e9f9341,bridge,6,3,-3.4164178371429443,1
5adf6b405542992d7e9f9341,bridge,0,4,-5.614631652832031,0
5adf6b405542992d7e9f9341,bridge,2,5,-5.992037773132324,0
5adf6b405542992d7e9f9341,bridge,8,6,-6.131626129150391,0
5adf6b405542992d7e9f9341,bridge,7,7,-7.598116874694824,0
5adf6b405542992d7e9f9341,bridge,5,8,-8.500350952148438,0
5adf6b405542992d7e9f9341,bridge,3,9,-9.858576774597168,0
5adbfbd555429947ff173893,bridge,2,0,7.376508712768555,1
5adbfbd555429947ff173893,bridge,0,1,3.5649027824401855,0
5adbfbd555429947ff173893,bridge,9,2,2.6230101585388184,0
5adbfbd555429947ff173893,bridge,4,3,0.3992038667201996,0
5adbfbd555429947ff173893,bridge,5,4,-0.5858538746833801,0
5adbfbd555429947ff173893,bridge,3,5,-0.869317352771759,0
5adbfbd555429947ff173893,bridge,6,6,-3.2507524490356445,1
5adbfbd555429947ff173893,bridge,8,7,-5.983126640319824,0
5adbfbd555429947ff173893,bridge,1,8,-7.5170369148254395,0
5adbfbd555429947ff173893,bridge,7,9,-7.71981143951416,0
5abc089b5542993f40c73c57,bridge,5,0,6.952837944030762,1
5abc089b5542993f40c73c57,bridge,1,1,1.6858000755310059,0
5abc089b5542993f40c73c57,bridge,9,2,0.9798383712768555,1
5abc089b5542993f40c73c57,bridge,8,3,-0.46978384256362915,0
5abc089b5542993f40c73c57,bridge,7,4,-3.2128348350524902,0
5abc089b5542993f40c73c57,bridge,3,5,-4.054621696472168,0
5abc089b5542993f40c73c57,bridge,4,6,-5.495785713195801,0
5abc089b5542993f40c73c57,bridge,6,7,-5.698472023010254,0
5abc089b5542993f40c73c57,bridge,0,8,-7.03076171875,0
5abc089b5542993f40c73c57,bridge,2,9,-7.151097774505615,0
5a77ad2f55429967ab105225,bridge,7,0,6.35107421875,1
5a77ad2f55429967ab105225,bridge,9,1,2.9227421283721924,1
5a77ad2f55429967ab105225,bridge,8,2,-4.319861888885498,0
5a77ad2f55429967ab105225,bridge,0,3,-4.859368801116943,0
5a77ad2f55429967ab105225,bridge,3,4,-6.760989189147949,0
5a77ad2f55429967ab105225,bridge,2,5,-7.095834255218506,0
5a77ad2f55429967ab105225,bridge,1,6,-8.7073335647583,0
5a77ad2f55429967ab105225,bridge,6,7,-9.498836517333984,0
5a77ad2f55429967ab105225,bridge,5,8,-9.903936386108398,0
5a77ad2f55429967ab105225,bridge,4,9,-11.085017204284668,0
5a8841a35542994846c1ce69,bridge,0,0,3.6493661403656006,1
5a8841a35542994846c1ce69,bridge,7,1,1.9644901752471924,0
5a8841a35542994846c1ce69,bridge,2,2,1.9180681705474854,0
5a8841a35542994846c1ce69,bridge,8,3,1.4783812761306763,0
5a8841a35542994846c1ce69,bridge,6,4,1.4680801630020142,0
5a8841a35542994846c1ce69,bridge,4,5,1.1910631656646729,0
5a8841a35542994846c1ce69,bridge,5,6,0.06656983494758606,0
5a8841a35542994846c1ce69,bridge,3,7,-0.2560523748397827,1
5a8841a35542994846c1ce69,bridge,1,8,-1.4078447818756104,0
5a8841a35542994846c1ce69,bridge,9,9,-3.6309239864349365,0
5ae5aba0554299546bf82f17,bridge,2,0,8.185972213745117,1
5ae5aba0554299546bf82f17,bridge,8,1,8.07381820678711,0
5ae5aba0554299546bf82f17,bridge,5,2,7.596374034881592,0
5ae5aba0554299546bf82f17,bridge,9,3,7.174343585968018,0
5ae5aba0554299546bf82f17,bridge,1,4,6.678597450256348,0
5ae5aba0554299546bf82f17,bridge,0,5,3.2143256664276123,0
5ae5aba0554299546bf82f17,bridge,4,6,2.32716965675354,1
5ae5aba0554299546bf82f17,bridge,7,7,0.9980043768882751,0
5ae5aba0554299546bf82f17,bridge,6,8,0.9271048307418823,0
5ae5aba0554299546bf82f17,bridge,3,9,-2.4219255447387695,0
5ae10df355429920d52342ac,bridge,2,0,4.335168838500977,1
5ae10df355429920d52342ac,bridge,9,1,-0.1382341831922531,0
5ae10df355429920d52342ac,bridge,6,2,-0.3334026038646698,0
5ae10df355429920d52342ac,bridge,3,3,-0.6644876003265381,0
5ae10df355429920d52342ac,bridge,5,4,-1.2253351211547852,0
5ae10df355429920d52342ac,bridge,0,5,-2.651149034500122,0
5ae10df355429920d52342ac,bridge,1,6,-2.6960713863372803,0
5ae10df355429920d52342ac,bridge,8,7,-2.980424404144287,0
5ae10df355429920d52342ac,bridge,7,8,-3.0470504760742188,0
5ae10df355429920d52342ac,bridge,4,9,-3.989535331726074,1
5ae46b615542995dadf24327,comparison,4,0,1.8184809684753418,1
5ae46b615542995dadf24327,comparison,5,1,1.3853614330291748,1
5ae46b615542995dadf24327,comparison,3,2,0.18972527980804443,0
5ae46b615542995dadf24327,comparison,9,3,-3.626225709915161,0
5ae46b615542995dadf24327,comparison,6,4,-4.379471302032471,0
5ae46b615542995dadf24327,comparison,0,5,-4.565629005432129,0
5ae46b615542995dadf24327,comparison,2,6,-4.9097795486450195,0
5ae46b615542995dadf24327,comparison,8,7,-5.103374481201172,0
5ae46b615542995dadf24327,comparison,1,8,-5.187691688537598,0
5ae46b615542995dadf24327,comparison,7,9,-5.5072021484375,0
5a750d315542996c70cfae84,bridge,6,0,2.5406017303466797,1
5a750d315542996c70cfae84,bridge,5,1,0.7262610197067261,1
5a750d315542996c70cfae84,bridge,9,2,-2.5365960597991943,0
5a750d315542996c70cfae84,bridge,7,3,-5.109720706939697,0
5a750d315542996c70cfae84,bridge,1,4,-5.206725597381592,0
5a750d315542996c70cfae84,bridge,0,5,-7.412328243255615,0
5a750d315542996c70cfae84,bridge,3,6,-7.697399139404297,0
5a750d315542996c70cfae84,bridge,2,7,-8.708772659301758,0
5a750d315542996c70cfae84,bridge,4,8,-9.506814956665039,0
5a750d315542996c70cfae84,bridge,8,9,-9.669999122619629,0
5a8a575a554299515336136e,bridge,6,0,5.888020992279053,1
5a8a575a554299515336136e,bridge,1,1,-5.303370475769043,1
5a8a575a554299515336136e,bridge,9,2,-6.067544460296631,0
5a8a575a554299515336136e,bridge,8,3,-6.527993679046631,0
5a8a575a554299515336136e,bridge,0,4,-7.135356903076172,0
5a8a575a554299515336136e,bridge,2,5,-7.290818214416504,0
5a8a575a554299515336136e,bridge,5,6,-7.401232719421387,0
5a8a575a554299515336136e,bridge,4,7,-7.449804306030273,0
5a8a575a554299515336136e,bridge,3,8,-7.922922134399414,0
5a8a575a554299515336136e,bridge,7,9,-9.072596549987793,0
5a733c925542991f9a20c6b7,comparison,4,0,0.10346876829862595,0
5a733c925542991f9a20c6b7,comparison,0,1,-0.9971742630004883,1
5a733c925542991f9a20c6b7,comparison,2,2,-1.7069528102874756,1
5a733c925542991f9a20c6b7,comparison,3,3,-2.2280049324035645,0
5a733c925542991f9a20c6b7,comparison,5,4,-2.378390312194824,0
5a733c925542991f9a20c6b7,comparison,8,5,-2.652043342590332,0
5a733c925542991f9a20c6b7,comparison,1,6,-4.1382317543029785,0
5a733c925542991f9a20c6b7,comparison,6,7,-4.785421848297119,0
5a733c925542991f9a20c6b7,comparison,7,8,-5.510905742645264,0
5a733c925542991f9a20c6b7,comparison,9,9,-8.57522964477539,0
5ab29842554299194fa93420,bridge,1,0,4.672394752502441,1
5ab29842554299194fa93420,bridge,5,1,0.9474650025367737,0
5ab29842554299194fa93420,bridge,8,2,-2.5651025772094727,0
5ab29842554299194fa93420,bridge,9,3,-3.038728952407837,0
5ab29842554299194fa93420,bridge,7,4,-4.818209648132324,0
5ab29842554299194fa93420,bridge,4,5,-5.98052978515625,0
5ab29842554299194fa93420,bridge,3,6,-6.801847457885742,1
5ab29842554299194fa93420,bridge,0,7,-7.787377834320068,0
5ab29842554299194fa93420,bridge,2,8,-9.103116989135742,0
5ab29842554299194fa93420,bridge,6,9,-9.864020347595215,0
5a714b645542994082a3e78b,bridge,8,0,4.91733980178833,1
5a714b645542994082a3e78b,bridge,3,1,1.8790370225906372,1
5a714b645542994082a3e78b,bridge,1,2,0.572620153427124,0
5a714b645542994082a3e78b,bridge,2,3,-1.6319588422775269,0
5a714b645542994082a3e78b,bridge,5,4,-2.270786762237549,0
5a714b645542994082a3e78b,bridge,0,5,-3.537763833999634,0
5a714b645542994082a3e78b,bridge,6,6,-5.070561408996582,0
5a714b645542994082a3e78b,bridge,7,7,-5.331665992736816,0
5a714b645542994082a3e78b,bridge,4,8,-5.858492851257324,0
5a714b645542994082a3e78b,bridge,9,9,-6.0004143714904785,0
5a78bd515542990784727749,bridge,7,0,7.037605285644531,1
5a78bd515542990784727749,bridge,8,1,-1.3591899871826172,0
5a78bd515542990784727749,bridge,0,2,-1.440048336982727,0
5a78bd515542990784727749,bridge,2,3,-2.233447551727295,0
5a78bd515542990784727749,bridge,3,4,-6.173614025115967,0
5a78bd515542990784727749,bridge,6,5,-6.352458953857422,1
5a78bd515542990784727749,bridge,1,6,-7.408496856689453,0
5a78bd515542990784727749,bridge,4,7,-7.758050441741943,0
5a78bd515542990784727749,bridge,5,8,-9.412602424621582,0
5a78bd515542990784727749,bridge,9,9,-10.216791152954102,0
5a8750945542996432c57264,bridge,7,0,3.4365663528442383,1
5a8750945542996432c57264,bridge,4,1,0.11942849308252335,0
5a8750945542996432c57264,bridge,9,2,-2.0779874324798584,0
5a8750945542996432c57264,bridge,1,3,-2.542757511138916,0
5a8750945542996432c57264,bridge,8,4,-6.490283966064453,1
5a8750945542996432c57264,bridge,5,5,-6.727324962615967,0
5a8750945542996432c57264,bridge,2,6,-8.53554630279541,0
5a8750945542996432c57264,bridge,3,7,-8.972071647644043,0
5a8750945542996432c57264,bridge,6,8,-10.62686824798584,0
5a8750945542996432c57264,bridge,0,9,-11.180264472961426,0
5a8ba0855542995d1e6f1427,bridge,7,0,6.376177787780762,0
5a8ba0855542995d1e6f1427,bridge,2,1,6.011936664581299,0
5a8ba0855542995d1e6f1427,bridge,0,2,5.445478916168213,1
5a8ba0855542995d1e6f1427,bridge,3,3,4.110209941864014,0
5a8ba0855542995d1e6f1427,bridge,6,4,3.42490553855896,0
5a8ba0855542995d1e6f1427,bridge,8,5,2.539881944656372,0
5a8ba0855542995d1e6f1427,bridge,1,6,0.5082339644432068,1
5a8ba0855542995d1e6f1427,bridge,9,7,0.23695331811904907,0
5a8ba0855542995d1e6f1427,bridge,4,8,0.10856214910745621,0
5a8ba0855542995d1e6f1427,bridge,5,9,-1.6561436653137207,0
5ae72fc5554299572ea54770,bridge,4,0,9.36703109741211,1
5ae72fc5554299572ea54770,bridge,3,1,7.587294578552246,0
5ae72fc5554299572ea54770,bridge,1,2,5.2717695236206055,0
5ae72fc5554299572ea54770,bridge,0,3,3.8851237297058105,1
5ae72fc5554299572ea54770,bridge,5,4,1.3163301944732666,0
5ae72fc5554299572ea54770,bridge,8,5,-1.9866328239440918,0
5ae72fc5554299572ea54770,bridge,6,6,-2.8194196224212646,0
5ae72fc5554299572ea54770,bridge,7,7,-3.207338809967041,0
5ae72fc5554299572ea54770,bridge,2,8,-3.3285140991210938,0
5ae72fc5554299572ea54770,bridge,9,9,-3.70912504196167,0
5adf65555542992d7e9f9334,bridge,4,0,4.28255558013916,1
5adf65555542992d7e9f9334,bridge,8,1,1.2827256917953491,1
5adf65555542992d7e9f9334,bridge,5,2,-2.909749746322632,0
5adf65555542992d7e9f9334,bridge,1,3,-3.570293664932251,0
5adf65555542992d7e9f9334,bridge,7,4,-3.571192741394043,0
5adf65555542992d7e9f9334,bridge,2,5,-5.048696994781494,0
5adf65555542992d7e9f9334,bridge,6,6,-5.210059642791748,0
5adf65555542992d7e9f9334,bridge,3,7,-5.528807163238525,0
5adf65555542992d7e9f9334,bridge,9,8,-8.400062561035156,0
5adf65555542992d7e9f9334,bridge,0,9,-10.387256622314453,0
5ae3c0cc5542992f92d82369,bridge,5,0,10.13881778717041,1
5ae3c0cc5542992f92d82369,bridge,1,1,4.5991315841674805,0
5ae3c0cc5542992f92d82369,bridge,4,2,4.576054096221924,0
5ae3c0cc5542992f92d82369,bridge,2,3,2.8766119480133057,0
5ae3c0cc5542992f92d82369,bridge,9,4,2.3956332206726074,0
5ae3c0cc5542992f92d82369,bridge,7,5,2.1207549571990967,0
5ae3c0cc5542992f92d82369,bridge,6,6,1.3230679035186768,0
5ae3c0cc5542992f92d82369,bridge,3,7,-3.137167453765869,1
5ae3c0cc5542992f92d82369,bridge,0,8,-3.3999180793762207,0
5ae3c0cc5542992f92d82369,bridge,8,9,-5.865262031555176,0
5ac458f8554299204fd21f2a,bridge,0,0,4.2436652183532715,1
5ac458f8554299204fd21f2a,bridge,8,1,0.6893506646156311,0
5ac458f8554299204fd21f2a,bridge,6,2,0.29868972301483154,1
5ac458f8554299204fd21f2a,bridge,3,3,-3.2512810230255127,0
5ac458f8554299204fd21f2a,bridge,4,4,-3.8479342460632324,0
5ac458f8554299204fd21f2a,bridge,2,5,-6.964062690734863,0
5ac458f8554299204fd21f2a,bridge,5,6,-7.164716720581055,0
5ac458f8554299204fd21f2a,bridge,7,7,-7.415441513061523,0
5ac458f8554299204fd21f2a,bridge,1,8,-8.288175582885742,0
5ac458f8554299204fd21f2a,bridge,9,9,-10.03510856628418,0
